Symbol,Company Name,Market Cap,Div. ($),Div. Yield,Payout Ratio,Div. Growth,Payout Freq.,Div. Gr. Years,Div. Years,Div. Growth 3Y,Div. Growth 5Y
NVDA,NVIDIA Corporation,5.53T,1.00,0.44%,6.58%,"1,200.00%",Quarterly,2,15,219.13%,100.62%
AAPL,Apple Inc.,4.94T,1.08,0.32%,12.39%,3.92%,Quarterly,14,15,4.09%,4.51%
GOOG,Alphabet Inc.,4.19T,0.88,0.26%,4.42%,4.88%,Quarterly,1,3,-,-
GOOGL,Alphabet Inc.,4.19T,0.88,0.26%,4.42%,4.88%,Quarterly,1,3,-,-
MSFT,Microsoft Corporation,3.78T,3.92,0.77%,21.84%,9.12%,Quarterly,20,24,9.97%,10.03%
AMZN,"Amazon.com, Inc.",2.66T,-,-,-,-,-,-,-,-,-
TSM,Taiwan Semiconductor Manufacturing Company Limited,2.02T,3.22,0.71%,23.94%,32.38%,Quarterly,3,23,30.40%,16.68%
SPCX,Space Exploration Technologies Corp.,1.98T,-,-,-,-,-,-,-,-,-
META,"Meta Platforms, Inc.",1.82T,2.10,0.29%,7.91%,1.20%,Quarterly,1,3,-,-
AVGO,Broadcom Inc.,1.67T,2.60,0.74%,33.19%,10.17%,Quarterly,15,17,12.22%,12.54%
TSLA,"Tesla, Inc.",1.41T,-,-,-,-,-,-,-,-,-
MU,"Micron Technology, Inc.",1.19T,0.60,0.06%,1.20%,15.22%,Quarterly,-,6,4.83%,39.59%
BRK.B,Berkshire Hathaway Inc.,1.08T,-,-,-,-,-,-,-,-,-
BRK.A,Berkshire Hathaway Inc.,1.08T,-,-,-,-,-,-,-,-,-
LLY,Eli Lilly and Company,1.06T,6.92,0.58%,22.46%,15.34%,Quarterly,11,56,15.25%,15.25%
AMD,"Advanced Micro Devices, Inc.",992.48B,0,-,-,-,-,-,-,-,-
SKHY,SK hynix Inc.,946.96B,-,-,-,-,-,-,-,-,-
JPM,JPMorgan Chase & Co.,895.52B,6.60,1.96%,26.39%,10.81%,Quarterly,15,56,14.94%,10.70%
WMT,Walmart Inc.,862.40B,0.99,0.91%,35.87%,5.32%,Quarterly,53,54,9.21%,6.19%
V,Visa Inc.,675.42B,2.68,0.73%,22.81%,13.56%,Quarterly,17,19,14.19%,15.93%
ASML,ASML Holding N.V.,671.16B,7.72,0.44%,24.57%,26.96%,Quarterly,2,20,13.17%,22.69%
XOM,ExxonMobil Holdings Corporation,668.10B,4.12,2.54%,53.12%,4.04%,Quarterly,45,56,4.22%,3.43%
JNJ,Johnson & Johnson,656.00B,5.36,1.97%,62.13%,3.94%,Quarterly,64,64,4.40%,4.98%
INTC,Intel Corporation,610.52B,0,-,-,-,-,-,-,-28.58%,-16.68%
MA,Mastercard Incorporated,498.49B,3.48,0.61%,19.14%,14.63%,Quarterly,14,21,15.28%,14.40%
ABBV,AbbVie Inc.,470.57B,6.92,2.60%,195.50%,5.49%,Quarterly,54,54,5.34%,5.88%
PLTR,Palantir Technologies Inc.,450.72B,-,-,-,-,-,-,-,-,-
CSCO,"Cisco Systems, Inc.",420.99B,1.68,1.57%,50.45%,2.45%,Quarterly,14,16,2.52%,2.58%
COST,Costco Wholesale Corporation,409.05B,5.88,0.64%,28.32%,12.60%,Quarterly,21,23,13.00%,13.20%
CVX,Chevron Corporation,404.80B,7.12,3.45%,68.38%,4.29%,Quarterly,39,56,5.82%,6.03%
ORCL,Oracle Corporation,402.30B,2.00,1.51%,31.36%,5.26%,Quarterly,12,18,9.58%,10.76%
BAC.PRO,Bank of America Corporation,396.49B,1.09,6.76%,83.38%,-,Quarterly,-,6,-,-0.22%
LRCX,Lam Research Corporation,393.46B,1.32,0.42%,19.27%,16.84%,Quarterly,11,13,15.66%,15.50%
BAC,Bank of America Corporation,387.61B,1.28,2.31%,29.57%,9.43%,Quarterly,12,56,8.83%,9.11%
AMAT,"Applied Materials, Inc.",386.77B,2.12,0.44%,17.68%,15.17%,Quarterly,8,22,18.89%,16.88%
CAT,Caterpillar Inc.,376.72B,6.52,0.80%,28.10%,7.32%,Quarterly,33,56,7.93%,7.96%
KO,The Coca-Cola Company,375.33B,2.12,2.43%,63.71%,4.22%,Quarterly,64,64,4.89%,4.69%
MRK,"Merck & Co., Inc.",366.99B,3.40,2.29%,267.12%,4.94%,Quarterly,15,56,5.20%,5.51%
PG,The Procter & Gamble Company,346.05B,4.36,2.92%,65.76%,3.97%,Quarterly,70,70,5.00%,5.26%
DELL,Dell Technologies Inc.,344.90B,2.52,0.46%,14.09%,19.55%,Quarterly,3,5,18.81%,-
HSBC,HSBC Holdings plc,342.71B,3.73,3.69%,60.01%,13.72%,Quarterly,5,36,20.44%,27.90%
UNH,UnitedHealth Group Incorporated,338.90B,9.28,2.46%,59.74%,5.10%,Quarterly,16,34,8.67%,10.90%
GE,GE Aerospace,329.94B,1.88,0.59%,20.85%,30.15%,Quarterly,2,56,76.85%,40.79%
PANW,"Palo Alto Networks, Inc.",320.35B,-,-,-,-,-,-,-,-,-
MS.PRE,Morgan Stanley,308.32B,1.81,7.11%,112.06%,-,Quarterly,-,14,0.46%,0.28%
MS.PRF,Morgan Stanley,308.32B,1.74,6.93%,109.25%,-,Quarterly,-,14,0.46%,0.28%
MS.PRI,Morgan Stanley,308.32B,1.62,6.86%,108.23%,-,Quarterly,2,13,0.46%,0.28%
MS,Morgan Stanley,304.16B,4.60,2.38%,37.17%,9.93%,Quarterly,12,34,9.34%,18.85%
ARM,Arm Holdings plc,303.05B,-,-,-,-,-,-,-,-,-
PM,Philip Morris International Inc.,301.78B,6.40,3.30%,92.09%,8.88%,Quarterly,17,19,5.56%,4.38%
HD,"The Home Depot, Inc.",289.14B,9.32,3.22%,65.21%,1.53%,Quarterly,16,40,4.38%,7.57%
NFLX,"Netflix, Inc.",288.25B,-,-,-,-,-,-,-,-,-
GS.PRD,"The Goldman Sachs Group, Inc.",283.22B,1.21,6.36%,90.08%,-12.95%,Quarterly,-,21,-2.86%,3.56%
RY,Royal Bank of Canada,279.69B,4.92,2.44%,43.49%,13.55%,Quarterly,10,54,7.39%,7.41%
NVS,Novartis AG,277.45B,3.08,2.10%,46.58%,18.68%,Annual,6,35,10.65%,8.18%
GS,"The Goldman Sachs Group, Inc.",277.29B,20.00,2.18%,27.85%,38.46%,Quarterly,14,28,20.65%,25.64%
SHEL,Shell plc,274.19B,3.02,3.13%,32.86%,6.57%,Quarterly,4,22,9.34%,18.95%
BABA,Alibaba Group Holding Limited,270.66B,1.05,0.96%,23.51%,-47.98%,Annual,2,4,-,-
MUFG,"Mitsubishi UFJ Financial Group, Inc.",266.14B,0.44,1.90%,41.14%,26.33%,Semi-Annual,3,11,34.41%,18.36%
CRWD,"CrowdStrike Holdings, Inc.",266.08B,-,-,-,-,-,-,-,-,-
ANET,"Arista Networks, Inc.",258.34B,-,-,-,-,-,-,-,-,-
AZN,AstraZeneca PLC,256.85B,3.23,1.95%,48.35%,3.19%,Semi-Annual,1,3,47.82%,2.90%
TXN,Texas Instruments Incorporated,254.53B,6.08,2.18%,92.36%,5.09%,Quarterly,22,56,4.81%,6.54%
RTX,RTX Corporation,252.68B,2.92,1.56%,51.41%,7.63%,Quarterly,4,56,7.34%,7.44%
GEV,GE Vernova Inc.,252.51B,2.00,0.21%,5.01%,-,Quarterly,1,3,-,-
SNDK,Sandisk Corporation,250.93B,-,-,-,-,-,-,-,-,-
TMO,Thermo Fisher Scientific Inc.,250.68B,1.88,0.28%,10.12%,9.52%,Quarterly,8,15,10.87%,12.97%
KLAC,KLA Corporation,247.00B,0.92,0.49%,22.95%,16.67%,Quarterly,16,22,17.33%,17.50%
SAP,SAP SE,244.55B,2.14,1.02%,27.99%,12.01%,Annual,3,31,9.77%,5.50%
WFC,Wells Fargo & Company,244.46B,2.00,2.48%,29.07%,12.12%,Quarterly,4,56,13.96%,29.91%
AMGN,Amgen Inc.,226.15B,10.08,2.41%,62.63%,5.86%,Quarterly,15,16,6.07%,7.64%
TM,Toyota Motor Corporation,224.20B,5.35,2.84%,24.89%,-0.86%,Semi-Annual,3,19,12.21%,6.13%
MRVL,"Marvell Technology, Inc.",221.09B,0.24,0.10%,8.06%,-,Quarterly,-,15,-,-
C,Citigroup Inc.,220.05B,2.68,2.04%,29.14%,8.33%,Quarterly,3,16,6.24%,3.90%
LIN,Linde plc,217.54B,6.40,1.36%,41.30%,6.96%,Quarterly,33,35,8.04%,8.74%
BHP,BHP Group Limited,213.47B,3.41,4.03%,88.47%,57.14%,Semi-Annual,-,48,0.39%,-10.75%
STX,Seagate Technology Holdings plc,209.63B,2.96,0.32%,21.29%,2.78%,Quarterly,2,16,1.87%,2.01%
APH,Amphenol Corporation,208.57B,0.50,0.59%,25.02%,51.52%,Quarterly,14,22,33.53%,28.09%
IBM,International Business Machines Corporation,208.01B,6.76,3.06%,59.99%,0.60%,Quarterly,30,56,0.60%,0.60%
AXP,American Express Company,206.60B,3.80,1.24%,21.49%,16.45%,Quarterly,4,56,16.48%,15.53%
SAN,"Banco Santander, S.A.",205.24B,0.20,1.41%,16.43%,18.98%,Semi-Annual,4,6,33.42%,47.18%
TTE,TotalEnergies SE,202.61B,4.03,4.46%,50.22%,35.37%,Quarterly,-,3,66.01%,-
QCOM,QUALCOMM Incorporated,200.35B,3.68,1.96%,42.82%,4.02%,Quarterly,22,24,5.30%,6.36%
TD,The Toronto-Dominion Bank,198.57B,3.16,2.64%,47.61%,5.81%,Quarterly,-,54,3.60%,4.75%
VZ,Verizon Communications Inc.,194.09B,2.83,6.06%,73.73%,3.31%,Quarterly,21,43,2.36%,2.20%
ADI,"Analog Devices, Inc.",191.87B,4.40,1.11%,52.25%,10.28%,Quarterly,22,24,8.70%,9.78%
GILD,"Gilead Sciences, Inc.",188.66B,3.28,2.15%,-,3.50%,Quarterly,10,12,2.93%,2.95%
CRM,"Salesforce, Inc.",186.92B,1.76,0.77%,16.31%,5.34%,Quarterly,1,3,-,-
DE,Deere & Company,185.80B,6.48,0.94%,36.03%,-,Quarterly,5,56,8.67%,12.41%
SHOP,Shopify Inc.,185.32B,-,-,-,-,-,-,-,-,-
DIS,The Walt Disney Company,182.27B,1.50,1.42%,31.01%,50.00%,Semi-Annual,2,4,71.00%,-3.15%
TMUS,"T-Mobile US, Inc.",178.58B,4.68,2.81%,49.07%,15.57%,Quarterly,2,4,-,-
PEP,"PepsiCo, Inc.",175.28B,5.92,4.61%,77.58%,4.50%,Quarterly,54,56,6.32%,6.71%
ABT,Abbott Laboratories,174.66B,2.52,2.50%,81.54%,6.78%,Quarterly,54,56,7.30%,6.96%
BLK,"BlackRock, Inc.",173.87B,22.92,2.14%,54.79%,8.06%,Quarterly,16,24,4.06%,6.93%
SCCO,Southern Copper Corporation,171.08B,4.35,2.14%,59.28%,43.18%,Quarterly,1,31,7.12%,9.77%
T,AT&T Inc.,170.66B,1.11,4.46%,36.70%,-,Quarterly,-,43,-,-11.80%
NVO,Novo Nordisk A/S,169.99B,1.28,3.31%,32.01%,4.13%,Semi-Annual,6,26,20.32%,19.54%
SCHW,The Charles Schwab Corporation,169.86B,1.28,1.30%,22.40%,16.04%,Quarterly,1,38,8.24%,11.30%
WELL,Welltower Inc.,167.86B,3.40,1.46%,154.11%,11.64%,Quarterly,2,51,7.96%,4.70%
ETN,Eaton Corporation plc,167.20B,4.40,1.02%,44.80%,6.90%,Quarterly,16,56,8.58%,7.59%
SMFG,"Sumitomo Mitsui Financial Group, Inc.",167.04B,0.47,1.78%,38.17%,20.63%,Semi-Annual,3,16,19.22%,10.43%
MCD,McDonald's Corporation,165.12B,7.72,3.31%,62.71%,4.74%,Quarterly,51,51,6.43%,7.42%
PFE,Pfizer Inc.,163.87B,1.72,5.98%,226.35%,0.58%,Quarterly,15,56,1.81%,2.10%
WDC,Western Digital Corporation,163.49B,0.60,0.13%,2.27%,175.00%,Quarterly,-,2,76.52%,-22.76%
UNP,Union Pacific Corporation,162.87B,5.68,2.07%,45.99%,2.96%,Quarterly,19,56,2.26%,6.39%
DHR,Danaher Corporation,159.93B,1.60,0.70%,26.98%,23.58%,Quarterly,8,34,12.77%,13.42%
RIO,Rio Tinto Group,159.92B,4.61,4.89%,62.45%,24.43%,Semi-Annual,-,53,4.76%,-13.70%
NEE.PRS,"NextEra Energy, Inc.",158.70B,3.65,7.48%,127.63%,-0.00%,Quarterly,1,3,-,-
NEE.PRT,"NextEra Energy, Inc.",158.70B,3.62,7.95%,135.67%,-,Quarterly,-,2,-,-
BBVA,"Banco Bilbao Vizcaya Argentaria, S.A.",158.15B,0.87,3.01%,40.17%,38.44%,Semi-Annual,5,38,33.06%,64.82%
NEE,"NextEra Energy, Inc.",157.60B,2.49,3.30%,56.02%,10.01%,Quarterly,30,56,10.06%,10.11%
BUD,Anheuser-Busch InBev SA/NV,151.45B,0.83,1.07%,17.83%,-2.26%,Semi-Annual,3,17,10.68%,13.29%
COP,ConocoPhillips,151.24B,3.36,2.67%,44.64%,7.69%,Quarterly,1,56,-5.17%,14.33%
UBS,UBS Group AG,149.14B,0.55,1.13%,18.74%,-25.93%,Annual,4,12,8.78%,-1.93%
ISRG,"Intuitive Surgical, Inc.",146.58B,-,-,-,-,-,-,-,-,-
BA,The Boeing Company,145.93B,0,-,-,-,-,-,-,20.57%,21.54%
TJX,"The TJX Companies, Inc.",143.29B,1.92,1.47%,35.54%,13.03%,Quarterly,5,47,13.00%,12.39%
BX,Blackstone Inc.,142.59B,4.74,4.15%,117.08%,22.77%,Quarterly,2,20,15.21%,11.61%
UBER,"Uber Technologies, Inc.",139.14B,-,-,-,-,-,-,-,-,-
SONY,Sony Group Corporation,137.30B,0.11,0.47%,-,16.12%,Semi-Annual,3,11,11.32%,6.06%
NOW,"ServiceNow, Inc.",135.77B,-,-,-,-,-,-,-,-,-
MFG,"Mizuho Financial Group, Inc.",134.97B,0.14,1.29%,20.15%,1.94%,Semi-Annual,3,11,16.47%,6.08%
VRTX,Vertex Pharmaceuticals Incorporated,133.64B,-,-,-,-,-,-,-,-,-
UL,Unilever PLC,133.34B,2.20,3.52%,45.55%,-0.46%,Quarterly,3,56,2.76%,-0.41%
GLW,Corning Incorporated,130.60B,1.12,0.74%,51.67%,-,Quarterly,-,20,0.30%,3.57%
BMY,Bristol-Myers Squibb Company,130.40B,2.52,3.95%,55.47%,1.61%,Quarterly,19,56,3.39%,5.15%
FTNT,"Fortinet, Inc.",129.34B,-,-,-,-,-,-,-,-,-
PLD,"Prologis, Inc.",128.36B,4.28,3.23%,95.31%,5.76%,Quarterly,12,16,7.47%,11.31%
CB,Chubb Limited,127.64B,4.08,1.23%,14.44%,5.85%,Quarterly,34,34,5.60%,4.72%
NET,"Cloudflare, Inc.",126.24B,-,-,-,-,-,-,-,-,-
PBR,Petróleo Brasileiro S.A. - Petrobras,126.19B,1.18,5.71%,28.51%,-29.64%,Quarterly,-,9,-30.75%,5.83%
PBR.A,Petróleo Brasileiro S.A. - Petrobras,126.19B,1.18,6.33%,31.36%,-29.74%,Quarterly,-,9,-30.75%,5.83%
BKNG,Booking Holdings Inc.,123.15B,1.68,1.03%,18.57%,9.45%,Quarterly,1,3,-,-
PH,Parker-Hannifin Corporation,122.14B,8.00,0.83%,28.09%,10.79%,Quarterly,70,70,10.58%,14.75%
PGR,The Progressive Corporation,121.73B,0.40,0.19%,2.01%,183.67%,Quarterly,2,17,226.33%,23.19%
NEM,Newmont Corporation,121.49B,1.04,0.90%,13.16%,3.00%,Quarterly,-,56,-16.20%,-12.86%
BTI,British American Tobacco p.l.c.,120.79B,3.29,5.88%,85.41%,5.16%,Quarterly,3,29,4.53%,2.41%
COF,Capital One Financial Corporation,120.42B,3.20,1.63%,19.76%,33.33%,Quarterly,1,32,10.06%,16.36%
BMO,Bank of Montreal,119.95B,4.91,2.87%,56.12%,6.57%,Quarterly,10,54,4.54%,7.62%
LMT,Lockheed Martin Corporation,119.50B,13.80,2.66%,50.85%,4.55%,Quarterly,23,43,4.77%,5.82%
SPGI,S&P Global Inc.,116.74B,3.88,0.98%,23.63%,2.11%,Quarterly,53,56,2.92%,5.37%
SNOW,Snowflake Inc.,115.75B,-,-,-,-,-,-,-,-,-
HDB,HDFC Bank Limited,115.64B,0.34,1.51%,20.84%,5.93%,Annual,4,6,5.27%,25.94%
MO,"Altria Group, Inc.",115.47B,4.44,6.41%,93.55%,4.13%,Quarterly,57,57,4.13%,4.27%
BP,BP p.l.c.,115.43B,2.06,4.63%,97.58%,4.06%,Quarterly,4,56,8.36%,9.78%
MDT,Medtronic plc,114.40B,2.88,3.22%,70.94%,1.42%,Quarterly,50,50,1.44%,3.40%
BNS,The Bank of Nova Scotia,114.09B,3.22,3.47%,58.92%,4.77%,Quarterly,-,54,1.18%,2.39%
CVS,CVS Health Corporation,112.37B,2.66,3.03%,69.70%,-,Quarterly,-,56,4.00%,5.87%
VLO,Valero Energy Corporation,112.01B,4.80,1.23%,20.06%,6.05%,Quarterly,3,38,5.40%,3.83%
PDD,PDD Holdings Inc.,111.62B,-,-,-,-,-,-,-,-,-
MPC,Marathon Petroleum Corporation,109.11B,4.00,1.03%,13.91%,9.89%,Quarterly,4,16,10.06%,11.51%
SBUX,Starbucks Corporation,108.65B,2.48,2.60%,142.45%,1.64%,Quarterly,15,17,5.37%,6.62%
ACN,Accenture plc,106.65B,6.52,3.74%,52.15%,10.14%,Quarterly,6,22,13.32%,13.12%
SYK,Stryker Corporation,105.71B,3.52,1.28%,36.48%,4.76%,Quarterly,16,36,5.47%,6.91%
LOW,"Lowe's Companies, Inc.",105.21B,5.00,2.67%,42.27%,4.26%,Quarterly,54,56,4.45%,11.84%
HOOD,"Robinhood Markets, Inc.",104.73B,-,-,-,-,-,-,-,-,-
ENB,Enbridge Inc.,104.25B,2.79,5.93%,152.77%,4.22%,Quarterly,2,54,2.02%,1.16%
ADP,"Automatic Data Processing, Inc.",103.66B,6.80,2.60%,62.16%,10.39%,Quarterly,51,53,10.79%,12.82%
FCX,Freeport-McMoRan Inc.,103.27B,0.60,0.83%,29.41%,-,Quarterly,-,9,-,21.67%
CM,Canadian Imperial Bank of Commerce,103.21B,3.07,2.73%,41.29%,11.18%,Quarterly,10,54,6.35%,5.80%
APP,AppLovin Corporation,103.19B,-,-,-,-,-,-,-,-,-
ING,ING Groep N.V.,103.16B,1.29,3.55%,37.91%,10.88%,Semi-Annual,4,6,19.30%,16.85%
SPOT,Spotify Technology S.A.,102.19B,-,-,-,-,-,-,-,-,-
EQNR,Equinor ASA,101.26B,1.28,3.04%,35.37%,-15.34%,Quarterly,-,25,-25.53%,25.93%
PSX,Phillips 66,101.04B,5.08,2.01%,29.01%,6.60%,Quarterly,13,15,6.74%,6.83%
BNY,The Bank of New York Mellon Corporation,100.76B,2.52,1.70%,25.92%,14.43%,Quarterly,15,56,13.21%,11.82%
MCK,McKesson Corporation,99.80B,3.76,0.44%,10.03%,15.25%,Quarterly,18,33,14.92%,14.47%
EQIX,"Equinix, Inc.",99.51B,20.64,2.05%,132.74%,10.04%,Quarterly,9,13,14.80%,12.35%
TT,Trane Technologies plc,99.49B,4.20,0.93%,31.84%,11.75%,Quarterly,5,56,11.89%,12.20%
GSK,GSK plc,98.80B,1.79,3.60%,57.15%,10.38%,Quarterly,2,54,9.77%,-7.98%
SNY,Sanofi,98.08B,1.76,4.28%,94.66%,10.40%,Annual,2,24,8.67%,5.23%
CNQ,Canadian Natural Resources Limited,97.94B,1.78,3.74%,44.86%,6.74%,Quarterly,10,26,10.65%,19.35%
IBN,ICICI Bank Limited,97.48B,0.21,0.78%,12.78%,0.54%,Annual,5,6,7.37%,34.32%
PWR,"Quanta Services, Inc.",96.86B,0.44,0.07%,5.04%,10.00%,Quarterly,1,9,11.20%,12.89%
ASX,"ASE Technology Holding Co., Ltd.",96.53B,0.30,0.68%,34.54%,14.72%,Annual,1,9,-10.96%,6.62%
DDOG,"Datadog, Inc.",96.43B,-,-,-,-,-,-,-,-,-
SOMN,The Southern Company,95.34B,0.89,2.00%,40.74%,-,-,-,1,-,-
SO,The Southern Company,94.70B,3.04,3.69%,73.19%,2.74%,Quarterly,24,56,2.82%,2.90%
CME,CME Group Inc.,94.62B,11.35,4.31%,95.82%,5.61%,Quarterly,-,24,8.69%,13.31%
VRT,Vertiv Holdings Co,94.19B,0.25,0.10%,5.66%,66.67%,Quarterly,3,7,115.44%,90.37%
HCA,"HCA Healthcare, Inc.",93.81B,3.12,0.72%,10.44%,8.51%,Quarterly,5,9,9.04%,16.27%
ITUB,Itaú Unibanco Holding S.A.,93.58B,0.14,1.75%,17.25%,-80.68%,Monthly,1,25,1.16%,2.80%
MAR,"Marriott International, Inc.",93.44B,2.92,0.81%,30.28%,7.69%,Quarterly,4,5,15.02%,56.32%
AEM,Agnico Eagle Mines Limited,93.22B,1.80,0.98%,15.41%,9.38%,Quarterly,-,34,3.03%,4.56%
CEG,Constellation Energy Corporation,92.25B,1.71,0.66%,16.52%,9.99%,Quarterly,3,5,19.10%,-
ABNB,"Airbnb, Inc.",92.02B,-,-,-,-,-,-,-,-,-
USB,U.S. Bancorp,91.53B,2.16,3.67%,43.11%,3.96%,Quarterly,15,56,3.03%,4.07%
HWM,Howmet Aerospace Inc.,91.13B,0.56,0.25%,10.78%,25.00%,Quarterly,5,11,46.20%,90.37%
GD,General Dynamics Corporation,90.22B,6.36,1.91%,38.79%,5.91%,Quarterly,35,48,6.30%,6.07%
JCI,Johnson Controls International plc,90.06B,1.60,1.08%,27.63%,5.96%,Quarterly,5,56,3.34%,8.38%
CDNS,"Cadence Design Systems, Inc.",90.05B,-,-,-,-,-,-,-,-,-
ADBE,Adobe Inc.,89.94B,0,-,-,-,-,-,-,-,-
PNC,"The PNC Financial Services Group, Inc.",89.15B,8.00,3.58%,39.08%,9.23%,Quarterly,15,56,5.48%,8.60%
EMR,Emerson Electric Co.,88.90B,2.22,1.39%,48.56%,5.21%,Quarterly,69,69,2.20%,1.91%
DUK,Duke Energy Corporation,88.42B,4.34,3.83%,65.15%,1.90%,Quarterly,18,56,1.94%,1.98%
MMM,3M Company,87.44B,3.12,1.84%,55.50%,6.23%,Quarterly,-,56,-19.97%,-12.28%
MELI,"MercadoLibre, Inc.",86.78B,0,-,-,-,-,-,-,-3.32%,6.59%
KKR.PRD,KKR & Co. Inc.,86.77B,3.12,7.29%,99.74%,-,Quarterly,-,2,-,-
CSX,CSX Corporation,86.60B,0.56,1.20%,32.38%,7.84%,Quarterly,21,46,8.55%,8.45%
ICE,"Intercontinental Exchange, Inc.",85.72B,2.08,1.36%,29.36%,8.33%,Quarterly,12,14,7.38%,9.52%
ELV,"Elevance Health, Inc.",85.51B,6.88,1.75%,30.61%,1.63%,Quarterly,14,16,6.30%,9.62%
WMB,"The Williams Companies, Inc.",84.31B,2.10,3.05%,83.67%,5.06%,Quarterly,8,53,5.49%,4.95%
KKR,KKR & Co. Inc.,83.64B,0.78,0.84%,24.90%,5.56%,Quarterly,6,17,5.90%,6.30%
HPE.PRC,Hewlett Packard Enterprise Company,83.55B,3.81,2.37%,73.86%,3.45%,Quarterly,1,3,-,-
HPE,Hewlett Packard Enterprise Company,83.13B,0.57,0.91%,29.05%,9.62%,Quarterly,3,12,5.90%,3.50%
LITE,Lumentum Holdings Inc.,82.66B,-,-,-,-,-,-,-,-,-
WM,"Waste Management, Inc.",82.53B,3.78,1.83%,53.47%,13.49%,Quarterly,22,29,10.00%,10.02%
BN,Brookfield Corporation,82.34B,0.27,0.75%,50.23%,15.72%,Quarterly,2,30,4.98%,-4.41%
LYG,Lloyds Banking Group plc,82.32B,0.21,3.68%,48.00%,20.67%,Semi-Annual,4,6,19.77%,24.95%
BCS,Barclays PLC,82.18B,0.59,2.41%,21.68%,36.53%,Semi-Annual,4,6,16.98%,29.67%
MNST,Monster Beverage Corporation,82.01B,-,-,-,-,-,-,-,-,-
E,Eni S.p.A.,81.45B,1.70,3.06%,43.28%,10.38%,Quarterly,5,31,8.27%,8.90%
MRSH,"Marsh & McLennan Companies, Inc.",80.57B,3.96,2.35%,48.47%,10.20%,Quarterly,16,56,13.29%,13.58%
SHW,The Sherwin-Williams Company,80.37B,3.20,0.96%,29.52%,3.40%,Quarterly,49,49,9.72%,8.76%
UPS,"United Parcel Service, Inc.",80.27B,6.56,6.96%,121.95%,0.15%,Quarterly,16,28,0.93%,10.02%
SNPS,"Synopsys, Inc.",80.07B,-,-,-,-,-,-,-,-,-
CTAS,Cintas Corporation,80.07B,2.08,1.04%,36.88%,15.43%,Quarterly,45,45,15.94%,4.65%
SU,Suncor Energy Inc.,79.89B,1.73,2.52%,32.98%,6.44%,Quarterly,5,34,4.12%,20.99%
MCO,Moody's Corporation,79.59B,4.12,0.90%,26.17%,9.81%,Quarterly,16,29,10.22%,10.74%
EPD,Enterprise Products Partners L.P.,79.27B,2.24,6.10%,76.42%,3.04%,Quarterly,27,29,4.09%,4.20%
MRNA,"Moderna, Inc.",78.74B,-,-,-,-,-,-,-,-,-
ECL,Ecolab Inc.,78.69B,2.92,1.04%,39.18%,12.31%,Quarterly,40,56,11.26%,8.75%
RACE,Ferrari N.V.,78.32B,4.26,1.07%,40.41%,24.27%,Annual,4,11,28.94%,32.62%
AMT,American Tower Corporation,78.26B,7.16,4.26%,98.49%,5.21%,Quarterly,14,16,3.86%,7.05%
ITW,Illinois Tool Works Inc.,77.96B,6.88,2.51%,62.30%,7.20%,Quarterly,56,56,7.11%,7.14%
WBD,"Warner Bros. Discovery, Inc.",77.54B,-,-,-,-,-,-,-,-,-
SPG,"Simon Property Group, Inc.",77.52B,9.00,4.41%,62.72%,5.33%,Quarterly,4,33,6.59%,10.10%
BE,Bloom Energy Corporation,77.45B,-,-,-,-,-,-,-,-,-
NTES,"NetEase, Inc.",77.41B,2.92,2.41%,39.03%,1.03%,Quarterly,4,14,20.11%,30.05%
DASH,"DoorDash, Inc.",77.30B,-,-,-,-,-,-,-,-,-
CMCSA,Comcast Corporation,77.29B,1.32,6.06%,42.73%,1.54%,Quarterly,6,19,5.01%,6.14%
MDLZ,"Mondelez International, Inc.",76.78B,2.08,3.46%,76.23%,5.76%,Quarterly,12,26,8.53%,9.30%
CP,Canadian Pacific Kansas City Limited,76.42B,0.72,0.83%,23.72%,20.60%,Quarterly,1,26,8.34%,3.50%
SLB,SLB N.V.,76.31B,1.18,2.29%,57.22%,3.54%,Quarterly,4,56,8.15%,18.53%
ROST,"Ross Stores, Inc.",75.76B,1.78,0.75%,21.53%,9.95%,Quarterly,5,33,9.78%,15.27%
TRV,"The Travelers Companies, Inc.",75.73B,5.00,1.38%,13.39%,9.30%,Quarterly,20,24,6.78%,6.32%
REGN,"Regeneron Pharmaceuticals, Inc.",75.43B,3.76,0.50%,9.15%,-,Quarterly,-,2,-,-
MSI,"Motorola Solutions, Inc.",74.80B,4.84,1.07%,38.11%,11.01%,Quarterly,14,16,11.20%,11.25%
NGG,National Grid plc,74.37B,3.21,4.26%,73.76%,5.43%,Semi-Annual,-,28,-1.38%,-1.03%
EOG,"EOG Resources, Inc.",73.74B,4.08,2.91%,31.89%,3.42%,Quarterly,1,37,-11.06%,9.33%
NWG,NatWest Group plc,73.12B,0.92,5.02%,45.56%,45.15%,Semi-Annual,1,6,34.39%,39.58%
CNI,Canadian National Railway Company,73.02B,2.63,2.17%,48.02%,5.19%,Quarterly,29,31,4.89%,6.43%
MFC,Manulife Financial Corporation,72.88B,1.37,3.16%,52.62%,12.00%,Quarterly,10,27,9.11%,8.96%
HLT,Hilton Worldwide Holdings Inc.,72.06B,0.60,0.19%,8.82%,-,Quarterly,-,5,-,31.95%
INTU,Intuit Inc.,72.05B,5.52,2.05%,33.54%,15.28%,Quarterly,14,16,15.41%,15.24%
TGT,Target Corporation,71.99B,4.64,2.93%,48.12%,1.77%,Quarterly,55,56,1.80%,7.80%
CI,The Cigna Group,71.79B,6.24,2.30%,25.80%,4.38%,Quarterly,5,45,8.77%,15.59%
NOC,Northrop Grumman Corporation,71.74B,9.88,1.96%,31.37%,9.38%,Quarterly,22,56,9.91%,9.62%
CMI,Cummins Inc.,71.31B,8.80,1.70%,44.98%,9.92%,Quarterly,20,56,8.67%,8.32%
BAM,Brookfield Asset Management Ulc,71.26B,2.01,4.56%,116.91%,14.92%,Quarterly,2,4,-,-
GM,General Motors Company,70.73B,0.72,0.89%,34.75%,27.78%,Quarterly,3,5,24.22%,50.29%
B,Barrick Mining Corporation,70.66B,0.95,2.30%,24.35%,110.00%,Quarterly,1,40,33.19%,8.07%
APO,"Apollo Global Management, Inc.",70.43B,2.25,1.88%,80.09%,10.28%,Quarterly,3,16,8.92%,0.33%
NSC,Norfolk Southern Corporation,70.33B,5.40,1.72%,46.09%,-,Quarterly,-,45,0.69%,6.13%
ORLY,"O'Reilly Automotive, Inc.",69.97B,-,-,-,-,-,-,-,-,-
ET,Energy Transfer LP,69.26B,1.36,6.75%,92.11%,3.07%,Quarterly,4,21,4.24%,17.13%
CL,Colgate-Palmolive Company,68.96B,2.12,2.45%,83.65%,2.43%,Quarterly,63,63,3.38%,3.34%
FDX,FedEx Corporation,68.58B,4.88,1.69%,28.79%,-5.65%,Quarterly,5,25,3.47%,13.78%
KMI,"Kinder Morgan, Inc.",68.18B,1.19,3.89%,76.75%,1.72%,Quarterly,8,16,1.75%,2.07%
CVNA,Carvana Co.,67.44B,-,-,-,-,-,-,-,-,-
HON,Honeywell International Inc.,67.05B,2.80,1.32%,30.47%,-13.27%,Quarterly,15,42,-1.65%,1.05%
DLR,"Digital Realty Trust, Inc.",66.88B,4.88,2.76%,234.84%,-,Quarterly,-,23,-,1.19%
DB,Deutsche Bank Aktiengesellschaft,66.85B,0.86,2.38%,24.24%,51.89%,Annual,4,5,53.09%,40.65%
MPWR,"Monolithic Power Systems, Inc.",66.43B,8.00,0.60%,46.12%,27.49%,Quarterly,8,13,26.33%,26.87%
AMX,"América Móvil, S.A.B. de C.V.",66.07B,0.59,2.72%,34.68%,13.54%,Semi-Annual,1,26,-70.00%,8.91%
RSG,"Republic Services, Inc.",65.21B,2.68,1.26%,37.96%,7.61%,Quarterly,1,24,8.01%,7.96%
URI,"United Rentals, Inc.",65.06B,7.88,0.75%,18.94%,10.00%,Quarterly,2,4,-,-
WPM,Wheaton Precious Metals Corp.,64.93B,0.75,0.55%,16.64%,15.38%,Quarterly,2,16,7.72%,6.79%
RCL,Royal Caribbean Cruises Ltd.,64.83B,6.00,2.48%,33.93%,80.33%,Quarterly,2,3,139.57%,12.59%
AEP,"American Electric Power Company, Inc.",64.30B,3.80,3.21%,65.82%,2.15%,Quarterly,16,56,4.60%,5.12%
BSX,Boston Scientific Corporation,63.91B,-,-,-,-,-,-,-,-,-
NBIS,Nebius Group N.V.,63.60B,-,-,-,-,-,-,-,-,-
TER,"Teradyne, Inc.",62.82B,0.52,0.13%,7.14%,6.25%,Quarterly,-,13,5.04%,4.98%
TEL,TE Connectivity plc,62.21B,3.12,1.45%,30.55%,9.71%,Quarterly,15,20,9.39%,9.03%
APD,"Air Products and Chemicals, Inc.",62.09B,7.24,2.58%,-,1.12%,Quarterly,51,56,1.67%,4.33%
TRP,TC Energy Corporation,61.30B,2.50,4.26%,106.60%,4.36%,Quarterly,-,54,-2.99%,-1.60%
KEYS,"Keysight Technologies, Inc.",61.29B,-,-,-,-,-,-,-,-,-
TDG,TransDigm Group Incorporated,61.27B,90.00,8.12%,273.04%,20.00%,Annual,3,4,69.44%,7.57%
ALAB,"Astera Labs, Inc.",60.96B,-,-,-,-,-,-,-,-,-
UMC,United Microelectronics Corporation,60.83B,0.31,1.28%,29.99%,-17.52%,Annual,1,17,-11.67%,7.22%
MET,"MetLife, Inc.",60.76B,2.37,2.48%,45.44%,4.27%,Quarterly,13,27,4.38%,4.30%
SE,Sea Limited,60.58B,-,-,-,-,-,-,-,-,-
MSTR,Strategy Inc,60.40B,-,-,-,-,-,-,-,-,-
TAK,Takeda Pharmaceutical Company Limited,60.16B,0.49,2.60%,-,-9.35%,Semi-Annual,1,8,-2.03%,-6.81%
ARGX,argenx SE,60.06B,-,-,-,-,-,-,-,-,-
NXPI,NXP Semiconductors N.V.,59.65B,4.06,1.72%,34.61%,-,Quarterly,-,9,1.43%,14.48%
TRGP,Targa Resources Corp.,59.46B,5.00,1.80%,43.01%,28.57%,Quarterly,4,16,38.33%,62.27%
IMO,Imperial Oil Limited,59.43B,2.41,1.96%,40.37%,22.31%,Quarterly,10,36,20.11%,25.17%
NTRA,"Natera, Inc.",59.38B,-,-,-,-,-,-,-,-,-
NU,Nu Holdings Ltd.,59.18B,-,-,-,-,-,-,-,-,-
GWW,"W.W. Grainger, Inc.",59.13B,9.96,0.79%,25.43%,10.21%,Quarterly,55,56,9.88%,8.56%
PCAR,PACCAR Inc,58.78B,2.80,2.51%,29.05%,-49.26%,Quarterly,-,56,9.89%,9.09%
AJG,Arthur J. Gallagher & Co.,58.68B,2.80,1.22%,46.46%,7.84%,Quarterly,15,42,8.38%,7.79%
MPLX,MPLX LP,58.43B,4.31,7.45%,92.66%,12.55%,Quarterly,12,14,11.58%,9.38%
TFC.PRR,Truist Financial Corporation,58.22B,1.19,7.01%,73.77%,-,Quarterly,-,7,-,-1.49%
RELX,RELX PLC,58.20B,0.92,2.78%,55.38%,5.83%,Semi-Annual,3,37,9.67%,6.56%
FIX,"Comfort Systems USA, Inc.",58.16B,3.60,0.22%,7.38%,76.47%,Quarterly,13,22,58.74%,45.50%
FAST,Fastenal Company,57.94B,0.96,1.90%,82.05%,12.94%,Quarterly,27,34,12.18%,11.99%
VALE,Vale S.A.,57.92B,0.71,5.24%,152.43%,-2.42%,Semi-Annual,1,25,-0.57%,-23.32%
COR,"Cencora, Inc.",57.92B,2.40,0.79%,17.83%,9.09%,Quarterly,21,26,7.35%,6.40%
AME,"AMETEK, Inc.",57.67B,1.36,0.54%,19.88%,9.92%,Quarterly,6,56,11.09%,11.26%
AON,Aon plc,57.62B,3.28,1.21%,18.07%,10.21%,Quarterly,14,56,10.03%,10.04%
ALL.PRB,The Allstate Corporation,57.55B,1.82,7.08%,30.89%,-8.09%,Quarterly,-,14,1.75%,7.38%
TFC,Truist Financial Corporation,57.53B,2.08,4.42%,47.83%,-,Quarterly,-,54,-,2.59%
ALL,The Allstate Corporation,57.46B,4.32,1.90%,8.62%,8.16%,Quarterly,15,34,6.40%,7.38%
CVE,Cenovus Energy Inc.,57.13B,0.61,1.95%,23.83%,11.90%,Quarterly,5,18,18.74%,70.51%
AFL,Aflac Incorporated,56.84B,2.44,2.15%,26.04%,7.59%,Quarterly,42,54,13.23%,13.67%
BKR,Baker Hughes Company,56.71B,0.92,1.61%,29.58%,2.22%,Quarterly,4,10,6.11%,5.02%
GRMN,Garmin Ltd.,56.69B,4.20,1.43%,43.35%,16.67%,Quarterly,9,24,12.88%,9.40%
NOK,Nokia Oyj,56.21B,0.11,1.08%,80.57%,5.91%,Quarterly,3,5,16.16%,52.30%
OXY,Occidental Petroleum Corporation,56.07B,1.12,2.00%,15.97%,10.64%,Quarterly,4,53,15.79%,91.86%
OKE,"ONEOK, Inc.",55.92B,4.28,4.82%,74.00%,3.92%,Quarterly,3,56,3.72%,2.54%
CRH,CRH plc,55.78B,1.56,1.86%,20.55%,17.97%,Quarterly,1,7,8.81%,9.77%
LNG,"Cheniere Energy, Inc.",55.67B,2.22,0.82%,16.32%,11.00%,Quarterly,4,6,12.00%,-
NUE,Nucor Corporation,55.51B,2.24,0.92%,17.89%,1.82%,Quarterly,53,54,3.17%,6.70%
COHR,Coherent Corp.,55.34B,-,-,-,-,-,-,-,-,-
PSA,Public Storage,55.31B,12.00,4.21%,114.48%,-,Quarterly,-,46,2.94%,8.45%
DAL,"Delta Air Lines, Inc.",54.95B,0.86,1.02%,14.27%,19.26%,Quarterly,2,4,59.07%,-12.37%
NKE,"NIKE, Inc.",54.00B,1.64,4.51%,78.10%,2.50%,Quarterly,24,43,6.44%,8.32%
PSA.PRH,Public Storage,53.81B,1.40,7.04%,205.13%,-0.00%,Quarterly,-,8,-0.00%,-0.00%
DVN,Devon Energy Corporation,53.70B,1.28,2.74%,27.44%,19.15%,Quarterly,-,34,-31.27%,-2.02%
D,"Dominion Energy, Inc.",53.03B,2.67,4.44%,93.32%,-,Quarterly,-,44,-,1.16%
MT,ArcelorMittal S.A.,52.56B,0.51,0.73%,21.49%,9.09%,Quarterly,6,6,10.89%,14.87%
O,Realty Income Corporation,52.33B,3.25,5.88%,237.14%,1.25%,Monthly,22,33,2.26%,2.85%
FANG,"Diamondback Energy, Inc.",51.84B,4.40,2.38%,83.02%,8.97%,Quarterly,-,9,-14.83%,21.20%
CTVA,"Corteva, Inc.",51.83B,0.72,0.92%,48.10%,4.35%,Quarterly,6,8,5.68%,6.32%
NDAQ,"Nasdaq, Inc.",51.73B,1.24,1.34%,36.16%,13.73%,Quarterly,13,15,11.36%,11.06%
CAH,"Cardinal Health, Inc.",50.98B,2.06,0.94%,28.54%,1.00%,Quarterly,1,44,1.00%,1.00%
COIN,"Coinbase Global, Inc.",50.60B,-,-,-,-,-,-,-,-,-
SRE,Sempra,50.28B,2.63,3.42%,75.97%,2.45%,Quarterly,15,29,3.55%,3.80%
EW,Edwards Lifesciences Corporation,50.15B,-,-,-,-,-,-,-,-,-
BDX,"Becton, Dickinson and Company",50.10B,4.20,2.28%,126.09%,0.96%,Quarterly,54,56,4.89%,4.81%
FNV,Franco-Nevada Corporation,49.75B,1.70,0.69%,22.22%,13.33%,Quarterly,14,16,8.26%,8.70%
A,"Agilent Technologies, Inc.",49.42B,1.02,0.58%,20.11%,2.82%,Quarterly,-,15,4.26%,5.62%
WAB,Westinghouse Air Brake Technologies Corporation,49.42B,1.24,0.42%,15.89%,24.21%,Quarterly,4,32,21.37%,19.71%
STT,State Street Corporation,49.38B,3.68,2.04%,32.48%,10.26%,Quarterly,1,56,10.06%,10.06%
F,Ford Motor Company,49.35B,0.60,4.85%,-,-20.00%,Quarterly,-,15,-21.70%,43.10%
CIEN,Ciena Corporation,48.73B,-,-,-,-,-,-,-,-,-
HONA,Honeywell Aerospace Inc.,48.28B,-,-,-,-,-,-,-,-,-
ROK,"Rockwell Automation, Inc.",47.95B,5.52,1.28%,51.73%,5.34%,Quarterly,16,56,5.36%,5.22%
EBAY,eBay Inc.,47.79B,1.24,1.16%,25.59%,7.02%,Quarterly,6,8,7.94%,11.75%
DEO,Diageo plc,47.76B,1.92,2.23%,61.08%,-52.82%,Semi-Annual,-,38,-21.14%,-13.39%
VMRK,Vivmark Residential,47.53B,2.81,4.60%,-,1.73%,Quarterly,1,3,-,-
AU,AngloGold Ashanti plc,47.28B,3.57,3.85%,"1,008.49%",161.70%,Quarterly,2,10,186.14%,64.45%
AZO,"AutoZone, Inc.",47.20B,-,-,-,-,-,-,-,-,-
CRWV,"CoreWeave, Inc.",46.91B,-,-,-,-,-,-,-,-,-
HUM,Humana Inc.,46.86B,3.54,0.91%,33.43%,-,Quarterly,-,16,0.94%,5.37%
ETR,Entergy Corporation,46.84B,2.56,2.62%,65.54%,6.67%,Quarterly,11,39,6.16%,6.14%
FITB,Fifth Third Bancorp,46.75B,1.68,3.26%,58.98%,7.28%,Quarterly,15,52,6.53%,7.85%
CBRS,Cerebras Systems Inc.,46.73B,-,-,-,-,-,-,-,-,-
PYPL,"PayPal Holdings, Inc.",46.43B,0.56,1.03%,10.56%,-,Quarterly,-,2,-,-
VST,Vistra Corp.,46.29B,0.92,0.67%,15.58%,2.01%,Quarterly,6,8,4.52%,9.33%
MDLN,Medline Inc.,46.07B,-,-,-,-,-,-,-,-,-
CARR,Carrier Global Corporation,46.01B,0.96,1.72%,66.48%,9.25%,Quarterly,-,7,10.26%,16.52%
STM,STMicroelectronics N.V.,45.86B,0.31,0.58%,60.99%,-,Quarterly,-,28,14.47%,8.45%
ABEV,Ambev S.A.,45.53B,0.01,0.50%,7.22%,-91.46%,Semi-Annual,1,13,-51.70%,-31.39%
WDAY,"Workday, Inc.",45.44B,-,-,-,-,-,-,-,-,-
VEEV,Veeva Systems Inc.,45.41B,-,-,-,-,-,-,-,-,-
TEVA,Teva Pharmaceutical Industries Limited,45.26B,0,-,-,-,-,-,-,-14.39%,-2.11%
KB,KB Financial Group Inc.,45.24B,2.70,2.12%,24.82%,37.07%,Quarterly,-,10,14.58%,7.93%
TEAM,Atlassian Corporation,45.18B,-,-,-,-,-,-,-,-,-
CCEP,Coca-Cola Europacific Partners PLC,45.12B,2.39,2.32%,47.05%,6.70%,Semi-Annual,5,11,8.91%,19.04%
VTR,"Ventas, Inc.",44.93B,2.08,2.39%,379.16%,7.94%,Quarterly,1,28,4.26%,2.53%
IQV,IQVIA Holdings Inc.,44.62B,-,-,-,-,-,-,-,-,-
SLF,Sun Life Financial Inc.,44.52B,2.71,3.41%,65.20%,10.25%,Quarterly,10,27,7.76%,9.18%
XYZ,"Block, Inc.",44.33B,-,-,-,-,-,-,-,-,-
LHX,"L3Harris Technologies, Inc.",44.31B,5.00,2.10%,50.52%,3.99%,Quarterly,24,56,2.92%,4.83%
TWLO,Twilio Inc.,44.05B,-,-,-,-,-,-,-,-,-
FERG,Ferguson Enterprises Inc.,44.01B,3.56,1.57%,34.76%,7.23%,Quarterly,-,6,5.87%,8.26%
AMP,"Ameriprise Financial, Inc.",43.73B,6.80,1.37%,16.43%,7.14%,Quarterly,20,22,8.27%,8.75%
WAT,Waters Corporation,43.61B,-,-,-,-,-,-,-,-,-
XEL,Xcel Energy Inc.,43.34B,2.37,3.42%,64.98%,3.99%,Quarterly,1,55,4.66%,5.43%
ADSK,"Autodesk, Inc.",43.29B,0,-,-,-,-,-,-,-,-
P,"Everpure, Inc.",43.20B,-,-,-,-,-,-,-,-,-
RKLB,Rocket Lab Corporation,43.20B,-,-,-,-,-,-,-,-,-
RVMD,"Revolution Medicines, Inc.",43.18B,-,-,-,-,-,-,-,-,-
TRI,Thomson Reuters Corporation,42.93B,2.58,2.65%,68.21%,9.24%,Quarterly,1,38,-27.40%,8.95%
KDP,Keurig Dr Pepper Inc.,42.81B,0.92,2.93%,92.97%,-,Quarterly,5,9,4.12%,6.39%
IX,ORIX Corporation,42.66B,0.75,1.91%,21.73%,18.73%,Semi-Annual,3,11,13.65%,3.90%
HEI,HEICO Corporation,42.61B,0.26,0.09%,4.17%,8.70%,Semi-Annual,8,51,7.72%,8.02%
HMC,"Honda Motor Co., Ltd.",42.49B,1.02,3.14%,-,-3.99%,Semi-Annual,-,54,15.94%,7.01%
WDS,Woodside Energy Group Ltd,42.39B,1.12,5.07%,69.78%,9.80%,Semi-Annual,-,36,-20.15%,24.13%
INFY,Infosys Limited,42.39B,0.45,4.24%,55.11%,3.79%,Semi-Annual,-,28,8.54%,8.06%
MCHP,Microchip Technology Incorporated,42.36B,1.82,2.33%,268.25%,-,Quarterly,14,25,7.16%,17.74%
CLS,Celestica Inc.,42.02B,-,-,-,-,-,-,-,-,-
FLEX,Flex Ltd.,41.75B,-,-,-,-,-,-,-,-,-
ONC,BeOne Medicines AG,41.71B,-,-,-,-,-,-,-,-,-
IDXX,"IDEXX Laboratories, Inc.",41.70B,-,-,-,-,-,-,-,-,-
EXC,Exelon Corporation,41.58B,1.68,4.17%,61.79%,5.06%,Quarterly,3,56,5.41%,1.64%
ILMN,"Illumina, Inc.",41.07B,-,-,-,-,-,-,-,-,-
CMG,"Chipotle Mexican Grill, Inc.",40.25B,-,-,-,-,-,-,-,-,-
NTAP,"NetApp, Inc.",40.16B,2.08,1.02%,29.36%,-,Quarterly,2,14,1.32%,1.20%
LYV,"Live Nation Entertainment, Inc.",40.03B,-,-,-,-,-,-,-,-,-
PRU,"Prudential Financial, Inc.",40.01B,5.60,4.83%,50.66%,3.74%,Quarterly,17,25,3.89%,4.05%
HLN,Haleon plc,39.97B,0.19,2.04%,37.59%,3.40%,Semi-Annual,2,4,22.67%,-
FER,Ferrovial N.V.,39.91B,1.29,2.32%,133.90%,45.48%,Semi-Annual,1,3,-,-
MSCI,MSCI Inc.,39.46B,8.20,1.51%,44.91%,13.57%,Quarterly,11,13,13.83%,18.66%
IBKR,"Interactive Brokers Group, Inc.",39.44B,0.35,0.40%,13.90%,17.54%,Quarterly,2,16,49.63%,27.35%
WCN,"Waste Connections, Inc.",39.37B,1.40,0.90%,33.81%,11.11%,Quarterly,8,13,11.13%,11.29%
ARES,Ares Management Corporation,39.12B,5.40,4.57%,238.65%,20.51%,Quarterly,6,13,20.98%,23.36%
DHI,"D.R. Horton, Inc.",39.01B,1.80,1.28%,17.12%,12.50%,Quarterly,11,13,21.64%,17.61%
ADM,Archer-Daniels-Midland Company,38.74B,2.08,2.58%,56.99%,1.97%,Quarterly,53,56,5.76%,7.09%
SYY,Sysco Corporation,38.63B,2.20,2.81%,60.11%,3.81%,Quarterly,57,57,3.26%,3.45%
SHG,"Shinhan Financial Group Co., Ltd.",38.40B,1.58,1.94%,22.55%,28.20%,Quarterly,2,10,5.14%,5.51%
CCJ,Cameco Corporation,38.36B,0.17,0.20%,30.12%,51.05%,Annual,2,35,24.40%,22.82%
VOD,Vodafone Group Public Limited Company,38.29B,0.50,3.03%,-,8.29%,Semi-Annual,-,38,-19.17%,-13.77%
ED,"Consolidated Edison, Inc.",38.04B,3.55,3.45%,58.33%,3.92%,Quarterly,53,56,2.94%,2.60%
AIG,"American International Group, Inc.",38.00B,2.00,2.75%,36.76%,11.76%,Quarterly,3,14,11.79%,8.22%
TTWO,"Take-Two Interactive Software, Inc.",37.81B,0,-,-,-,-,-,-,-,-
YUM,"Yum! Brands, Inc.",37.76B,3.00,2.17%,37.79%,5.71%,Quarterly,8,23,7.47%,8.48%
CBRE,"CBRE Group, Inc.",37.75B,-,-,-,-,-,-,-,-,-
FMX,"Fomento Económico Mexicano, S.A.B. de C.V.",36.95B,6.93,5.86%,119.52%,36.40%,Quarterly,4,12,55.17%,28.29%
ODFL,"Old Dominion Freight Line, Inc.",36.66B,1.16,0.66%,22.32%,4.55%,Quarterly,8,10,15.31%,25.12%
HEI.A,HEICO Corporation,36.65B,0.25,0.11%,4.17%,8.70%,Semi-Annual,8,29,7.72%,8.02%
CRDO,Credo Technology Group Holding Ltd,36.35B,-,-,-,-,-,-,-,-,-
UAL,"United Airlines Holdings, Inc.",36.18B,0,-,-,-,-,-,-,-,-
JD,"JD.com, Inc.",35.77B,1.00,3.75%,67.51%,-,Annual,2,5,17.77%,-
VIK,Viking Holdings Ltd,35.36B,-,-,-,-,-,-,-,-,-
OKTA,"Okta, Inc.",35.35B,-,-,-,-,-,-,-,-,-
PAYX,"Paychex, Inc.",35.33B,4.76,4.80%,94.42%,10.19%,Quarterly,12,39,10.55%,12.14%
CHT,"Chunghwa Telecom Co., Ltd.",35.32B,1.25,2.72%,77.38%,-3.59%,Annual,1,24,2.97%,0.85%
KR,The Kroger Co.,35.31B,1.56,2.61%,90.66%,10.45%,Quarterly,19,21,10.40%,13.67%
ROP,"Roper Technologies, Inc.",34.98B,3.64,1.03%,15.31%,10.30%,Quarterly,34,35,10.06%,10.10%
MLM,"Martin Marietta Materials, Inc.",34.94B,3.36,0.68%,8.26%,4.06%,Quarterly,10,33,6.98%,7.50%
EL,The Estée Lauder Companies Inc.,34.60B,1.40,1.47%,280.00%,-,Quarterly,-,31,-19.06%,-7.96%
NTR,Nutrien Ltd.,34.49B,2.20,3.05%,44.59%,0.92%,Quarterly,7,9,1.97%,3.70%
AXON,"Axon Enterprise, Inc.",34.49B,-,-,-,-,-,-,-,-,-
KVUE,Kenvue Inc.,34.33B,0.84,4.71%,98.82%,26.75%,Quarterly,2,4,-,-
TKO,"TKO Group Holdings, Inc.",34.31B,3.16,1.74%,110.13%,106.58%,Quarterly,-,2,-9.38%,45.59%
BBD,Banco Bradesco S.A.,34.20B,0.16,4.66%,35.10%,-8.50%,Monthly,1,26,1.64%,0.20%
BBDO,Banco Bradesco S.A.,34.20B,0.14,4.65%,31.91%,-8.50%,Monthly,1,15,1.67%,-0.31%
ALNY,"Alnylam Pharmaceuticals, Inc.",34.16B,-,-,-,-,-,-,-,-,-
HIG,"The Hartford Insurance Group, Inc.",34.14B,2.40,1.91%,15.51%,15.38%,Quarterly,13,31,12.18%,11.78%
EC,Ecopetrol S.A.,34.14B,0.65,3.89%,35.24%,-34.51%,Semi-Annual,-,10,-8.10%,49.73%
BIIB,Biogen Inc.,33.79B,-,-,-,-,-,-,-,-,-
UI,Ubiquiti Inc.,33.76B,4.00,0.72%,21.45%,30.77%,Quarterly,1,9,12.31%,13.56%
EME,"EMCOR Group, Inc.",33.73B,1.60,0.21%,4.51%,45.00%,Quarterly,5,16,30.00%,25.27%
ESLT,Elbit Systems Ltd.,33.61B,3.75,0.53%,28.26%,53.06%,Quarterly,1,30,23.31%,16.07%
RPRX,Royalty Pharma plc,33.57B,0.94,1.60%,50.42%,6.32%,Quarterly,5,7,5.40%,6.98%
JBL,Jabil Inc.,33.44B,0.32,0.10%,4.00%,-,Quarterly,-,21,-,-
PEG,Public Service Enterprise Group Incorporated,33.26B,2.68,4.02%,66.66%,6.02%,Quarterly,14,56,5.47%,5.50%
WEC,"WEC Energy Group, Inc.",33.07B,3.81,3.75%,73.76%,6.76%,Quarterly,22,56,6.93%,7.07%
STLD,"Steel Dynamics, Inc.",33.06B,2.12,0.92%,19.24%,6.63%,Quarterly,13,23,8.97%,15.20%
HSY,The Hershey Company,33.04B,5.81,3.53%,79.37%,4.49%,Quarterly,-,56,10.02%,11.56%
IRM,Iron Mountain Incorporated,33.00B,3.46,3.12%,246.35%,12.57%,Quarterly,3,17,11.32%,6.91%
RKT,"Rocket Companies, Inc.",32.96B,0,-,-,-,-,-,-,-7.48%,-
KMB,Kimberly-Clark Corporation,32.85B,5.12,5.18%,87.37%,2.00%,Quarterly,54,56,2.76%,2.58%
DXCM,"DexCom, Inc.",32.68B,-,-,-,-,-,-,-,-,-
ZS,"Zscaler, Inc.",32.52B,-,-,-,-,-,-,-,-,-
QSR,Restaurant Brands International Inc.,32.50B,2.60,3.64%,70.12%,5.33%,Quarterly,10,12,5.48%,4.02%
TECK,Teck Resources Limited,32.42B,0.36,0.56%,10.08%,1.32%,Quarterly,-,17,-21.03%,17.78%
VG,"Venture Global, Inc.",32.30B,0.07,0.56%,7.32%,-,Quarterly,-,2,-,-
ACGL,Arch Capital Group Ltd.,32.23B,0,-,-,-,-,-,-,-,-
NTRS,Northern Trust Corporation,31.94B,3.52,2.02%,30.28%,7.54%,Quarterly,1,56,3.02%,3.22%
VMC,Vulcan Materials Company,31.92B,2.08,0.84%,24.53%,6.22%,Quarterly,12,56,6.65%,7.17%
MTB,M&T Bank Corporation,31.84B,6.00,2.72%,31.68%,8.11%,Quarterly,9,48,5.57%,6.40%
RMD,ResMed Inc.,31.80B,2.64,1.19%,25.31%,12.33%,Quarterly,13,15,10.97%,9.12%
EXPE,"Expedia Group, Inc.",31.72B,1.92,0.73%,11.44%,53.33%,Quarterly,1,2,66.31%,6.55%
ERIC,Telefonaktiebolaget LM Ericsson (publ),31.47B,0.23,2.44%,30.23%,18.10%,Semi-Annual,6,14,11.37%,8.73%
GFI,Gold Fields Limited,31.35B,1.89,5.35%,38.78%,199.30%,Semi-Annual,1,54,78.95%,45.54%
EQT,EQT Corporation,31.18B,0.66,1.32%,15.31%,4.76%,Quarterly,4,5,3.23%,39.48%
ALC,Alcon Inc.,31.09B,0.23,0.36%,17.74%,7.61%,Annual,4,6,14.99%,-
RJF,"Raymond James Financial, Inc.",30.96B,2.16,1.34%,18.82%,8.00%,Quarterly,1,42,8.74%,15.74%
PUK,Prudential plc,30.92B,0.53,2.09%,17.65%,11.79%,Semi-Annual,4,40,10.82%,10.29%
HBAN,Huntington Bancshares Incorporated,30.89B,0.62,4.05%,48.28%,-,Quarterly,-,56,-,0.66%
CNC,Centene Corporation,30.86B,-,-,-,-,-,-,-,-,-
MTD,Mettler-Toledo International Inc.,30.85B,-,-,-,-,-,-,-,-,-
SUNB,"Sunbelt Rentals Holdings, Inc.",30.68B,1.20,1.60%,42.63%,33.14%,Semi-Annual,1,3,-,-
BAP,Credicorp Ltd.,30.65B,14.86,3.85%,53.95%,32.94%,Annual,4,28,29.28%,64.68%
CCL,Carnival Corporation Ltd.,30.34B,0.60,2.71%,20.65%,-,Quarterly,-,1,44.22%,-25.79%
CQP,"Cheniere Energy Partners, L.P.",30.29B,3.27,5.20%,59.34%,-,Quarterly,-,20,-8.00%,4.45%
GEHC,GE HealthCare Technologies Inc.,30.20B,0.16,0.24%,3.69%,3.57%,Quarterly,2,4,-,-
RBLX,Roblox Corporation,29.95B,-,-,-,-,-,-,-,-,-
KGC,Kinross Gold Corporation,29.75B,0.16,0.66%,6.08%,29.17%,Quarterly,1,7,8.91%,0.66%
BIDU,"Baidu, Inc.",29.71B,-,-,-,-,-,-,-,-,-
IR,Ingersoll Rand Inc.,29.65B,0.08,0.10%,3.29%,-,Quarterly,-,6,-,-
NMR,"Nomura Holdings, Inc.",29.62B,0.26,2.57%,31.52%,-19.85%,Semi-Annual,2,19,36.33%,-1.52%
ZTS,Zoetis Inc.,29.50B,2.12,2.98%,34.59%,8.18%,Quarterly,12,14,12.96%,17.08%
ON,ON Semiconductor Corporation,29.48B,-,-,-,-,-,-,-,-,-
EXR,Extra Space Storage Inc.,29.03B,6.48,4.92%,143.26%,-,Quarterly,-,23,0.63%,9.32%
CCI,Crown Castle Inc.,28.52B,4.25,6.35%,216.28%,-19.12%,Quarterly,-,13,-12.11%,-4.39%
TS,Tenaris S.A.,28.47B,2.38,4.22%,63.04%,40.00%,Semi-Annual,5,24,30.13%,34.54%
TDY,Teledyne Technologies Incorporated,28.31B,-,-,-,-,-,-,-,-,-
HPQ,HP Inc.,28.23B,1.20,3.84%,45.71%,3.66%,Quarterly,9,56,4.55%,9.13%
KHC,The Kraft Heinz Company,27.90B,1.60,6.80%,-,-,Quarterly,-,12,-,-
RYAAY,Ryanair Holdings plc,27.86B,0.76,1.37%,17.67%,-8.63%,Semi-Annual,1,3,27.05%,15.45%
ARES.PRB,Ares Management Corporation,27.75B,3.38,8.55%,486.82%,2.56%,Quarterly,1,3,-,-
FTI,TechnipFMC plc,27.67B,0.20,0.28%,6.98%,-,Quarterly,-,4,58.74%,-17.40%
CFG.PRH,"Citizens Financial Group, Inc.",27.60B,1.84,7.35%,102.31%,-,Quarterly,1,3,-,-
RDDT,"Reddit, Inc.",27.55B,-,-,-,-,-,-,-,-,-
AEE,Ameren Corporation,27.53B,3.00,3.02%,52.93%,5.71%,Quarterly,12,29,6.08%,6.46%
SMCI,"Super Micro Computer, Inc.",27.47B,-,-,-,-,-,-,-,-,-
DG,Dollar General Corporation,27.44B,2.36,1.89%,30.64%,-,Quarterly,-,12,0.57%,7.82%
CFG,"Citizens Financial Group, Inc.",27.27B,1.84,2.84%,40.08%,9.52%,Quarterly,1,13,3.08%,3.36%
WSM,"Williams-Sonoma, Inc.",27.24B,3.04,1.32%,30.12%,15.29%,Quarterly,19,21,19.11%,19.43%
WTW,Willis Towers Watson Public Limited Company,27.12B,3.84,1.32%,23.59%,4.40%,Quarterly,9,24,4.39%,5.34%
FTS,Fortis Inc.,27.04B,1.85,3.49%,77.37%,5.59%,Quarterly,10,15,3.29%,3.01%
HAL,Halliburton Company,27.02B,0.68,2.09%,35.66%,-,Quarterly,-,56,4.26%,30.45%
MDB,"MongoDB, Inc.",27.01B,-,-,-,-,-,-,-,-,-
ROIV,Roivant Sciences Ltd.,26.71B,-,-,-,-,-,-,-,-,-
FOXA,Fox Corporation,26.57B,0.58,0.92%,14.84%,3.64%,Semi-Annual,5,8,3.78%,3.93%
ATO,Atmos Energy Corporation,26.51B,4.00,2.55%,47.43%,14.94%,Quarterly,44,44,10.56%,9.86%
WST,"West Pharmaceutical Services, Inc.",26.48B,0.88,0.23%,11.27%,4.76%,Quarterly,33,54,5.01%,5.29%
CBOE,"Cboe Global Markets, Inc.",26.43B,3.44,1.35%,23.54%,15.71%,Quarterly,11,17,13.78%,11.66%
PCG,PG&E Corporation,26.31B,0.20,1.68%,14.41%,100.00%,Quarterly,2,4,171.44%,82.06%
WRB,W. R. Berkley Corporation,26.30B,1.90,2.82%,38.69%,40.30%,Quarterly,3,52,25.70%,33.43%
GFS,GLOBALFOUNDRIES Inc.,26.22B,0.48,1.01%,18.75%,-,Quarterly,-,1,-,-
DGX,Quest Diagnostics Incorporated,26.20B,3.44,1.45%,36.53%,7.30%,Quarterly,14,23,6.60%,6.91%
Q,"Qnity Electronics, Inc.",26.13B,0.32,0.26%,10.75%,-,Quarterly,-,2,-,-
PBA,Pembina Pipeline Corporation,26.00B,2.09,4.63%,104.43%,4.47%,Quarterly,3,16,5.19%,2.61%
CPAY,"Corpay, Inc.",25.98B,-,-,-,-,-,-,-,-,-
NVT,nVent Electric plc,25.94B,0.84,0.52%,23.04%,5.00%,Quarterly,2,9,6.27%,3.71%
ECHO,EchoStar Corporation,25.93B,-,-,-,-,-,-,-,-,-
DOV,Dover Corporation,25.80B,2.10,1.10%,25.27%,0.97%,Quarterly,71,71,0.98%,0.99%
SN,"SharkNinja, Inc.",25.66B,0,-,-,-,-,-,-,-,-
INSM,Insmed Incorporated,25.64B,-,-,-,-,-,-,-,-,-
TSEM,Tower Semiconductor Ltd.,25.63B,0,-,-,-,-,-,-,-,-
AWK,"American Water Works Company, Inc.",25.61B,3.58,2.78%,62.06%,8.16%,Quarterly,12,19,8.13%,8.37%
CTSH,Cognizant Technology Solutions Corporation,25.55B,1.32,2.32%,28.43%,5.69%,Quarterly,6,10,4.48%,6.70%
VICI,VICI Properties Inc.,25.52B,1.84,7.94%,71.43%,3.58%,Quarterly,7,9,4.52%,6.04%
VRSN,"VeriSign, Inc.",25.48B,3.24,1.15%,34.75%,107.79%,Quarterly,-,2,60.78%,32.96%
ZM,"Zoom Communications, Inc.",25.47B,-,-,-,-,-,-,-,-,-
SYM,Symbotic Inc.,25.43B,-,-,-,-,-,-,-,-,-
INCY,Incyte Corporation,25.32B,-,-,-,-,-,-,-,-,-
OTIS,Otis Worldwide Corporation,25.30B,1.76,2.65%,45.23%,6.17%,Quarterly,5,7,10.93%,14.34%
CPRT,"Copart, Inc.",25.19B,-,-,-,-,-,-,-,-,-
FOX,Fox Corporation,25.16B,0.57,1.01%,14.84%,3.64%,Semi-Annual,5,8,3.78%,3.93%
DTE,DTE Energy Company,25.14B,4.66,3.86%,73.77%,6.88%,Quarterly,3,56,6.94%,2.69%
LH,Labcorp Holdings Inc.,25.13B,2.88,0.93%,23.85%,-,Quarterly,-,5,-,31.95%
TCOM,Trip.com Group Limited,25.12B,0.30,0.75%,-,-,-,-,-,71.00%,37.97%
LVS,Las Vegas Sands Corp.,25.11B,1.20,3.09%,44.60%,21.05%,Quarterly,2,4,79.15%,-17.99%
BNTX,BioNTech SE,24.94B,0,-,-,-,-,-,-,-,-
FE,FirstEnergy Corp.,24.88B,1.86,4.33%,99.42%,4.60%,Quarterly,3,29,5.27%,3.13%
CINF,Cincinnati Financial Corporation,24.85B,3.76,2.32%,17.74%,7.89%,Quarterly,65,65,7.87%,8.18%
CPNG,"Coupang, Inc.",24.73B,-,-,-,-,-,-,-,-,-
FFIV,"F5, Inc.",24.69B,-,-,-,-,-,-,-,-,-
HUBB,Hubbell Incorporated,24.62B,5.68,1.22%,33.62%,7.58%,Quarterly,18,56,8.23%,7.70%
ATI,ATI Inc.,24.61B,0,-,-,-,-,-,-,-29.16%,-14.97%
LPLA,LPL Financial Holdings Inc.,24.60B,1.20,0.38%,9.57%,-,Quarterly,-,15,1.43%,3.71%
PFG,"Principal Financial Group, Inc.",24.53B,3.36,2.93%,46.26%,7.62%,Quarterly,17,25,8.14%,6.61%
EXPD,"Expeditors International of Washington, Inc.",24.52B,1.62,0.86%,23.01%,5.33%,Semi-Annual,31,34,5.13%,7.51%
FISV,"Fiserv, Inc.",24.47B,-,-,-,-,-,-,-,-,-
PHG,Koninklijke Philips N.V.,24.42B,0.84,3.35%,64.46%,2.35%,-,1,2,3.93%,-0.20%
PPL,PPL Corporation,24.15B,1.14,3.55%,67.42%,4.88%,Quarterly,3,56,6.06%,-7.44%
CNP,"CenterPoint Energy, Inc.",24.13B,0.96,2.62%,57.15%,6.82%,Quarterly,4,56,6.88%,7.66%
CIB,Grupo Cibest S.A.,24.12B,4.78,5.15%,93.01%,-,Quarterly,4,26,20.43%,57.88%
GH,"Guardant Health, Inc.",23.86B,-,-,-,-,-,-,-,-,-
ES,Eversource Energy,23.85B,3.15,4.98%,81.58%,4.79%,Quarterly,26,28,5.37%,5.57%
PS,Pershing Square Inc.,23.84B,0.12,0.20%,354.23%,-,-,-,1,-,-
ASTS,"AST SpaceMobile, Inc.",23.77B,-,-,-,-,-,-,-,-,-
PPG,"PPG Industries, Inc.",23.77B,2.96,2.77%,42.35%,4.36%,Quarterly,55,56,4.57%,5.37%
FWONK,Formula One Group,23.75B,-,-,-,-,-,-,-,-,-
SYF.PRB,Synchrony Financial,23.73B,2.06,8.09%,55.86%,-,Quarterly,1,3,-,-
FCNCA,"First Citizens BancShares, Inc.",23.71B,8.40,0.40%,4.51%,7.69%,Quarterly,9,41,40.95%,34.90%
SW,Smurfit Westrock Plc,23.63B,1.81,4.00%,192.39%,12.09%,Quarterly,-,15,5.15%,0.70%
XYL,Xylem Inc.,23.58B,1.72,1.70%,40.92%,8.33%,Quarterly,14,16,9.42%,8.97%
TW,Tradeweb Markets Inc.,23.58B,0.56,0.56%,12.88%,17.39%,Quarterly,3,8,15.55%,11.03%
ULTA,"Ulta Beauty, Inc.",23.51B,0,-,-,-,-,-,-,-,-
FWONA,Formula One Group,23.50B,-,-,-,-,-,-,-,-,-
RBRK,"Rubrik, Inc.",23.47B,-,-,-,-,-,-,-,-,-
VLTO,Veralto Corporation,23.46B,0.52,0.54%,13.10%,18.18%,Quarterly,2,4,-,-
TPL,Texas Pacific Land Corporation,23.29B,2.40,0.71%,30.61%,9.38%,Quarterly,4,13,18.10%,2.85%
SYF,Synchrony Financial,23.26B,1.36,1.90%,13.92%,12.73%,Quarterly,4,11,9.67%,7.10%
RF,Regions Financial Corporation,23.21B,1.20,4.40%,48.78%,7.88%,Quarterly,13,56,9.24%,11.51%
IHG,InterContinental Hotels Group PLC,23.10B,1.84,1.15%,39.37%,9.76%,Semi-Annual,6,5,8.90%,16.51%
ENTG,"Entegris, Inc.",23.05B,0.40,0.27%,19.99%,-,Quarterly,-,10,-,4.56%
KOF,"Coca-Cola FEMSA, S.A.B. de C.V.",22.79B,4.57,4.21%,58.20%,23.77%,Quarterly,1,23,12.04%,9.76%
AFRM,"Affirm Holdings, Inc.",22.69B,-,-,-,-,-,-,-,-,-
CHD,"Church & Dwight Co., Inc.",22.67B,1.23,1.29%,39.50%,4.17%,Quarterly,30,52,4.08%,4.07%
ROKU,"Roku, Inc.",22.65B,-,-,-,-,-,-,-,-,-
AER,AerCap Holdings N.V.,22.58B,1.60,1.10%,7.21%,38.68%,Quarterly,1,3,-,-
TPR,"Tapestry, Inc.",22.50B,1.85,1.63%,22.87%,14.66%,Quarterly,5,18,9.97%,46.07%
GPN,Global Payments Inc.,22.44B,1.00,1.18%,-,-,Quarterly,-,26,-,3.67%
CASY,"Casey's General Stores, Inc.",22.42B,2.60,0.43%,12.53%,14.02%,Quarterly,26,37,14.63%,12.24%
DRI,"Darden Restaurants, Inc.",22.37B,6.48,3.29%,63.25%,7.59%,Quarterly,5,32,7.38%,12.58%
PHM,"PulteGroup, Inc.",22.36B,1.04,0.87%,10.61%,18.18%,Quarterly,8,14,17.57%,13.18%
IOT,Samsara Inc.,22.24B,-,-,-,-,-,-,-,-,-
TROW,"T. Rowe Price Group, Inc.",22.15B,5.20,5.02%,52.20%,2.38%,Quarterly,40,41,2.08%,4.54%
KEY.PRI,KeyCorp,21.99B,1.53,6.12%,89.53%,-,Quarterly,-,10,-,-
CRCL,"Circle Internet Group, Inc.",21.90B,-,-,-,-,-,-,-,-,-
IFF,International Flavors & Fragrances Inc.,21.86B,1.60,1.87%,147.87%,-,Quarterly,-,56,-20.96%,-12.39%
VRSK,"Verisk Analytics, Inc.",21.84B,2.00,1.19%,30.78%,12.07%,Quarterly,6,8,13.60%,11.33%
YPF,YPF Sociedad Anónima,21.79B,0,-,-,-,-,-,-,25.91%,3.72%
DLTR,"Dollar Tree, Inc.",21.78B,-,-,-,-,-,-,-,-,-
KEY,KeyCorp,21.75B,0.82,4.02%,47.95%,-,Quarterly,-,55,-,2.07%
MKL,Markel Group Inc.,21.57B,-,-,-,-,-,-,-,-,-
L,Loews Corporation,21.44B,0.25,0.24%,3.06%,-,Quarterly,-,56,-,-
BSBR,Banco Santander (Brasil) S.A.,21.42B,0.29,5.09%,40.90%,33.96%,Quarterly,1,18,4.36%,-5.16%
RIVN,"Rivian Automotive, Inc.",21.41B,-,-,-,-,-,-,-,-,-
MTSI,"MACOM Technology Solutions Holdings, Inc.",21.29B,-,-,-,-,-,-,-,-,-
JBHT,"J.B. Hunt Transport Services, Inc.",21.28B,1.80,0.79%,25.53%,2.29%,Quarterly,12,23,2.55%,9.25%
RL,Ralph Lauren Corporation,21.27B,4.00,1.12%,25.21%,10.07%,Quarterly,5,24,8.44%,22.71%
BCH,Banco de Chile,21.11B,1.65,3.98%,63.90%,5.43%,Annual,1,25,0.64%,30.93%
BG,Bunge Global SA,20.96B,2.88,2.64%,56.19%,2.86%,Quarterly,6,26,3.30%,6.78%
VTRS,Viatris Inc.,20.95B,0.48,2.62%,-,-,Quarterly,-,6,-,16.89%
GMAB,Genmab A/S,20.92B,-,-,-,-,-,-,-,-,-
ARXS,"Arxis, Inc.",20.86B,-,-,-,-,-,-,-,-,-
UTHR,United Therapeutics Corporation,20.82B,-,-,-,-,-,-,-,-,-
THC,Tenet Healthcare Corporation,20.75B,0,-,-,-,-,-,-,-72.48%,-53.89%
PKG,Packaging Corporation of America,20.74B,6.00,2.54%,71.45%,10.00%,Quarterly,-,24,3.23%,6.58%
XPO,"XPO, Inc.",20.69B,-,-,-,-,-,-,-,-,-
LUV,Southwest Airlines Co.,20.65B,0.72,1.71%,45.10%,-,Quarterly,-,4,-,31.95%
AMRZ,Amrize AG,20.64B,0.66,1.73%,29.61%,-,Quarterly,-,1,-,-
OMC,Omnicom Group Inc.,20.61B,3.20,4.28%,207.27%,14.29%,Quarterly,1,56,4.55%,3.08%
SOFI,"SoFi Technologies, Inc.",20.57B,-,-,-,-,-,-,-,-,-
STE,STERIS plc,20.56B,2.76,1.31%,33.74%,10.26%,Quarterly,15,22,10.16%,9.62%
NRG,"NRG Energy, Inc.",20.42B,1.90,1.95%,49.12%,7.96%,Quarterly,6,15,7.95%,7.90%
RGLD,"Royal Gold, Inc.",20.35B,1.90,0.79%,20.44%,5.56%,Quarterly,10,27,8.20%,9.63%
SNX,TD SYNNEX Corporation,20.27B,1.92,0.75%,11.71%,9.09%,Quarterly,5,13,11.10%,19.14%
USFD,US Foods Holding Corp.,20.26B,-,-,-,-,-,-,-,-,-
BRO,"Brown & Brown, Inc.",20.16B,0.66,1.10%,20.78%,10.00%,Quarterly,33,41,12.79%,12.27%
BSP,Bending Spoons S.p.A.,20.15B,-,-,-,-,-,-,-,-,-
DOW,Dow Inc.,20.14B,1.40,5.02%,-,-42.86%,Quarterly,-,8,-20.63%,-12.94%
PAAS,Pan American Silver Corp.,20.06B,0.68,1.49%,20.36%,62.86%,Quarterly,1,17,19.58%,17.15%
RS,"Reliance, Inc.",20.01B,5.00,1.28%,29.16%,5.32%,Quarterly,15,33,8.50%,12.99%
EIX,Edison International,19.78B,3.51,6.82%,36.23%,6.05%,Quarterly,1,23,5.91%,5.68%
AMCR,Amcor plc,19.77B,2.60,6.08%,109.24%,1.96%,Quarterly,6,8,2.00%,2.04%
LEN,Lennar Corporation,19.77B,2.00,2.44%,37.89%,-,Quarterly,-,49,10.06%,14.87%
SITM,SiTime Corporation,19.77B,-,-,-,-,-,-,-,-,-
LEN.B,Lennar Corporation,19.74B,2.00,2.46%,37.89%,-,Quarterly,-,24,10.06%,14.87%
EXE,Expand Energy Corporation,19.74B,2.30,2.69%,19.83%,-27.90%,Quarterly,1,6,-28.17%,-
WF,Woori Financial Group Inc.,19.71B,2.72,3.42%,34.01%,27.81%,Quarterly,2,8,7.16%,20.13%
CW,Curtiss-Wright Corporation,19.67B,1.04,0.20%,7.16%,11.11%,Quarterly,9,53,8.63%,7.39%
CMS,CMS Energy Corporation,19.63B,2.28,3.64%,68.57%,5.13%,Quarterly,18,20,5.42%,5.63%
BCE,BCE Inc.,19.58B,1.26,6.11%,26.56%,-37.72%,Quarterly,-,56,-23.47%,-14.48%
BEP,Brookfield Renewable Partners L.P.,19.40B,1.57,5.64%,-,5.09%,Quarterly,11,16,5.15%,5.23%
BEKE,KE Holdings Inc.,19.34B,0.28,1.63%,36.85%,-27.10%,Annual,1,3,-,-
STZ,"Constellation Brands, Inc.",19.28B,4.12,3.65%,39.33%,0.99%,Quarterly,10,12,6.65%,6.31%
WWD,"Woodward, Inc.",19.26B,1.28,0.39%,14.24%,14.29%,Quarterly,5,54,13.30%,14.51%
SNA,Snap-on Incorporated,19.14B,9.76,2.64%,49.79%,14.02%,Quarterly,16,56,14.63%,14.68%
CRS,Carpenter Technology Corporation,19.05B,0.80,0.21%,7.60%,-,Quarterly,-,56,-,-
DINO,HF Sinclair Corporation,18.88B,2.10,1.98%,20.16%,1.25%,Quarterly,-,39,4.99%,7.66%
BBY,"Best Buy Co., Inc.",18.87B,3.84,4.26%,63.87%,1.06%,Quarterly,21,24,1.71%,7.64%
LYB,LyondellBasell Industries N.V.,18.81B,2.76,4.74%,-,-36.53%,Quarterly,12,16,-11.00%,-4.63%
NI,NiSource Inc.,18.75B,1.20,3.06%,63.69%,7.14%,Quarterly,9,40,6.27%,6.40%
WES,"Western Midstream Partners, LP",18.74B,3.72,8.18%,117.38%,3.08%,Quarterly,4,14,21.29%,23.99%
SQM,Sociedad Química y Minera de Chile S.A.,18.66B,2.87,4.38%,32.31%,-,Semi-Annual,-,1,-18.92%,33.62%
FSLR,"First Solar, Inc.",18.61B,-,-,-,-,-,-,-,-,-
NTNX,"Nutanix, Inc.",18.59B,-,-,-,-,-,-,-,-,-
BR,"Broadridge Financial Solutions, Inc.",18.57B,4.36,2.68%,45.42%,11.07%,Quarterly,18,20,10.51%,11.17%
ITT,ITT Inc.,18.53B,1.54,0.75%,30.73%,9.99%,Quarterly,13,56,9.99%,12.73%
VIV,Telefônica Brasil S.A.,18.51B,0.79,7.01%,101.65%,60.67%,Monthly,1,7,21.61%,9.48%
NDSN,Nordson Corporation,18.48B,3.76,1.13%,38.03%,7.59%,Quarterly,63,63,8.94%,15.14%
CDE,"Coeur Mining, Inc.",18.40B,0.04,0.22%,1.80%,-,-,-,1,-76.29%,-57.83%
SSNC,"SS&C Technologies Holdings, Inc.",18.29B,1.20,1.54%,34.53%,8.82%,Quarterly,9,13,9.74%,12.35%
CHTR,"Charter Communications, Inc.",18.21B,-,-,-,-,-,-,-,-,-
KSPI,Joint Stock Company Kaspi.kz,18.19B,8.88,9.27%,49.14%,-,Quarterly,2,1,-1.16%,13.54%
FICO,Fair Isaac Corporation,18.19B,0,-,-,-,-,-,-,-,-
ESS,"Essex Property Trust, Inc.",18.16B,10.36,3.80%,161.18%,1.77%,Quarterly,1,33,4.24%,4.37%
SBS,Companhia de Saneamento Básico do Estado de São Paulo - SABESP,18.16B,0.10,1.97%,23.26%,-4.78%,Semi-Annual,1,15,31.90%,54.03%
IP,International Paper Company,18.04B,1.85,5.41%,-,-,Quarterly,-,56,-,-2.03%
GIS,"General Mills, Inc.",17.97B,2.44,7.26%,-,1.24%,Quarterly,6,56,3.36%,3.65%
EVRG,"Evergy, Inc.",17.97B,2.78,3.56%,70.88%,4.12%,Quarterly,22,35,4.30%,5.37%
TSN,"Tyson Foods, Inc.",17.89B,2.04,3.99%,126.11%,1.49%,Quarterly,12,52,1.86%,2.59%
PR,Permian Resources Corporation,17.85B,0.64,3.00%,40.51%,5.00%,Quarterly,-,5,28.06%,-
WCC,"WESCO International, Inc.",17.80B,2.00,0.55%,13.83%,10.15%,Quarterly,2,4,-,-
IONQ,"IonQ, Inc.",17.72B,-,-,-,-,-,-,-,-,-
GPC,Genuine Parts Company,17.71B,4.25,3.31%,"1,886.32%",3.12%,Quarterly,70,70,4.04%,5.45%
FIS,"Fidelity National Information Services, Inc.",17.70B,1.76,5.13%,27.08%,10.26%,Quarterly,1,24,-5.37%,2.50%
DD,"DuPont de Nemours, Inc.",17.67B,2.40,1.83%,616.20%,-50.31%,Quarterly,-,56,-17.21%,-7.79%
PKX,POSCO Holdings Inc.,17.63B,1.20,2.07%,41.97%,13.66%,Quarterly,-,19,-5.84%,-11.04%
LSCC,Lattice Semiconductor Corporation,17.63B,-,-,-,-,-,-,-,-,-
TOST,"Toast, Inc.",17.58B,-,-,-,-,-,-,-,-,-
ZBRA,Zebra Technologies Corporation,17.57B,-,-,-,-,-,-,-,-,-
U,Unity Software Inc.,17.52B,-,-,-,-,-,-,-,-,-
MKSI,MKS Inc.,17.49B,1.00,0.39%,15.86%,10.23%,Quarterly,-,16,3.30%,2.92%
ZBH,"Zimmer Biomet Holdings, Inc.",17.46B,0.96,1.05%,23.32%,-,Quarterly,-,15,-,-
CF,"CF Industries Holdings, Inc.",17.46B,2.40,2.08%,15.63%,5.00%,Quarterly,-,22,9.49%,11.84%
EWBC,"East West Bancorp, Inc.",17.35B,3.20,2.52%,28.82%,27.66%,Quarterly,8,28,17.70%,18.85%
CHRW,"C.H. Robinson Worldwide, Inc.",17.34B,2.52,1.70%,48.11%,1.61%,Quarterly,28,30,1.08%,4.32%
RCI,Rogers Communications Inc.,17.33B,1.45,4.61%,18.07%,1.53%,Quarterly,-,24,-0.46%,-1.89%
SBAC,SBA Communications Corporation,17.31B,5.00,3.06%,53.85%,12.76%,Quarterly,6,8,14.24%,17.12%
PAA,"Plains All American Pipeline, L.P.",17.31B,1.67,6.81%,46.24%,12.01%,Quarterly,4,28,16.97%,17.79%
MGA,Magna International Inc.,17.26B,1.98,3.06%,72.94%,2.07%,Quarterly,16,35,2.49%,3.11%
MEDP,"Medpace Holdings, Inc.",17.24B,-,-,-,-,-,-,-,-,-
FTAI,FTAI Aviation Ltd.,17.16B,2.00,1.20%,37.11%,41.67%,Quarterly,1,12,12.31%,5.19%
EFX,Equifax Inc.,17.10B,2.24,1.54%,39.38%,22.47%,Quarterly,1,56,11.80%,6.92%
IEX,IDEX Corporation,17.03B,2.92,1.26%,42.00%,2.84%,Quarterly,16,32,4.79%,6.47%
RVTY,"Revvity, Inc.",16.85B,0.28,0.19%,13.37%,-,Quarterly,-,56,-,-
FTV,Fortive Corporation,16.84B,0.24,0.43%,14.84%,-16.67%,Quarterly,-,11,-3.71%,-2.24%
FDXF,"FedEx Freight Holding Company, Inc.",16.84B,-,-,-,-,-,-,-,-,-
NVR,"NVR, Inc.",16.83B,-,-,-,-,-,-,-,-,-
BURL,"Burlington Stores, Inc.",16.77B,-,-,-,-,-,-,-,-,-
TSCO,Tractor Supply Company,16.72B,0.96,2.99%,50.02%,4.40%,Quarterly,15,17,5.81%,19.37%
TPG,TPG Inc.,16.72B,2.06,4.75%,340.49%,17.28%,Quarterly,3,5,23.82%,-
DT,"Dynatrace, Inc.",16.69B,-,-,-,-,-,-,-,-,-
WIT,Wipro Limited,16.66B,0.08,4.76%,58.04%,-31.11%,Semi-Annual,1,24,143.39%,67.00%
BEN,Franklin Templeton Inc.,16.59B,1.32,4.05%,89.76%,3.13%,Quarterly,46,46,3.23%,3.34%
APG,APi Group Corporation,16.56B,-,-,-,-,-,-,-,-,-
CLH,"Clean Harbors, Inc.",16.54B,-,-,-,-,-,-,-,-,-
RGA,"Reinsurance Group of America, Incorporated",16.50B,3.92,1.55%,17.26%,4.72%,Quarterly,16,34,5.07%,5.90%
IREN,IREN Limited,16.46B,-,-,-,-,-,-,-,-,-
CNH,CNH Industrial N.V.,16.43B,0.10,0.76%,39.98%,-60.00%,Annual,-,6,-36.75%,-5.37%
OVV,Ovintiv Inc.,16.39B,1.20,2.01%,34.71%,-,Quarterly,-,54,2.94%,23.29%
LNT,Alliant Energy Corporation,16.39B,2.14,3.39%,67.74%,5.49%,Quarterly,22,56,5.78%,5.88%
SMTC,Semtech Corporation,16.31B,0,-,-,-,-,-,-,-,-
CDW,CDW Corporation,16.30B,2.52,1.93%,30.26%,0.80%,Quarterly,12,14,2.21%,9.51%
J,Jacobs Solutions Inc.,16.19B,1.44,1.04%,50.29%,12.00%,Quarterly,7,10,11.50%,11.29%
BMNR,"Bitmine Immersion Technologies, Inc.",16.18B,0.01,0.04%,-,-,-,-,1,-,-
MTZ,"MasTec, Inc.",16.17B,0,-,-,-,-,-,-,7.72%,-
BSAC,Banco Santander-Chile,16.15B,1.10,3.24%,42.65%,10.67%,Annual,1,30,4.94%,1.25%
BIP,Brookfield Infrastructure Partners L.P.,16.11B,1.82,5.23%,291.87%,5.90%,Quarterly,16,19,5.99%,5.97%
DOCN,"DigitalOcean Holdings, Inc.",16.07B,-,-,-,-,-,-,-,-,-
AS,"Amer Sports, Inc.",16.04B,-,-,-,-,-,-,-,-,-
NWS,News Corporation,15.95B,0.20,0.62%,19.42%,-,Semi-Annual,-,12,-,-
RBC,RBC Bearings Incorporated,15.93B,0,-,-,-,-,-,-,-,-
HST,"Host Hotels & Resorts, Inc.",15.75B,0.95,4.17%,112.27%,85.56%,Quarterly,4,5,29.44%,123.42%
FUTU,Futu Holdings Limited,15.73B,2.60,2.32%,25.43%,-,-,-,1,-,-
INVH,Invitation Homes Inc.,15.71B,1.20,4.52%,110.40%,3.45%,Quarterly,1,10,4.89%,12.03%
AKAM,"Akamai Technologies, Inc.",15.68B,-,-,-,-,-,-,-,-,-
NWSA,News Corporation,15.67B,0.20,0.69%,19.42%,-,Semi-Annual,-,12,-,-
JAZZ,Jazz Pharmaceuticals plc,15.44B,-,-,-,-,-,-,-,-,-
TEM,"Tempus AI, Inc.",15.35B,-,-,-,-,-,-,-,-,-
LDOS,"Leidos Holdings, Inc.",15.34B,1.72,1.41%,16.06%,7.50%,Quarterly,7,15,6.10%,4.50%
NLY,"Annaly Capital Management, Inc.",15.33B,3.00,14.75%,75.83%,5.45%,Quarterly,1,30,0.82%,-3.80%
SOLV,Solventum Corporation,15.26B,-,-,-,-,-,-,-,-,-
STRL,"Sterling Infrastructure, Inc.",15.25B,-,-,-,-,-,-,-,-,-
GFL,GFL Environmental Inc.,15.24B,0.07,0.16%,-,9.86%,Quarterly,5,7,8.91%,8.99%
H,Hyatt Hotels Corporation,15.16B,0.60,0.37%,72.28%,-,Quarterly,-,4,25.99%,-4.87%
PTC,PTC Inc.,15.15B,-,-,-,-,-,-,-,-,-
ASND,Ascendis Pharma A/S,15.12B,-,-,-,-,-,-,-,-,-
BALL,Ball Corporation,15.11B,0.80,1.40%,22.80%,-,Quarterly,-,54,-,4.24%
KIM,Kimco Realty Corporation,15.11B,1.12,4.97%,131.42%,6.00%,Quarterly,5,35,4.83%,9.61%
JHX,James Hardie Industries plc,15.07B,-,-,-,-,-,-,-,-,-
TIGO,Millicom International Cellular S.A.,15.06B,4.50,5.00%,113.28%,-18.18%,Quarterly,-,2,65.10%,11.26%
CRBG,"Corebridge Financial, Inc.",15.04B,1.00,2.97%,55.65%,4.21%,Quarterly,1,5,-13.69%,-
WPC,W. P. Carey Inc.,14.98B,3.76,5.69%,128.01%,4.47%,Quarterly,1,29,-4.34%,-2.27%
LTM,LATAM Airlines Group S.A.,14.97B,0.96,1.84%,17.49%,50.60%,Semi-Annual,1,3,-45.43%,-30.47%
RBA,"RB Global, Inc.",14.97B,1.32,1.62%,56.89%,6.78%,Quarterly,22,24,5.27%,6.72%
ZTO,ZTO Express (Cayman) Inc.,14.94B,0.67,3.41%,35.43%,-1.47%,Semi-Annual,-,9,23.01%,22.79%
APA,APA Corporation,14.83B,1.00,2.36%,21.17%,-,Quarterly,-,56,-,48.71%
LECO,"Lincoln Electric Holdings, Inc.",14.78B,3.16,1.17%,31.61%,5.33%,Quarterly,29,53,7.27%,9.15%
OHI,"Omega Healthcare Investors, Inc.",14.77B,2.72,5.87%,96.98%,0.37%,Quarterly,-,24,0.12%,0.07%
FN,Fabrinet,14.73B,-,-,-,-,-,-,-,-,-
ROL,"Rollins, Inc.",14.73B,0.73,2.38%,66.35%,10.61%,Quarterly,23,56,11.97%,13.95%
LAMR,Lamar Advertising Company,14.72B,6.65,4.60%,121.44%,5.56%,Quarterly,2,13,8.20%,17.26%
EMA,Emera Incorporated,14.66B,2.13,4.45%,95.31%,2.74%,Quarterly,-,15,1.10%,0.98%
VNOM,"Viper Energy, Inc.",14.58B,2.50,6.14%,738.40%,3.81%,Quarterly,-,4,-,-
TLN,Talen Energy Corporation,14.55B,-,-,-,-,-,-,-,-,-
EXEL,"Exelixis, Inc.",14.51B,-,-,-,-,-,-,-,-,-
PFGC,Performance Food Group Company,14.49B,-,-,-,-,-,-,-,-,-
KEP,Korea Electric Power Corporation,14.48B,0.41,3.73%,10.56%,761.51%,-,1,2,-7.05%,-4.29%
AGI,Alamos Gold Inc.,14.46B,0.15,0.44%,5.20%,45.00%,Quarterly,-,12,13.19%,8.83%
JLL,Jones Lang LaSalle Incorporated,14.45B,0,-,-,-,-,-,-,10.35%,12.37%
UNM,Unum Group,14.43B,2.02,2.21%,47.68%,9.59%,Quarterly,17,40,11.63%,10.29%
ARMK,Aramark,14.30B,0.48,0.89%,33.57%,14.29%,Quarterly,1,13,2.94%,1.76%
NBIX,"Neurocrine Biosciences, Inc.",14.28B,-,-,-,-,-,-,-,-,-
LOGI,Logitech International S.A.,14.27B,1.68,1.67%,30.89%,6.17%,Annual,12,15,12.30%,12.14%
OWL,Blue Owl Capital Inc.,14.26B,0.92,10.09%,771.04%,12.35%,Quarterly,4,6,19.74%,-
EQH,"Equitable Holdings, Inc.",14.25B,1.20,2.30%,-,11.76%,Quarterly,7,9,10.72%,10.25%
WMG,Warner Music Group Corp.,14.24B,0.80,2.93%,63.42%,5.48%,Quarterly,5,7,5.81%,8.59%
WY,Weyerhaeuser Company,14.23B,0.84,4.26%,128.38%,1.20%,Quarterly,-,56,-20.15%,4.32%
ONTO,Onto Innovation Inc.,14.18B,-,-,-,-,-,-,-,-,-
EG,"Everest Group, Ltd.",14.18B,8.00,2.16%,17.04%,-,Quarterly,4,32,6.09%,5.23%
CX,"CEMEX, S.A.B. de C.V.",14.15B,0.11,1.13%,32.39%,24.53%,Quarterly,1,3,73.11%,1.50%
DOC,"Healthpeak Properties, Inc.",14.09B,1.22,6.09%,354.02%,0.41%,Monthly,1,42,0.55%,-0.80%
CG,The Carlyle Group Inc.,14.08B,1.40,3.55%,144.01%,-,Quarterly,-,15,1.22%,6.96%
CRL,"Charles River Laboratories International, Inc.",14.07B,-,-,-,-,-,-,-,-,-
MAA,"Mid-America Apartment Communities, Inc.",14.07B,6.12,5.16%,178.91%,0.99%,Quarterly,15,33,3.00%,8.34%
PNFP,"Pinnacle Financial Partners, Inc.",14.06B,2.00,2.12%,25.48%,85.11%,Quarterly,1,14,25.51%,19.97%
YUMC,"Yum China Holdings, Inc.",13.97B,1.16,2.82%,40.83%,26.14%,Quarterly,3,10,29.59%,18.25%
SUI,"Sun Communities, Inc.",13.96B,4.48,3.99%,-,11.11%,Quarterly,9,34,6.23%,6.05%
EQX,Equinox Gold Corp.,13.93B,0.05,0.47%,5.37%,-,Quarterly,-,1,-,-
EMBJ,Embraer S.A.,13.90B,0.68,0.89%,26.78%,-,Quarterly,1,2,140.27%,41.08%
GIB,CGI Inc.,13.86B,0.49,0.73%,8.68%,14.53%,Quarterly,1,3,65.99%,35.54%
TME,Tencent Music Entertainment Group,13.85B,0.24,2.85%,27.62%,33.33%,Annual,1,3,-,-
SKM,"SK Telecom Co., Ltd.",13.84B,0.50,1.42%,40.08%,-41.11%,Semi-Annual,1,19,-23.16%,-22.72%
ARCC,Ares Capital Corporation,13.72B,1.92,10.05%,143.00%,-,Quarterly,-,23,-0.52%,3.58%
REG,Regency Centers Corporation,13.68B,3.02,4.12%,101.74%,7.09%,Quarterly,12,33,5.12%,4.88%
PAG,"Penske Automotive Group, Inc.",13.67B,5.76,2.75%,41.01%,13.03%,Quarterly,5,16,30.12%,26.52%
CACI,CACI International Inc,13.65B,-,-,-,-,-,-,-,-,-
INIO,Innio N.V.,13.61B,-,-,-,-,-,-,-,-,-
W,Wayfair Inc.,13.53B,-,-,-,-,-,-,-,-,-
ICLR,ICON Public Limited Company,13.53B,-,-,-,-,-,-,-,-,-
MLI,"Mueller Industries, Inc.",13.51B,0.70,1.14%,16.93%,36.84%,Quarterly,5,23,31.25%,39.62%
RNR,RenaissanceRe Holdings Ltd.,13.50B,1.64,0.50%,2.80%,2.52%,Quarterly,30,32,2.58%,2.65%
TU,TELUS Corporation,13.49B,1.05,12.52%,-,-10.43%,Quarterly,5,16,-0.14%,0.92%
MAS,Masco Corporation,13.44B,1.28,1.87%,29.56%,4.10%,Quarterly,12,56,3.82%,11.11%
IVZ,Invesco Ltd.,13.42B,0.86,2.84%,-,2.41%,Quarterly,4,20,3.13%,5.51%
SWK,"Stanley Black & Decker, Inc.",13.41B,3.36,3.79%,82.21%,1.22%,Quarterly,59,59,1.23%,2.87%
TRMB,Trimble Inc.,13.41B,-,-,-,-,-,-,-,-,-
STLA,Stellantis N.V.,13.35B,0,-,-,-,-,-,5,-19.85%,-
FLUT,Flutter Entertainment plc,13.31B,-,-,-,-,-,-,-,-,-
TXT,Textron Inc.,13.30B,0.08,0.10%,1.51%,-,Quarterly,-,56,-,-
TYL,"Tyler Technologies, Inc.",13.28B,0,-,-,-,-,-,-,-18.30%,-11.42%
HTHT,H World Group Limited,13.26B,2.11,4.90%,92.05%,22.41%,Semi-Annual,3,5,52.55%,62.15%
AMKR,"Amkor Technology, Inc.",13.23B,0.33,0.63%,15.00%,1.00%,Quarterly,5,7,3.65%,15.86%
ALLE,Allegion plc,13.21B,2.20,1.41%,28.87%,7.46%,Quarterly,11,13,7.06%,9.06%
SWKS,"Skyworks Solutions, Inc.",13.19B,2.13,2.43%,110.09%,1.43%,-,12,13,4.62%,7.26%
CHKP,Check Point Software Technologies Ltd.,13.19B,-,-,-,-,-,-,-,-,-
AEG,Aegon Ltd.,13.18B,0.41,4.66%,58.60%,9.98%,Semi-Annual,5,15,20.15%,23.86%
VICR,Vicor Corporation,13.17B,0,-,-,-,-,-,-,-20.63%,-17.40%
SGI,Somnigroup International Inc.,13.11B,0.68,1.09%,27.09%,13.79%,Quarterly,5,6,15.35%,23.47%
ULS,UL Solutions Inc.,13.11B,0.58,0.89%,23.37%,9.71%,Quarterly,1,3,-,-
TTMI,"TTM Technologies, Inc.",13.10B,-,-,-,-,-,-,-,-,-
AVY,Avery Dennison Corporation,13.04B,4.00,2.33%,43.79%,6.59%,Quarterly,15,56,7.54%,8.34%
MKC,"McCormick & Company, Incorporated",13.02B,1.92,3.96%,31.95%,6.67%,Quarterly,39,56,7.17%,7.14%
BBIO,"BridgeBio Pharma, Inc.",13.01B,-,-,-,-,-,-,-,-,-
TLK,Perusahaan Perseroan (Persero) PT Telekomunikasi Indonesia Tbk,12.99B,0.94,7.12%,93.17%,-9.93%,Annual,1,31,3.56%,6.99%
AIZ,"Assurant, Inc.",12.98B,3.52,1.34%,16.86%,10.00%,Quarterly,21,23,7.93%,5.92%
BNT,Brookfield Wealth Solutions Ltd.,12.97B,0.28,0.77%,77.24%,15.72%,Quarterly,2,6,4.98%,-
CSL,Carlisle Companies Incorporated,12.95B,5.00,1.53%,28.75%,10.98%,Quarterly,50,56,13.64%,16.56%
QNT,Quantinuum Inc.,12.93B,-,-,-,-,-,-,-,-,-
COKE,"Coca-Cola Consolidated, Inc.",12.91B,1.00,0.52%,13.37%,-,Quarterly,-,55,28.16%,58.49%
MKC.V,"McCormick & Company, Incorporated",12.90B,1.92,3.81%,31.95%,6.78%,Quarterly,33,53,7.06%,7.28%
SJM,The J. M. Smucker Company,12.89B,4.48,3.71%,208.52%,1.84%,Quarterly,30,56,2.37%,3.68%
PAC,"Grupo Aeroportuario del Pacífico, S.A.B. de C.V.",12.86B,0,-,-,-,-,1,5,16.93%,15.71%
IESC,"IES Holdings, Inc.",12.83B,-,-,-,-,-,-,-,-,-
GL,Globe Life Inc.,12.83B,1.32,0.79%,8.36%,20.00%,Quarterly,10,56,12.60%,10.07%
HALO,"Halozyme Therapeutics, Inc.",12.81B,-,-,-,-,-,-,-,-,-
RPM,RPM International Inc.,12.80B,2.16,2.16%,41.82%,5.88%,Quarterly,53,54,8.74%,7.28%
LII,Lennox International Inc.,12.72B,5.44,1.48%,24.16%,8.57%,Quarterly,16,28,7.19%,9.50%
GGG,Graco Inc.,12.68B,1.18,1.51%,37.10%,7.27%,Quarterly,20,56,7.87%,9.49%
TRU,TransUnion,12.66B,0.50,0.76%,13.22%,8.89%,Quarterly,1,9,5.27%,7.58%
ALB,Albemarle Corporation,12.65B,1.64,1.53%,336.42%,0.31%,Quarterly,31,33,0.62%,0.88%
GRAB,Grab Holdings Limited,12.62B,-,-,-,-,-,-,-,-,-
HAS,"Hasbro, Inc.",12.61B,2.80,3.13%,49.98%,-,Quarterly,-,46,-,0.58%
SEIC,SEI Investments Company,12.58B,1.04,0.99%,18.36%,6.12%,Semi-Annual,35,39,6.54%,7.04%
FIVE,"Five Below, Inc.",12.57B,-,-,-,-,-,-,-,-,-
TOL,"Toll Brothers, Inc.",12.57B,1.04,0.76%,8.34%,5.10%,Quarterly,5,10,7.46%,10.69%
PEN,"Penumbra, Inc.",12.57B,-,-,-,-,-,-,-,-,-
QXO,"QXO, Inc.",12.56B,0,-,-,-,-,-,-,51.44%,133.54%
AMH,American Homes 4 Rent,12.52B,1.32,4.32%,104.21%,11.21%,Quarterly,5,14,15.37%,29.81%
DOCU,"DocuSign, Inc.",12.52B,-,-,-,-,-,-,-,-,-
MAIR,Madison Air Solutions Corporation,12.51B,-,-,-,-,-,-,-,-,-
GEN,Gen Digital Inc.,12.49B,0.50,2.40%,29.18%,-,Quarterly,-,14,-,-
CORT,Corcept Therapeutics Incorporated,12.48B,-,-,-,-,-,-,-,-,-
BWA,BorgWarner Inc.,12.46B,0.68,1.11%,34.69%,36.00%,Quarterly,1,14,3.13%,-
DTM,"DT Midstream, Inc.",12.43B,3.52,2.88%,77.19%,8.29%,Quarterly,4,6,8.48%,-
JBS,JBS N.V.,12.42B,2.00,17.33%,94.59%,-,-,-,1,-,-
AIT,"Applied Industrial Technologies, Inc.",12.39B,2.04,0.60%,18.63%,13.71%,Quarterly,16,56,12.71%,8.72%
SMMT,Summit Therapeutics Inc.,12.35B,-,-,-,-,-,-,-,-,-
MOG.A,Moog Inc.,12.34B,1.20,0.31%,10.20%,3.48%,Quarterly,5,9,3.61%,3.54%
CNA,CNA Financial Corporation,12.31B,1.92,4.22%,42.29%,2.09%,Quarterly,2,16,10.89%,11.53%
BWXT,"BWX Technologies, Inc.",12.31B,1.08,0.81%,27.98%,7.07%,Quarterly,10,15,5.22%,5.27%
MOG.B,Moog Inc.,12.30B,1.20,0.30%,10.20%,3.48%,Quarterly,5,9,3.61%,3.54%
WSO.B,"Watsco, Inc.",12.30B,13.20,4.04%,113.14%,10.53%,Quarterly,12,52,9.68%,11.08%
BJ,"BJ's Wholesale Club Holdings, Inc.",12.23B,-,-,-,-,-,-,-,-,-
EHC,Encompass Health Corporation,12.23B,0.84,0.68%,13.70%,11.43%,Quarterly,1,14,9.14%,-6.98%
FMS,Fresenius Medical Care AG,12.20B,0.61,2.64%,30.40%,6.38%,Annual,2,28,13.44%,-10.75%
BAX,Baxter International Inc.,12.15B,0.04,0.17%,-,-94.12%,Quarterly,-,56,-67.45%,-47.98%
GNRC,Generac Holdings Inc.,12.12B,0,-,-,-,-,-,-,-,-
GME,GameStop Corp.,12.12B,0,-,-,-,-,-,-,1.58%,5.65%
AHR,"American Healthcare REIT, Inc.",12.10B,1.00,1.93%,150.84%,-,Quarterly,-,3,-,-
WSO,"Watsco, Inc.",12.08B,13.20,4.22%,113.14%,10.53%,Quarterly,12,43,9.68%,11.08%
NXT,Nextpower Inc.,12.01B,-,-,-,-,-,-,-,-,-
BF.A,Brown-Forman Corporation,12.00B,0.92,3.52%,59.59%,1.99%,Quarterly,6,56,3.98%,5.17%
WTS,"Watts Water Technologies, Inc.",11.98B,2.52,0.70%,20.09%,21.05%,Quarterly,13,41,20.33%,18.60%
CR,Crane Company,11.97B,1.02,0.49%,17.80%,11.17%,Quarterly,1,56,-8.53%,-10.37%
DKS,"DICK'S Sporting Goods, Inc.",11.96B,5.00,3.71%,53.47%,4.75%,Quarterly,11,16,12.48%,27.46%
MDGL,"Madrigal Pharmaceuticals, Inc.",11.95B,-,-,-,-,-,-,-,-,-
BF.B,Brown-Forman Corporation,11.94B,0.92,3.55%,59.59%,1.99%,Quarterly,53,56,3.98%,5.17%
GDDY,GoDaddy Inc.,11.88B,-,-,-,-,-,-,-,-,-
GWRE,"Guidewire Software, Inc.",11.87B,-,-,-,-,-,-,-,-,-
ELS,"Equity LifeStyle Properties, Inc.",11.85B,2.17,3.67%,104.62%,5.93%,Quarterly,20,34,6.93%,8.42%
HBM,Hudbay Minerals Inc.,11.83B,0.02,0.08%,1.27%,53.27%,Quarterly,-,17,13.92%,6.63%
NVMI,Nova Ltd.,11.79B,-,-,-,-,-,-,-,-,-
UHAL,U-Haul Holding Company,11.79B,0,-,-,-,-,-,-,-,-12.94%
SANM,Sanmina Corporation,11.79B,-,-,-,-,-,-,-,-,-
BTSG,"BrightSpring Health Services, Inc.",11.78B,-,-,-,-,-,-,-,-,-
WSE,Wise Group plc,11.77B,-,-,-,-,-,-,-,-,-
MANH,"Manhattan Associates, Inc.",11.76B,-,-,-,-,-,-,-,-,-
IT,"Gartner, Inc.",11.74B,0,-,-,-,-,-,-,-,-
SAIL,"SailPoint, Inc.",11.74B,-,-,-,-,-,-,-,-,-
ARW,"Arrow Electronics, Inc.",11.70B,0,-,-,-,-,-,-,7.72%,5.92%
HMY,Harmony Gold Mining Company Limited,11.69B,0.62,3.52%,22.08%,273.71%,Semi-Annual,3,6,169.44%,52.23%
UDR,"UDR, Inc.",11.60B,1.74,5.15%,109.85%,-,Monthly,16,47,1.08%,3.65%
ERIE,Erie Indemnity Company,11.59B,5.85,2.65%,53.09%,7.14%,Quarterly,36,36,7.11%,7.16%
GLPI,"Gaming and Leisure Properties, Inc.",11.57B,3.28,8.47%,96.15%,3.90%,Quarterly,1,13,0.79%,4.32%
CCK,"Crown Holdings, Inc.",11.56B,1.40,1.30%,18.88%,27.18%,Quarterly,4,6,11.70%,16.90%
TXG,"10x Genomics, Inc.",11.55B,-,-,-,-,-,-,-,-,-
MICC,The Magnum Ice Cream Company N.V.,11.54B,-,-,-,-,-,-,-,-,-
PSKY,Paramount Skydance Corporation,11.52B,0.20,1.96%,-,-,Quarterly,-,21,-29.88%,-26.93%
BMRN,BioMarin Pharmaceutical Inc.,11.50B,-,-,-,-,-,-,-,-,-
ALLY,Ally Financial Inc.,11.50B,1.20,3.14%,28.28%,-,Quarterly,-,11,-,7.91%
LI,Li Auto Inc.,11.49B,-,-,-,-,-,-,-,-,-
AFG,"American Financial Group, Inc.",11.45B,3.52,2.54%,61.33%,-23.70%,Quarterly,-,41,-6.25%,-17.17%
HUT,Hut 8 Corp.,11.44B,-,-,-,-,-,-,-,-,-
HL,Hecla Mining Company,11.44B,0.02,0.09%,3.02%,-40.00%,Quarterly,-,16,-12.64%,-17.81%
AGNCM,AGNC Investment Corp.,11.40B,2.12,8.41%,112.51%,-6.95%,Quarterly,-,8,7.20%,4.26%
TECH,Bio-Techne Corporation,11.37B,0.32,0.44%,27.59%,-,Quarterly,-,19,-,-
DVA,DaVita Inc.,11.33B,-,-,-,-,-,-,-,-,-
TWST,Twist Bioscience Corporation,11.28B,-,-,-,-,-,-,-,-,-
IAG,IAMGOLD Corporation,11.25B,0,-,-,-,-,-,-,46.20%,33.03%
SNN,Smith & Nephew plc,11.23B,0.76,2.82%,50.20%,4.37%,Semi-Annual,1,27,1.53%,0.91%
ELAN,Elanco Animal Health Incorporated,11.21B,-,-,-,-,-,-,-,-,-
AGNC,AGNC Investment Corp.,11.20B,1.44,15.24%,76.51%,-,Monthly,-,19,-,-
AA,Alcoa Corporation,11.15B,0.40,0.95%,8.29%,-,Quarterly,-,6,-,-
LULU,lululemon athletica inc.,11.15B,-,-,-,-,-,-,-,-,-
AEIS,"Advanced Energy Industries, Inc.",11.13B,0.40,0.14%,7.43%,-,Quarterly,-,6,-,-
FPS,"Forgent Power Solutions, Inc.",11.12B,-,-,-,-,-,-,-,-,-
FRHC,Freedom Holding Corp.,11.10B,0,-,-,-,-,-,-,-,-
BXP,"BXP, Inc.",11.08B,2.80,4.48%,150.50%,-23.08%,Quarterly,-,30,-10.61%,-6.51%
RMBS,Rambus Inc.,11.08B,-,-,-,-,-,-,-,-,-
PNW,Pinnacle West Capital Corporation,11.06B,3.64,3.99%,70.10%,1.68%,Quarterly,14,34,1.70%,1.86%
WTRG,"Essential Utilities, Inc.",11.05B,1.44,3.71%,73.75%,5.25%,Quarterly,33,56,5.93%,6.35%
FNF,"Fidelity National Financial, Inc.",11.04B,2.08,5.04%,72.67%,4.00%,Quarterly,14,22,4.94%,7.04%
FHN,First Horizon Corporation,11.00B,0.68,2.93%,32.68%,10.00%,Quarterly,-,16,3.23%,1.92%
HRL,Hormel Foods Corporation,10.99B,1.17,5.87%,188.62%,1.30%,Quarterly,60,60,2.47%,3.83%
RGEN,Repligen Corporation,10.97B,-,-,-,-,-,-,-,-,-
CSGP,"CoStar Group, Inc.",10.95B,-,-,-,-,-,-,-,-,-
EGO,Eldorado Gold Corporation,10.95B,0.23,0.57%,8.01%,-,Quarterly,-,1,44.22%,24.57%
FROG,JFrog Ltd.,10.94B,-,-,-,-,-,-,-,-,-
EGP,"EastGroup Properties, Inc.",10.88B,7.00,3.46%,123.01%,11.30%,Quarterly,14,49,8.43%,14.37%
LFUS,"Littelfuse, Inc.",10.88B,3.20,0.75%,-,7.02%,Quarterly,15,17,7.57%,9.14%
JEF,Jefferies Financial Group Inc.,10.87B,1.60,3.39%,44.91%,3.23%,Quarterly,2,17,10.06%,14.87%
PAYP,PayPay Corporation,10.86B,-,-,-,-,-,-,-,-,-
FIG,"Figma, Inc.",10.80B,-,-,-,-,-,-,-,-,-
COO,"The Cooper Companies, Inc.",10.75B,0,-,-,-,-,-,-,-,-
EVR,Evercore Inc.,10.72B,3.56,1.36%,20.10%,5.49%,Quarterly,18,20,5.34%,6.05%
TX,Ternium S.A.,10.70B,2.20,4.03%,61.74%,-18.52%,Semi-Annual,-,6,-6.60%,0.93%
DDS,"Dillard's, Inc.",10.68B,31.20,4.56%,71.46%,19.77%,Quarterly,12,56,25.33%,116.89%
FRO,Frontline plc,10.68B,1.76,3.66%,80.57%,398.15%,Quarterly,-,5,27.92%,104.62%
SUZ,Suzano S.A.,10.67B,0.19,2.25%,15.16%,-,Annual,-,5,-15.51%,9.85%
GSAT,"Globalstar, Inc.",10.67B,-,-,-,-,-,-,-,-,-
AUR,"Aurora Innovation, Inc.",10.67B,-,-,-,-,-,-,-,-,-
DECK,Deckers Outdoor Corporation,10.67B,-,-,-,-,-,-,-,-,-
SF,Stifel Financial Corp.,10.62B,1.36,1.94%,24.33%,10.55%,Quarterly,9,10,12.98%,28.71%
RDY,Dr. Reddy's Laboratories Limited,10.61B,0.06,0.51%,15.31%,-10.07%,Annual,-,26,-7.78%,2.82%
AES,The AES Corporation,10.60B,0.70,4.73%,26.95%,0.49%,Quarterly,13,15,2.39%,3.42%
AR,Antero Resources Corporation,10.55B,-,-,-,-,-,-,-,-,-
UHAL.B,U-Haul Holding Company,10.54B,0.20,0.37%,61.52%,-,Quarterly,-,5,7.72%,-
DKNG,DraftKings Inc.,10.51B,-,-,-,-,-,-,-,-,-
SCI,Service Corporation International,10.50B,1.44,1.87%,36.54%,11.11%,Quarterly,12,22,8.37%,10.24%
UHS,"Universal Health Services, Inc.",10.46B,0.80,0.45%,3.26%,-,Quarterly,-,24,-,5.92%
PINS,"Pinterest, Inc.",10.43B,-,-,-,-,-,-,-,-,-
RRX,Regal Rexnord Corporation,10.41B,1.40,0.90%,28.80%,-,Quarterly,-,54,-,2.13%
TXRH,"Texas Roadhouse, Inc.",10.40B,3.00,1.89%,48.04%,10.57%,Quarterly,5,16,11.57%,29.64%
NYT,The New York Times Company,10.36B,0.92,1.43%,34.16%,32.26%,Quarterly,7,14,27.03%,25.83%
JKHY,"Jack Henry & Associates, Inc.",10.36B,2.44,1.65%,34.96%,5.24%,Quarterly,36,37,5.54%,5.89%
KNX,Knight-Swift Transportation Holdings Inc.,10.35B,0.80,1.25%,302.61%,11.43%,Quarterly,6,23,13.04%,16.72%
AVTR,"Avantor, Inc.",10.34B,-,-,-,-,-,-,-,-,-
ALGN,"Align Technology, Inc.",10.29B,-,-,-,-,-,-,-,-,-
RTO,Rentokil Initial plc,10.28B,0.54,2.64%,56.42%,6.08%,Semi-Annual,-,6,7.38%,2.02%
QRVO,"Qorvo, Inc.",10.26B,-,-,-,-,-,-,-,-,-
XP,XP Inc.,10.26B,0.20,0.99%,19.42%,-,Annual,-,4,-,-
CPT,Camden Property Trust,10.24B,4.24,4.30%,137.99%,1.20%,Quarterly,4,34,2.40%,4.96%
FORM,"FormFactor, Inc.",10.24B,-,-,-,-,-,-,-,-,-
ENSG,"The Ensign Group, Inc.",10.24B,0.26,0.15%,4.08%,4.00%,Quarterly,18,20,4.17%,4.36%
SUN,Sunoco LP,10.20B,4.01,5.37%,84.78%,7.72%,Quarterly,3,15,4.85%,3.09%
AXSM,"Axsome Therapeutics, Inc.",10.15B,-,-,-,-,-,-,-,-,-
HUBS,"HubSpot, Inc.",10.15B,-,-,-,-,-,-,-,-,-
UMBF,UMB Financial Corporation,10.15B,2.00,1.49%,14.92%,11.88%,Quarterly,33,56,5.60%,6.12%
DCI,"Donaldson Company, Inc.",10.14B,1.28,1.46%,33.25%,8.77%,Quarterly,41,56,8.91%,7.59%
HII,"Huntington Ingalls Industries, Inc.",10.13B,5.52,2.15%,32.87%,2.22%,Quarterly,13,15,3.63%,3.90%
BPOP,"Popular, Inc.",10.12B,3.60,2.26%,21.31%,10.53%,Quarterly,7,12,12.71%,13.13%
BIO.B,"Bio-Rad Laboratories, Inc.",10.11B,-,-,-,-,-,-,-,-,-
CHYM,"Chime Financial, Inc.",10.10B,-,-,-,-,-,-,-,-,-
BIO,"Bio-Rad Laboratories, Inc.",10.10B,-,-,-,-,-,-,-,-,-
VIAV,Viavi Solutions Inc.,10.09B,-,-,-,-,-,-,-,-,-
CART,Maplebear Inc.,10.04B,-,-,-,-,-,-,-,-,-
GMED,"Globus Medical, Inc.",10.03B,-,-,-,-,-,-,-,-,-
ONON,On Holding AG,10.02B,-,-,-,-,-,-,-,-,-
MSGS,Madison Square Garden Sports Corp.,10.01B,0,-,-,-,-,-,-,-,-
KRYS,"Krystal Biotech, Inc.",9.98B,-,-,-,-,-,-,-,-,-
TFII,TFI International Inc.,9.96B,1.88,1.53%,46.19%,4.44%,Quarterly,10,16,10.33%,15.45%
CGNX,Cognex Corporation,9.88B,0.34,0.58%,32.70%,6.25%,Quarterly,10,12,6.69%,7.21%
SSB,SouthState Bank Corporation,9.88B,2.64,2.59%,27.70%,10.81%,Quarterly,14,30,6.79%,5.30%
VSAT,"Viasat, Inc.",9.88B,-,-,-,-,-,-,-,-,-
WMS,"Advanced Drainage Systems, Inc.",9.87B,0.80,0.61%,13.86%,11.76%,Quarterly,11,13,13.48%,13.70%
MOH,"Molina Healthcare, Inc.",9.85B,-,-,-,-,-,-,-,-,-
CLX,The Clorox Company,9.84B,5.00,6.14%,103.95%,1.22%,Quarterly,49,56,1.52%,1.87%
AM,Antero Midstream Corporation,9.83B,0.90,4.32%,108.55%,-,Quarterly,-,10,-,-3.31%
DRS,"Leonardo DRS, Inc.",9.77B,0.36,0.98%,30.25%,-,Quarterly,-,2,-,-
RYAN,"Ryan Specialty Holdings, Inc.",9.75B,0.52,1.37%,71.35%,8.51%,Quarterly,1,3,-,-
PAYC,"Paycom Software, Inc.",9.75B,1.50,0.68%,16.04%,-,Quarterly,-,4,-,-
WTFC,Wintrust Financial Corporation,9.73B,2.20,1.52%,17.67%,10.26%,Quarterly,12,27,11.77%,12.18%
CFR,"Cullen/Frost Bankers, Inc.",9.72B,4.12,2.63%,38.96%,4.10%,Quarterly,32,34,4.77%,6.89%
BSY,"Bentley Systems, Incorporated",9.70B,0.28,0.90%,30.98%,3.70%,Quarterly,3,7,15.87%,18.47%
PSO,Pearson plc,9.70B,0.35,2.17%,52.16%,6.23%,Semi-Annual,3,26,8.11%,4.80%
DPZ,"Domino's Pizza, Inc.",9.67B,7.96,2.72%,45.08%,14.56%,Quarterly,12,14,17.69%,16.45%
BRKR,Bruker Corporation,9.66B,0.20,0.32%,-,-,Quarterly,-,11,-,4.56%
BEPC,Brookfield Renewable Corporation,9.66B,1.57,5.61%,-,5.09%,Quarterly,5,7,5.15%,5.23%
ONB,Old National Bancorp,9.64B,0.58,2.30%,25.87%,2.68%,Quarterly,-,44,0.89%,0.53%
OC,Owens Corning,9.63B,3.16,2.59%,-,14.49%,Quarterly,7,13,14.96%,24.89%
FRT,Federal Realty Investment Trust,9.61B,4.64,4.22%,93.57%,2.71%,Quarterly,59,59,1.67%,1.37%
ENLT,Enlight Renewable Energy Ltd,9.60B,-,-,-,-,-,-,-,-,-
HSIC,"Henry Schein, Inc.",9.57B,-,-,-,-,-,-,-,-,-
DAR,Darling Ingredients Inc.,9.56B,-,-,-,-,-,-,-,-,-
MUSA,Murphy USA Inc.,9.56B,2.56,0.49%,7.79%,27.50%,Quarterly,5,7,19.61%,20.59%
AMG,"Affiliated Managers Group, Inc.",9.53B,0.04,0.01%,0.14%,-,Quarterly,-,10,-,-
FDS,FactSet Research Systems Inc.,9.52B,4.64,1.75%,30.55%,5.61%,Quarterly,26,28,6.52%,7.29%
XPEV,XPeng Inc.,9.52B,-,-,-,-,-,-,-,-,-
ALSN,"Allison Transmission Holdings, Inc.",9.45B,1.16,1.01%,18.41%,7.55%,Quarterly,6,15,8.20%,9.03%
FLS,Flowserve Corporation,9.43B,0.88,1.19%,30.63%,3.57%,Quarterly,-,20,2.84%,1.69%
SIMO,Silicon Motion Technology Corporation,9.42B,1.99,0.72%,23.31%,-,Quarterly,-,14,58.74%,7.44%
FCFS,"FirstCash Holdings, Inc.",9.42B,1.68,0.78%,19.15%,7.69%,Quarterly,9,11,7.83%,8.06%
AG,First Majestic Silver Corp.,9.38B,0.05,0.25%,6.60%,131.31%,Quarterly,1,6,27.11%,-
GKOS,Glaukos Corporation,9.36B,-,-,-,-,-,-,-,-,-
QGEN,Qiagen N.V.,9.33B,2.76,6.12%,134.23%,66.09%,Semi-Annual,2,3,23.96%,13.76%
KYMR,"Kymera Therapeutics, Inc.",9.29B,-,-,-,-,-,-,-,-,-
MOD,Modine Manufacturing Company,9.29B,0,-,-,-,-,-,-,-11.60%,-2.44%
ESTC,Elastic N.V.,9.26B,-,-,-,-,-,-,-,-,-
ARWR,"Arrowhead Pharmaceuticals, Inc.",9.24B,-,-,-,-,-,-,-,-,-
PODD,Insulet Corporation,9.24B,-,-,-,-,-,-,-,-,-
JAN,"Janus Living, Inc.",9.23B,0.57,1.91%,728.38%,-,Monthly,-,1,-,-
OGE,OGE Energy Corp.,9.22B,1.72,3.84%,75.52%,0.89%,Quarterly,19,56,0.86%,1.04%
ZION,"Zions Bancorporation, National Association",9.22B,1.92,3.04%,24.47%,5.17%,Quarterly,13,56,3.72%,5.50%
PTGX,"Protagonist Therapeutics, Inc.",9.21B,-,-,-,-,-,-,-,-,-
LLYVK,"Liberty Live Holdings, Inc.",9.21B,-,-,-,-,-,-,-,-,-
KT,KT Corporation,9.20B,0.67,3.46%,37.04%,4.21%,Quarterly,1,7,3.87%,0.98%
CYTK,"Cytokinetics, Incorporated",9.20B,-,-,-,-,-,-,-,-,-
TTC,The Toro Company,9.19B,1.56,1.61%,41.75%,2.63%,Quarterly,22,43,4.68%,8.24%
OSCR,"Oscar Health, Inc.",9.15B,-,-,-,-,-,-,-,-,-
AYI,Acuity Inc.,9.10B,0.80,0.26%,5.31%,17.65%,Quarterly,2,25,15.44%,9.00%
ORI,Old Republic International Corporation,9.09B,3.76,9.92%,82.02%,19.14%,Quarterly,46,56,57.01%,14.84%
GLXY,Galaxy Digital Inc.,9.08B,-,-,-,-,-,-,-,-,-
LLYVA,"Liberty Live Holdings, Inc.",9.06B,-,-,-,-,-,-,-,-,-
MTCH,"Match Group, Inc.",9.06B,0.80,2.03%,28.26%,3.95%,Quarterly,-,2,-,-
SOLS,"Solstice Advanced Materials, Inc.",9.06B,0.30,0.53%,17.14%,-,Quarterly,-,1,-,-
APTV,Aptiv PLC,9.06B,0,-,-,-,-,-,-,-8.80%,-2.52%
HLI,"Houlihan Lokey, Inc.",9.04B,2.80,2.17%,43.66%,11.11%,Quarterly,10,12,6.38%,11.33%
VMI,"Valmont Industries, Inc.",9.04B,3.08,0.66%,11.99%,13.26%,Quarterly,1,48,8.36%,8.92%
IBRX,"ImmunityBio, Inc.",9.02B,-,-,-,-,-,-,-,-,-
ELPC,Companhia Paranaense de Energia - COPEL,9.01B,0.60,5.03%,72.22%,96.19%,-,1,3,-,-
LINE,"Lineage, Inc.",9.01B,2.13,6.02%,-,0.71%,Quarterly,1,3,-,-
NIO,NIO Inc.,8.97B,-,-,-,-,-,-,-,-,-
R,"Ryder System, Inc.",8.97B,4.04,1.73%,32.78%,11.98%,Quarterly,21,51,13.32%,10.60%
CAI,"Caris Life Sciences, Inc.",8.97B,-,-,-,-,-,-,-,-,-
AAL,American Airlines Group Inc.,8.96B,0,-,-,-,-,-,-,-,-
JXN,Jackson Financial Inc.,8.91B,3.60,2.73%,427.88%,12.90%,Quarterly,4,6,13.24%,-
GGB,Gerdau S.A.,8.90B,0.13,2.72%,60.06%,30.73%,Quarterly,-,28,-35.51%,-7.61%
PBF,PBF Energy Inc.,8.88B,1.10,1.48%,9.52%,-,Quarterly,3,5,11.20%,40.63%
SSL,Sasol Limited,8.86B,0,-,-,-,-,-,-,-9.74%,-6.37%
LTH,"Life Time Group Holdings, Inc.",8.86B,-,-,-,-,-,-,-,-,-
RRC,Range Resources Corporation,8.85B,0.40,1.05%,11.06%,11.43%,Quarterly,1,5,6.82%,37.28%
CTRE,"CareTrust REIT, Inc.",8.85B,1.56,4.15%,94.36%,16.22%,Quarterly,10,13,10.51%,7.57%
SNAP,Snap Inc.,8.82B,-,-,-,-,-,-,-,-,-
SAIA,"Saia, Inc.",8.80B,-,-,-,-,-,-,-,-,-
SIRI,Sirius XM Holdings Inc.,8.73B,1.08,4.16%,43.47%,-,Quarterly,9,11,3.72%,13.02%
PCVX,"Vaxcyte, Inc.",8.68B,-,-,-,-,-,-,-,-,-
VOYA,"Voya Financial, Inc.",8.68B,1.88,1.96%,31.65%,4.44%,Quarterly,7,14,23.42%,23.86%
TTEK,"Tetra Tech, Inc.",8.67B,0.29,0.85%,17.30%,11.38%,Quarterly,11,13,11.81%,13.11%
EDU,New Oriental Education & Technology Group Inc.,8.67B,1.20,2.13%,39.04%,-,-,4,2,25.99%,21.95%
REXR,"Rexford Industrial Realty, Inc.",8.60B,1.74,4.67%,-,1.61%,Quarterly,12,14,6.04%,13.16%
BRX,Brixmor Property Group Inc.,8.60B,1.23,4.39%,87.87%,6.96%,Quarterly,5,13,5.75%,7.42%
ESI,Element Solutions Inc,8.58B,0.32,0.91%,43.47%,-,Quarterly,-,7,-,7.78%
TIMB,TIM S.A.,8.55B,1.17,6.63%,65.99%,-17.15%,Quarterly,4,24,37.73%,30.91%
WLK,Westlake Corporation,8.55B,2.13,3.18%,-,0.86%,Quarterly,12,23,10.56%,13.90%
SPXC,"SPX Technologies, Inc.",8.53B,0,-,-,-,-,-,-,14.47%,8.45%
YMM,Full Truck Alliance Co. Ltd.,8.51B,0.34,4.10%,39.12%,41.54%,Quarterly,1,3,-,-
PNR,Pentair plc,8.48B,1.08,2.04%,27.13%,8.00%,Quarterly,49,51,7.06%,6.19%
PRI,"Primerica, Inc.",8.47B,4.80,1.74%,18.63%,15.42%,Quarterly,15,17,22.89%,20.72%
ARE,"Alexandria Real Estate Equities, Inc.",8.46B,2.88,5.93%,-,-45.45%,Quarterly,-,30,-16.23%,-8.21%
CUBE,CubeSmart,8.46B,2.12,5.67%,144.69%,1.92%,Quarterly,1,22,2.65%,9.28%
IDCC,"InterDigital, Inc.",8.44B,2.80,0.86%,33.05%,21.28%,Quarterly,3,16,25.26%,15.28%
BAH,Booz Allen Hamilton Holding Corporation,8.44B,2.36,3.36%,37.11%,7.41%,Quarterly,10,15,8.03%,10.32%
EAT,"Brinker International, Inc.",8.44B,0,-,-,-,-,-,-,4.29%,7.07%
NEU,NewMarket Corporation,8.40B,12.00,1.32%,25.85%,11.63%,Quarterly,7,21,11.32%,9.00%
FR,"First Industrial Realty Trust, Inc.",8.38B,2.00,3.27%,72.78%,14.08%,Quarterly,12,14,15.72%,12.91%
ADC,Agree Realty Corporation,8.37B,3.20,4.76%,172.32%,3.93%,Monthly,13,33,3.08%,4.53%
RHP,"Ryman Hospitality Properties, Inc.",8.37B,4.80,3.93%,116.87%,4.35%,Quarterly,3,5,16.96%,116.89%
ALV,"Autoliv, Inc.",8.35B,3.48,3.05%,40.89%,17.97%,Quarterly,5,30,9.65%,22.92%
AVT,"Avnet, Inc.",8.32B,1.48,1.46%,36.91%,5.97%,Quarterly,12,14,6.37%,10.04%
ABVX,ABIVAX Société Anonyme,8.31B,-,-,-,-,-,-,-,-,-
KNTK,Kinetik Holdings Inc.,8.31B,3.24,6.37%,118.32%,2.88%,Quarterly,3,5,2.28%,-
KTOS,"Kratos Defense & Security Solutions, Inc.",8.28B,-,-,-,-,-,-,-,-,-
MP,MP Materials Corp.,8.27B,-,-,-,-,-,-,-,-,-
AGCO,AGCO Corporation,8.26B,1.20,1.01%,16.46%,1.72%,Quarterly,-,14,-42.04%,-24.21%
AAOI,"Applied Optoelectronics, Inc.",8.24B,-,-,-,-,-,-,-,-,-
WAL,Western Alliance Bancorporation,8.23B,1.68,2.19%,18.95%,10.53%,Quarterly,6,8,5.27%,8.84%
COLB,"Columbia Banking System, Inc.",8.22B,1.48,5.08%,58.13%,2.78%,Quarterly,3,30,1.27%,0.98%
OSK,Oshkosh Corporation,8.20B,2.28,1.71%,26.07%,11.56%,Quarterly,13,14,11.53%,10.96%
MXL,"MaxLinear, Inc.",8.17B,-,-,-,-,-,-,-,-,-
WYNN,"Wynn Resorts, Limited",8.16B,1.00,1.26%,23.98%,-,Quarterly,-,4,25.99%,-24.21%
BVN,Compañía de Minas Buenaventura S.A.A.,8.14B,1.14,3.56%,25.96%,288.43%,Semi-Annual,1,5,149.58%,73.11%
RIOT,"Riot Platforms, Inc.",8.12B,0,-,-,-,-,-,-,-,-
TKR,The Timken Company,8.09B,1.44,1.23%,39.03%,2.90%,Quarterly,12,56,3.52%,3.77%
CNM,"Core & Main, Inc.",8.09B,-,-,-,-,-,-,-,-,-
PB,"Prosperity Bancshares, Inc.",8.08B,2.40,3.57%,41.61%,3.45%,Quarterly,18,28,2.94%,4.13%
GAP,"The Gap, Inc.",8.07B,0.70,3.03%,21.25%,6.98%,Quarterly,1,51,4.77%,7.42%
VIRT,"Virtu Financial, Inc.",8.06B,0.96,1.85%,15.91%,-,Quarterly,-,12,-,-
DY,"Dycom Industries, Inc.",8.03B,-,-,-,-,-,-,-,-,-
MAAS,Maase Inc.,8.01B,-,-,-,-,-,-,-,-,-
MGM,MGM Resorts International,8.01B,0,-,-,-,-,-,-,-73.21%,-53.09%
CBSH,"Commerce Bancshares, Inc.",8.00B,1.10,1.97%,26.96%,5.48%,Quarterly,58,58,5.81%,5.83%
KMX,"CarMax, Inc.",7.99B,-,-,-,-,-,-,-,-,-
SM,SM Energy Company,7.98B,0.88,2.62%,14.75%,7.50%,Quarterly,4,34,12.75%,112.17%
PRAX,"Praxis Precision Medicines, Inc.",7.98B,-,-,-,-,-,-,-,-,-
CAE,CAE Inc.,7.97B,0,-,-,-,-,-,-,10.52%,6.57%
TGTX,"TG Therapeutics, Inc.",7.96B,-,-,-,-,-,-,-,-,-
SNEX,StoneX Group Inc.,7.96B,-,-,-,-,-,-,-,-,-
HESM,Hess Midstream LP,7.94B,3.16,8.21%,106.59%,8.98%,Quarterly,8,10,10.01%,10.84%
BOKF,BOK Financial Corporation,7.94B,2.52,1.93%,23.75%,10.53%,Quarterly,12,22,5.27%,3.91%
NNN,"NNN REIT, Inc.",7.93B,2.48,6.00%,122.16%,3.42%,Quarterly,37,42,2.99%,2.98%
AOS,A. O. Smith Corporation,7.93B,1.44,2.47%,40.13%,5.88%,Quarterly,33,44,6.27%,6.72%
S,"SentinelOne, Inc.",7.93B,-,-,-,-,-,-,-,-,-
ATR,"AptarGroup, Inc.",7.90B,1.92,1.54%,34.60%,6.67%,Quarterly,32,34,7.40%,5.34%
LNC,Lincoln National Corporation,7.82B,1.80,4.41%,15.69%,-,Quarterly,-,56,-,1.39%
UGI,UGI Corporation,7.77B,1.50,4.13%,49.62%,-,Quarterly,39,56,0.68%,2.13%
STN,Stantec Inc.,7.77B,0.69,0.99%,21.99%,9.02%,Quarterly,10,15,6.51%,5.87%
ZWS,Zurn Elkay Water Solutions Corporation,7.76B,0.44,0.94%,27.04%,22.22%,Quarterly,3,7,16.26%,4.68%
RAL,Ralliant Corporation,7.72B,0.20,0.29%,-,-,Quarterly,-,2,-,-
GTLB,GitLab Inc.,7.71B,-,-,-,-,-,-,-,-,-
ACM,AECOM,7.63B,1.24,2.10%,56.34%,19.23%,Quarterly,3,5,19.87%,-
CBC,"Central Bancompany, Inc.",7.63B,0.48,1.50%,19.64%,-66.69%,Quarterly,7,18,16.61%,11.79%
LEVI,Levi Strauss & Co.,7.62B,0.64,3.23%,39.62%,9.43%,Quarterly,6,8,6.51%,26.37%
GIL,Gildan Activewear Inc.,7.60B,1.00,2.32%,282.74%,10.19%,Quarterly,5,16,10.20%,25.87%
EMN,Eastman Chemical Company,7.59B,3.36,5.04%,87.68%,1.20%,Quarterly,16,33,2.07%,4.01%
THG,"The Hanover Insurance Group, Inc.",7.58B,3.80,1.75%,18.14%,5.56%,Quarterly,5,22,5.46%,6.30%
IONS,"Ionis Pharmaceuticals, Inc.",7.57B,-,-,-,-,-,-,-,-,-
SYRE,"Spyre Therapeutics, Inc.",7.56B,-,-,-,-,-,-,-,-,-
PCTY,Paylocity Holding Corporation,7.56B,-,-,-,-,-,-,-,-,-
WULF,TeraWulf Inc.,7.55B,-,-,-,-,-,-,-,-,-
MHK,"Mohawk Industries, Inc.",7.54B,-,-,-,-,-,-,-,-,-
VIST,"Vista Energy, S.A.B. de C.V.",7.53B,-,-,-,-,-,-,-,-,-
SFD,"Smithfield Foods, Inc.",7.53B,1.25,6.53%,44.17%,-,Quarterly,-,2,-,-
UGP,Ultrapar Participações S.A.,7.53B,0.32,4.44%,51.65%,172.14%,Semi-Annual,2,27,71.31%,24.52%
CHWY,"Chewy, Inc.",7.51B,-,-,-,-,-,-,-,-,-
IDA,"IDACORP, Inc.",7.47B,3.52,2.73%,58.39%,2.33%,Quarterly,14,56,3.66%,4.39%
PCOR,"Procore Technologies, Inc.",7.47B,-,-,-,-,-,-,-,-,-
AVAV,"AeroVironment, Inc.",7.45B,-,-,-,-,-,-,-,-,-
HNGE,"Hinge Health, Inc.",7.44B,-,-,-,-,-,-,-,-,-
NFG,National Fuel Gas Company,7.39B,2.22,2.84%,30.83%,3.81%,Quarterly,56,56,3.96%,3.91%
KNSL,"Kinsale Capital Group, Inc.",7.39B,1.00,0.31%,3.73%,39.39%,Quarterly,9,11,18.71%,16.98%
CHRD,Chord Energy Corporation,7.39B,5.20,3.84%,35.12%,-2.62%,Quarterly,-,6,-26.41%,-
SLAB,Silicon Laboratories Inc.,7.38B,-,-,-,-,-,-,-,-,-
VFS,VinFast Auto Ltd.,7.32B,-,-,-,-,-,-,-,-,-
HQY,"HealthEquity, Inc.",7.32B,-,-,-,-,-,-,-,-,-
NTSK,"Netskope, Inc.",7.31B,-,-,-,-,-,-,-,-,-
ZETA,Zeta Global Holdings Corp.,7.29B,-,-,-,-,-,-,-,-,-
ASR,"Grupo Aeroportuario del Sureste, S. A. B. de C. V.",7.29B,19.85,8.13%,104.58%,-14.24%,Semi-Annual,4,6,57.51%,40.64%
SSRM,SSR Mining Inc.,7.29B,0.03,0.09%,2.68%,-,Semi-Annual,-,1,-52.50%,-
TRNO,Terreno Realty Corporation,7.26B,2.28,3.42%,61.68%,7.04%,Quarterly,12,16,8.88%,11.07%
SARO,"StandardAero, Inc.",7.23B,-,-,-,-,-,-,-,-,-
BTG,B2Gold Corp.,7.22B,0.08,1.51%,14.27%,-20.00%,Quarterly,-,8,-20.63%,-12.94%
MORN,"Morningstar, Inc.",7.19B,2.00,1.04%,19.04%,9.89%,Quarterly,4,17,10.06%,9.68%
ACA,"Arcosa, Inc.",7.19B,0.20,0.14%,2.01%,-,Quarterly,-,8,-,-
STAG,"STAG Industrial, Inc.",7.18B,1.56,4.22%,118.16%,3.19%,Monthly,14,16,1.51%,1.18%
SSD,"Simpson Manufacturing Co., Inc.",7.18B,1.20,0.69%,13.16%,3.51%,Quarterly,5,23,3.64%,4.21%
APLD,Applied Digital Corporation,7.15B,-,-,-,-,-,-,-,-,-
AMRX,"Amneal Pharmaceuticals, Inc.",7.13B,-,-,-,-,-,-,-,-,-
SBSW,Sibanye Stillwater Limited,7.13B,0.64,6.34%,46.21%,-,Annual,-,1,28.67%,-13.37%
CMC,Commercial Metals Company,7.13B,0.80,1.25%,15.20%,5.56%,Quarterly,5,56,5.90%,9.63%
BROS,Dutch Bros Inc.,7.11B,-,-,-,-,-,-,-,-,-
SOBO,South Bow Corporation,7.09B,2.00,5.88%,90.91%,-,Quarterly,1,3,-,-
CELH,"Celsius Holdings, Inc.",7.09B,-,-,-,-,-,-,-,-,-
PRMB,Primo Brands Corporation,7.07B,0.48,2.46%,172.74%,17.95%,Quarterly,4,11,14.06%,13.90%
MOS,The Mosaic Company,7.07B,0.88,3.96%,-,1.15%,Quarterly,7,16,5.47%,28.62%
VLY,Valley National Bancorp,7.06B,0.44,3.43%,37.29%,-,Quarterly,-,53,-,-
CIG,Companhia Energética de Minas Gerais - CEMIG,7.06B,0.19,9.27%,60.82%,-17.38%,Quarterly,1,22,10.92%,11.42%
CIG.C,Companhia Energética de Minas Gerais - CEMIG,7.06B,0.19,5.52%,60.74%,-17.29%,Quarterly,1,19,10.87%,10.48%
PLXS,Plexus Corp.,7.06B,-,-,-,-,-,-,-,-,-
MSA,MSA Safety Incorporated,7.05B,2.16,1.18%,26.86%,2.88%,Quarterly,56,56,4.79%,4.23%
VSXY,Victoria's Secret & Co.,7.05B,-,-,-,-,-,-,-,-,-
AAON,"AAON, Inc.",7.05B,0.40,0.47%,21.03%,5.26%,Quarterly,1,21,-,9.56%
FSS,Federal Signal Corporation,7.03B,0.60,0.52%,12.93%,9.26%,Quarterly,3,13,15.79%,11.01%
APPF,"AppFolio, Inc.",7.02B,-,-,-,-,-,-,-,-,-
AXTA,Axalta Coating Systems Ltd.,6.99B,-,-,-,-,-,-,-,-,-
AWI,"Armstrong World Industries, Inc.",6.96B,1.36,0.82%,18.58%,10.06%,Quarterly,7,9,10.10%,10.05%
KEX,Kirby Corporation,6.96B,0,-,-,-,-,-,-,-,-
CIFR,Cipher Digital Inc.,6.95B,-,-,-,-,-,-,-,-,-
DBX,"Dropbox, Inc.",6.94B,-,-,-,-,-,-,-,-,-
VNO,Vornado Realty Trust,6.94B,0.74,2.17%,"2,433.65%",-,-,-,36,-27.79%,-20.84%
NOV,NOV Inc.,6.93B,0.45,2.31%,168.25%,-14.71%,Quarterly,2,18,29.56%,54.14%
IMVT,"Immunovant, Inc.",6.93B,-,-,-,-,-,-,-,-,-
VIPS,Vipshop Holdings Limited,6.91B,0.62,4.95%,19.70%,30.43%,Annual,1,3,-,-
OKLO,Oklo Inc.,6.90B,-,-,-,-,-,-,-,-,-
ESE,ESCO Technologies Inc.,6.89B,0.32,0.12%,2.64%,-,Quarterly,-,18,-,-
AXS,AXIS Capital Holdings Limited,6.89B,1.76,1.86%,12.48%,-,Quarterly,-,24,-,0.93%
ALGM,"Allegro MicroSystems, Inc.",6.89B,-,-,-,-,-,-,-,-,-
COMP,"Compass, Inc.",6.87B,-,-,-,-,-,-,-,-,-
PACS,"PACS Group, Inc.",6.84B,-,-,-,-,-,-,-,-,-
MSM,"MSC Industrial Direct Co., Inc.",6.83B,3.48,2.86%,84.06%,2.35%,Quarterly,4,24,3.27%,3.01%
POWL,"Powell Industries, Inc.",6.82B,0.36,0.19%,6.89%,0.94%,Quarterly,3,14,0.95%,0.71%
NE,Noble Corporation plc,6.80B,2.00,4.66%,213.67%,-,Quarterly,2,4,-,-
CAG,"Conagra Brands, Inc.",6.78B,0.70,4.95%,-,-25.00%,Quarterly,-,51,-8.26%,-2.22%
RYTM,"Rhythm Pharmaceuticals, Inc.",6.78B,-,-,-,-,-,-,-,-,-
GTES,Gates Industrial Corporation Ltd.,6.76B,-,-,-,-,-,-,-,-,-
TAP,Molson Coors Beverage Company,6.75B,1.92,5.31%,-,3.24%,Quarterly,5,52,5.86%,41.22%
VCTR,"Victory Capital Holdings, Inc.",6.75B,2.00,1.82%,36.14%,4.76%,Quarterly,6,8,17.84%,35.72%
ALKS,Alkermes plc,6.73B,-,-,-,-,-,-,-,-,-
DSGX,The Descartes Systems Group Inc.,6.72B,-,-,-,-,-,-,-,-,-
TAP.A,Molson Coors Beverage Company,6.71B,1.92,4.86%,-,3.24%,Quarterly,5,22,5.86%,41.22%
BLTE,"Belite Bio, Inc",6.71B,-,-,-,-,-,-,-,-,-
HIMS,"Hims & Hers Health, Inc.",6.70B,-,-,-,-,-,-,-,-,-
PPC,Pilgrim's Pride Corporation,6.69B,0,-,-,-,-,1,1,10.06%,25.02%
MATX,"Matson, Inc.",6.68B,1.52,0.68%,10.18%,5.80%,Quarterly,12,54,5.31%,8.08%
OR,OR Royalties Inc.,6.67B,0.24,0.69%,16.01%,19.61%,Quarterly,5,13,12.03%,8.10%
CHE,Chemed Corporation,6.67B,2.80,0.55%,12.56%,19.05%,Quarterly,17,56,17.53%,12.62%
MAC,The Macerich Company,6.66B,0.68,3.01%,-,-,Quarterly,-,33,-,2.53%
LAD,"Lithia Motors, Inc.",6.66B,2.80,0.92%,7.89%,9.72%,Quarterly,12,17,8.80%,12.42%
GGAL,Grupo Financiero Galicia S.A.,6.63B,1.59,4.30%,457.88%,126.32%,Monthly,-,14,12.60%,88.32%
TFPM,Triple Flag Precious Metals Corp.,6.63B,0.24,0.78%,12.02%,4.49%,Quarterly,4,6,4.71%,-
MBLY,Mobileye Global Inc.,6.62B,-,-,-,-,-,-,-,-,-
GRFS,"Grifols, S.A.",6.61B,0.09,1.15%,11.37%,-39.81%,Annual,-,2,-44.56%,-29.81%
FAF,First American Financial Corporation,6.61B,2.44,3.75%,33.81%,4.15%,Quarterly,15,17,2.64%,3.64%
GLBE,Global-E Online Ltd.,6.60B,-,-,-,-,-,-,-,-,-
CAMT,Camtek Ltd.,6.60B,0,-,-,-,-,-,-,98.52%,50.90%
LQDA,Liquidia Corporation,6.59B,-,-,-,-,-,-,-,-,-
TAL,TAL Education Group,6.59B,0,-,-,-,-,-,-,-,-
FIGR,"Figure Technology Solutions, Inc.",6.59B,-,-,-,-,-,-,-,-,-
FLR,Fluor Corporation,6.58B,0,-,-,-,-,-,-,-9.63%,-5.89%
NCLH,Norwegian Cruise Line Holdings Ltd.,6.57B,-,-,-,-,-,-,-,-,-
NICE,NICE Ltd.,6.57B,0,-,-,-,-,-,-,-1.24%,-
AUGO,Aura Minerals Inc.,6.52B,1.87,2.39%,73.88%,116.39%,Quarterly,3,6,111.26%,17.47%
LNTH,"Lantheus Holdings, Inc.",6.51B,-,-,-,-,-,-,-,-,-
TBBB,BBB Foods Inc.,6.50B,-,-,-,-,-,-,-,-,-
ICL,ICL Group Ltd,6.49B,0.18,3.50%,65.38%,15.56%,Quarterly,-,13,-28.68%,7.67%
NPO,Enpro Inc.,6.46B,1.28,0.42%,61.71%,3.25%,Quarterly,10,12,3.36%,3.49%
OMF,"OneMain Holdings, Inc.",6.46B,4.20,7.49%,63.33%,0.96%,Quarterly,3,8,2.07%,-14.70%
URBN,"Urban Outfitters, Inc.",6.46B,-,-,-,-,-,-,-,-,-
ACT,"Enact Holdings, Inc.",6.45B,0.96,2.05%,20.25%,13.92%,Quarterly,1,6,-19.42%,-
Z,"Zillow Group, Inc.",6.43B,-,-,-,-,-,-,-,-,-
ENS,EnerSys,6.42B,1.15,0.65%,12.30%,9.41%,Quarterly,3,14,12.75%,8.96%
TXNM,"TXNM Energy, Inc.",6.42B,1.69,2.89%,95.63%,3.68%,Quarterly,14,31,4.76%,5.23%
CLF,Cleveland-Cliffs Inc.,6.40B,0,-,-,-,-,-,-,68.69%,-16.74%
GATX,GATX Corporation,6.40B,2.64,1.45%,26.13%,7.47%,Quarterly,15,56,6.08%,5.52%
MTDR,Matador Resources Company,6.37B,1.50,2.90%,25.75%,26.32%,Quarterly,4,6,39.71%,-
PATH,"UiPath, Inc.",6.37B,-,-,-,-,-,-,-,-,-
HXL,Hexcel Corporation,6.36B,0.72,0.86%,36.35%,7.58%,Quarterly,4,5,14.34%,48.00%
RNG,"RingCentral, Inc.",6.35B,0.50,0.66%,22.00%,-,Quarterly,-,1,-,-
GDS,GDS Holdings Limited,6.35B,-,-,-,-,-,-,-,-,-
UBSI,"United Bankshares, Inc.",6.35B,1.52,3.26%,41.51%,2.70%,Quarterly,37,43,1.82%,1.66%
BZ,Kanzhun Limited,6.34B,0.17,1.18%,45.89%,244.59%,-,-,2,-,-
BILI,Bilibili Inc.,6.34B,-,-,-,-,-,-,-,-,-
TEX,Terex Corporation,6.34B,0.68,1.23%,39.25%,-,Quarterly,-,14,4.26%,13.56%
ZG,"Zillow Group, Inc.",6.33B,-,-,-,-,-,-,-,-,-
ETSY,"Etsy, Inc.",6.33B,-,-,-,-,-,-,-,-,-
DUOL,"Duolingo, Inc.",6.30B,-,-,-,-,-,-,-,-,-
OGC,OceanaGold Corporation,6.27B,0.30,1.11%,7.95%,233.33%,Quarterly,1,4,71.00%,58.49%
LGND,Ligand Pharmaceuticals Incorporated,6.27B,0,-,-,-,-,-,-,-,-
QBTS,D-Wave Quantum Inc.,6.25B,-,-,-,-,-,-,-,-,-
BLDR,"Builders FirstSource, Inc.",6.25B,-,-,-,-,-,-,-,-,-
HR,Healthcare Realty Trust Incorporated,6.24B,0.96,5.31%,-,-17.95%,Quarterly,-,34,-8.18%,-4.48%
LB,LandBridge Company LLC,6.22B,0.48,0.59%,40.81%,15.00%,Quarterly,1,3,-,-
PAGP,"Plains GP Holdings, L.P.",6.19B,1.67,6.30%,105.35%,12.01%,Quarterly,4,13,16.97%,17.79%
IFS,Intercorp Financial Services Inc.,6.18B,1.71,3.06%,30.92%,80.00%,Annual,-,7,15.11%,18.51%
NXE,NexGen Energy Ltd.,6.17B,-,-,-,-,-,-,-,-,-
FNB,F.N.B. Corporation,6.15B,0.52,2.98%,30.94%,4.17%,Quarterly,-,52,1.37%,0.82%
CVLT,"Commvault Systems, Inc.",6.14B,-,-,-,-,-,-,-,-,-
CGON,"CG Oncology, Inc.",6.13B,-,-,-,-,-,-,-,-,-
INGM,Ingram Micro Holding Corporation,6.11B,0.34,1.30%,18.15%,-,Quarterly,-,2,-,-
PL,Planet Labs PBC,6.10B,-,-,-,-,-,-,-,-,-
INGR,Ingredion Incorporated,6.08B,3.32,3.45%,36.07%,2.17%,Quarterly,1,29,4.18%,5.06%
ST,Sensata Technologies Holding plc,6.08B,0.48,1.15%,78.05%,-,Quarterly,-,5,1.43%,-
PJT,PJT Partners Inc.,6.07B,1.00,0.67%,16.24%,-,Quarterly,-,11,-,37.97%
DPC,DPC Holdings PLC,6.06B,-,-,-,-,-,-,-,-,-
WEX,WEX Inc.,6.06B,-,-,-,-,-,-,-,-,-
BLCO,Bausch + Lomb Corporation,6.05B,-,-,-,-,-,-,-,-,-
JOBY,"Joby Aviation, Inc.",6.04B,-,-,-,-,-,-,-,-,-
CZR,"Caesars Entertainment, Inc.",6.03B,-,-,-,-,-,-,-,-,-
CAVA,"CAVA Group, Inc.",6.02B,-,-,-,-,-,-,-,-,-
QLYS,"Qualys, Inc.",6.01B,-,-,-,-,-,-,-,-,-
ELF,"e.l.f. Beauty, Inc.",6.01B,-,-,-,-,-,-,-,-,-
M,"Macy's, Inc.",6.00B,0.77,3.31%,27.92%,4.99%,Quarterly,4,24,5.01%,38.23%
CRUS,"Cirrus Logic, Inc.",5.99B,-,-,-,-,-,-,-,-,-
TEO,Telecom Argentina S.A.,5.99B,0.27,2.20%,23.11%,31.43%,Annual,1,8,-0.53%,-4.98%
DOX,Amdocs Limited,5.99B,2.28,3.97%,53.89%,8.45%,Quarterly,13,15,9.53%,9.68%
CWEN,"Clearway Energy, Inc.",5.98B,1.90,6.52%,221.39%,6.69%,Quarterly,6,12,7.05%,7.29%
CPB,The Campbell's Company,5.98B,1.00,4.99%,108.12%,-8.97%,Quarterly,1,56,-1.37%,-0.82%
SRRK,Scholar Rock Holding Corporation,5.98B,-,-,-,-,-,-,-,-,-
LOAR,Loar Holdings Inc.,5.98B,-,-,-,-,-,-,-,-,-
ECG,"Everus Construction Group, Inc.",5.95B,-,-,-,-,-,-,-,-,-
SGHC,Super Group (SGHC) Limited,5.94B,0.45,3.87%,26.43%,-29.63%,Quarterly,-,3,-,-
AVAL,Grupo Aval Acciones y Valores S.A.,5.94B,0.16,3.28%,36.77%,37.46%,Monthly,2,13,-2.89%,-9.53%
LEA,Lear Corporation,5.94B,3.08,2.56%,28.87%,-,Quarterly,-,16,-,19.76%
POOL,Pool Corporation,5.94B,5.20,3.17%,47.92%,4.08%,Quarterly,15,23,6.69%,13.07%
KNSA,"Kiniksa Pharmaceuticals International, plc",5.94B,-,-,-,-,-,-,-,-,-
LW,"Lamb Weston Holdings, Inc.",5.94B,1.52,3.53%,73.08%,2.72%,Quarterly,8,10,11.65%,10.06%
WFRD,Weatherford International plc,5.93B,1.10,1.31%,21.69%,7.50%,Quarterly,1,3,-,-
ANDG,Andersen Group Inc.,5.93B,-,-,-,-,-,-,-,-,-
SWX,"Southwest Gas Holdings, Inc.",5.92B,2.58,3.16%,34.22%,2.02%,Quarterly,-,56,0.67%,1.66%
RIG,Transocean Ltd.,5.92B,0,-,-,-,-,-,-,-17.10%,17.90%
SFM,"Sprouts Farmers Market, Inc.",5.92B,-,-,-,-,-,-,-,-,-
GRAL,"GRAIL, Inc.",5.91B,-,-,-,-,-,-,-,-,-
XMTR,"Xometry, Inc.",5.91B,-,-,-,-,-,-,-,-,-
LKQ,LKQ Corporation,5.88B,1.20,5.16%,67.14%,-,Quarterly,-,6,2.94%,-
CROX,"Crocs, Inc.",5.88B,-,-,-,-,-,-,-,-,-
BIRK,Birkenstock Holding plc,5.87B,-,-,-,-,-,-,-,-,-
ENIC,Enel Chile S.A.,5.87B,0.16,3.79%,39.22%,265.29%,Semi-Annual,-,11,-17.23%,-1.63%
STVN,Stevanato Group S.p.A.,5.86B,0.06,0.29%,11.15%,1.13%,Annual,1,5,2.63%,-
XE,"X-Energy, Inc.",5.86B,-,-,-,-,-,-,-,-,-
TTD,"The Trade Desk, Inc.",5.85B,-,-,-,-,-,-,-,-,-
HWC,Hancock Whitney Corporation,5.85B,2.00,2.73%,39.08%,11.43%,Quarterly,3,39,18.56%,12.54%
MTG,MGIC Investment Corporation,5.81B,0.68,2.41%,21.25%,14.81%,Quarterly,7,8,14.32%,18.98%
TVTX,"Travere Therapeutics, Inc.",5.80B,-,-,-,-,-,-,-,-,-
TTAN,"ServiceTitan, Inc.",5.80B,-,-,-,-,-,-,-,-,-
RUSHB,"Rush Enterprises, Inc.",5.78B,0.56,1.02%,25.30%,6.85%,Quarterly,7,9,9.75%,11.14%
HOMB,"Home BancShares, Inc.",5.77B,0.92,3.19%,35.54%,8.86%,Quarterly,12,21,6.85%,8.96%
MKTX,MarketAxess Holdings Inc.,5.77B,3.12,1.90%,36.80%,2.65%,Quarterly,16,18,2.72%,3.74%
LGN,Legence Corp.,5.77B,-,-,-,-,-,-,-,-,-
EPRT,"Essential Properties Realty Trust, Inc.",5.76B,1.28,4.86%,97.99%,5.88%,Quarterly,7,9,4.32%,5.15%
JBTM,JBT Marel Corporation,5.75B,0.40,0.36%,10.86%,-,Quarterly,-,19,-,-
MMED,"MiniMed Group, Inc.",5.75B,-,-,-,-,-,-,-,-,-
BLLN,"BillionToOne, Inc.",5.74B,-,-,-,-,-,-,-,-,-
GBCI,"Glacier Bancorp, Inc.",5.74B,1.40,3.17%,57.32%,1.52%,Quarterly,-,42,0.50%,-0.87%
CACC,Credit Acceptance Corporation,5.71B,-,-,-,-,-,-,-,-,-
LUMN,"Lumen Technologies, Inc.",5.71B,0,-,-,-,-,-,-,-8.14%,-14.27%
MIRM,"Mirum Pharmaceuticals, Inc.",5.71B,-,-,-,-,-,-,-,-,-
ESNT,Essent Group Ltd.,5.70B,1.40,2.20%,19.59%,12.40%,Quarterly,6,8,11.54%,15.21%
ANF,Abercrombie & Fitch Co.,5.69B,0,-,-,-,-,-,-,-,-
BXSL,Blackstone Secured Lending Fund,5.68B,3.08,12.58%,243.24%,-,Quarterly,-,6,3.60%,-
FSV,FirstService Corporation,5.67B,1.22,0.95%,34.57%,10.70%,Quarterly,10,12,10.69%,10.80%
VFC,V.F. Corporation,5.66B,0.36,2.47%,52.40%,-,Quarterly,-,42,-36.56%,-28.75%
ACI,"Albertsons Companies, Inc.",5.65B,0.68,5.81%,544.17%,12.28%,Quarterly,1,7,10.06%,9.86%
RDNT,"RadNet, Inc.",5.65B,-,-,-,-,-,-,-,-,-
KOD,Kodiak Sciences Inc.,5.64B,-,-,-,-,-,-,-,-,-
LYFT,"Lyft, Inc.",5.63B,-,-,-,-,-,-,-,-,-
RYN,Rayonier Inc.,5.62B,1.04,5.56%,300.88%,-75.54%,Quarterly,-,33,-2.63%,-0.51%
LSTR,"Landstar System, Inc.",5.62B,1.76,1.06%,94.49%,3.41%,Quarterly,11,13,4.06%,4.80%
CMBT,Cmb.Tech NV,5.62B,0.76,3.99%,25.10%,-,Quarterly,-,12,-13.43%,11.92%
MGY,Magnolia Oil & Gas Corporation,5.61B,0.72,3.04%,28.88%,13.79%,Quarterly,4,6,14.04%,-
WFG,West Fraser Timber Co. Ltd.,5.60B,1.28,1.79%,-,-,Quarterly,5,15,2.17%,12.34%
BGC,"BGC Group, Inc.",5.60B,0.08,0.68%,20.03%,-,Quarterly,2,19,25.99%,14.87%
EPAM,"EPAM Systems, Inc.",5.57B,-,-,-,-,-,-,-,-,-
ORKA,"Oruka Therapeutics, Inc.",5.56B,-,-,-,-,-,-,-,-,-
RUSHA,"Rush Enterprises, Inc.",5.56B,0.56,1.18%,25.30%,6.85%,Quarterly,7,9,9.75%,11.14%
ORA,"Ormat Technologies, Inc.",5.55B,0.48,0.53%,23.50%,-,Quarterly,-,22,-,0.42%
VAL,Valaris Limited,5.54B,-,-,-,-,-,-,-,-,-
SNDR,"Schneider National, Inc.",5.53B,0.40,1.27%,62.78%,3.95%,Quarterly,-,10,4.11%,7.51%
COGT,"Cogent Biosciences, Inc.",5.53B,-,-,-,-,-,-,-,-,-
WPP,WPP plc,5.52B,0.97,3.75%,-,-54.38%,Semi-Annual,-,34,-26.89%,-12.02%
VRNS,"Varonis Systems, Inc.",5.51B,-,-,-,-,-,-,-,-,-
AUB,Atlantic Union Bankshares Corporation,5.51B,1.48,3.84%,44.25%,8.82%,Quarterly,15,33,7.24%,6.90%
VSEC,VSE Corporation,5.50B,0.40,0.23%,13.70%,-,Quarterly,-,49,-,2.13%
MTRN,Materion Corporation,5.50B,0.58,0.22%,13.51%,3.64%,Quarterly,13,15,3.78%,3.93%
PTCT,"PTC Therapeutics, Inc.",5.49B,-,-,-,-,-,-,-,-,-
SXT,Sensient Technologies Corporation,5.49B,1.64,1.28%,44.20%,-,Quarterly,-,56,-,1.01%
SAIC,Science Applications International Corporation,5.48B,1.48,1.13%,17.34%,-,Quarterly,-,14,-,-
G,Genpact Limited,5.48B,0.75,2.30%,22.32%,10.57%,Quarterly,8,10,10.87%,11.77%
MCY,Mercury General Corporation,5.47B,1.27,1.28%,7.51%,-,Quarterly,-,41,-,-12.88%
PEGA,Pegasystems Inc.,5.47B,0.12,0.36%,6.67%,33.33%,Quarterly,1,21,25.99%,14.87%
BLSH,Bullish,5.46B,-,-,-,-,-,-,-,-,-
ABCB,Ameris Bancorp,5.45B,0.80,0.98%,14.45%,-,Quarterly,2,13,10.06%,5.92%
DLB,"Dolby Laboratories, Inc.",5.45B,1.44,2.48%,61.32%,9.09%,Quarterly,11,13,10.06%,10.35%
YOU,"Clear Secure, Inc.",5.44B,0.80,1.98%,52.70%,0.65%,Quarterly,1,5,14.23%,-
EXP,Eagle Materials Inc.,5.43B,1.00,0.57%,7.89%,-,Quarterly,-,23,-,14.87%
TFX,Teleflex Incorporated,5.42B,1.36,1.07%,-,-,Quarterly,-,50,-,-
PI,"Impinj, Inc.",5.40B,-,-,-,-,-,-,-,-,-
ASB,Associated Banc-Corp,5.40B,0.96,3.31%,33.65%,4.35%,Quarterly,14,52,4.55%,5.34%
CPA,"Copa Holdings, S.A.",5.38B,6.84,5.18%,44.91%,4.66%,Quarterly,-,4,39.93%,19.64%
NOVT,Novanta Inc.,5.37B,-,-,-,-,-,-,-,-,-
BCPC,Balchem Corporation,5.37B,0.96,0.57%,18.90%,10.34%,Annual,16,40,10.58%,10.60%
AROC,"Archrock, Inc.",5.36B,0.92,3.00%,47.30%,15.03%,Quarterly,3,13,13.62%,8.70%
INSW,"International Seaways, Inc.",5.35B,12.61,11.70%,80.59%,285.63%,Quarterly,-,7,26.97%,56.11%
AN,"AutoNation, Inc.",5.35B,-,-,-,-,-,-,-,-,-
BETA,"BETA Technologies, Inc.",5.34B,-,-,-,-,-,-,-,-,-
KGS,"Kodiak Gas Services, Inc.",5.34B,1.96,3.69%,221.83%,13.95%,Quarterly,2,4,-,-
RGTI,"Rigetti Computing, Inc.",5.33B,-,-,-,-,-,-,-,-,-
BKH,Black Hills Corporation,5.32B,2.81,4.03%,70.61%,4.00%,Quarterly,55,56,3.66%,4.27%
CORZ,"Core Scientific, Inc.",5.31B,-,-,-,-,-,-,-,-,-
JMKE,Jersey Mike's Subs Inc.,5.30B,-,-,-,-,-,-,-,-,-
STWD,"Starwood Property Trust, Inc.",5.30B,1.92,13.39%,321.27%,-,Quarterly,-,18,-,-
PECO,"Phillips Edison & Company, Inc.",5.30B,1.38,3.67%,121.16%,5.80%,Monthly,5,7,5.24%,30.40%
OBDC,Blue Owl Capital Corporation,5.30B,1.26,11.73%,240.58%,-14.29%,Quarterly,-,8,-3.17%,0.89%
ACMR,"ACM Research, Inc.",5.30B,-,-,-,-,-,-,-,-,-
SEI,"Solaris Energy Infrastructure, Inc.",5.29B,0.48,0.69%,55.21%,-,Quarterly,-,9,3.34%,2.71%
CHDN,Churchill Downs Incorporated,5.29B,0.44,0.58%,7.45%,7.09%,Annual,15,52,7.05%,7.09%
OTEX,Open Text Corporation,5.27B,1.12,5.03%,43.41%,4.00%,Quarterly,12,14,4.12%,6.06%
SHC,Sotera Health Company,5.26B,-,-,-,-,-,-,-,-,-
WH,"Wyndham Hotels & Resorts, Inc.",5.26B,1.72,2.43%,62.86%,5.59%,Quarterly,5,9,7.46%,21.58%
STEP,StepStone Group Inc.,5.25B,1.87,4.35%,-,22.86%,Quarterly,1,6,17.51%,-
MUR,Murphy Oil Corporation,5.25B,1.40,3.82%,69.15%,7.84%,Quarterly,4,56,8.55%,22.42%
EXLS,"ExlService Holdings, Inc.",5.25B,-,-,-,-,-,-,-,-,-
MBGL,"Mobility Global, Inc.",5.24B,0.24,1.36%,8.63%,-,-,-,1,-,-
CAKE,The Cheesecake Factory Incorporated,5.24B,1.20,1.13%,32.53%,8.33%,Quarterly,-,5,2.70%,34.08%
BBUC,Brookfield Business Corporation,5.23B,0.25,0.99%,-,-,Quarterly,-,11,-,8.45%
CRSP,CRISPR Therapeutics AG,5.22B,-,-,-,-,-,-,-,-,-
PSMT,"PriceSmart, Inc.",5.20B,1.40,0.81%,26.92%,11.11%,Semi-Annual,4,20,15.02%,14.87%
NAVN,"Navan, Inc.",5.20B,-,-,-,-,-,-,-,-,-
ROAD,"Construction Partners, Inc.",5.20B,-,-,-,-,-,-,-,-,-
POR,Portland General Electric Company,5.20B,2.21,5.02%,97.45%,5.00%,Quarterly,19,21,5.08%,5.14%
CWST,"Casella Waste Systems, Inc.",5.20B,-,-,-,-,-,-,-,-,-
MMSI,"Merit Medical Systems, Inc.",5.19B,-,-,-,-,-,-,-,-,-
LAUR,"Laureate Education, Inc.",5.19B,0,-,-,-,-,-,-,-,-
IBP,"Installed Building Products, Inc.",5.19B,1.56,0.79%,16.79%,5.70%,Quarterly,4,6,14.85%,-
NIQ,NIQ Global Intelligence plc,5.18B,-,-,-,-,-,-,-,-,-
MRX,Marex Group Limited,5.17B,0.64,0.91%,11.92%,6.90%,Quarterly,1,3,-,-
DFTX,"Definium Therapeutics, Inc.",5.16B,-,-,-,-,-,-,-,-,-
MAIN,Main Street Capital Corporation,5.16B,4.38,7.94%,81.52%,-4.26%,Monthly,5,20,5.80%,11.31%
WHD,"Cactus, Inc.",5.15B,0.60,0.93%,50.61%,7.55%,Quarterly,6,8,8.20%,9.03%
GXO,"GXO Logistics, Inc.",5.14B,-,-,-,-,-,-,-,-,-
RLI,RLI Corp.,5.13B,4.72,8.48%,98.31%,78.97%,Quarterly,52,52,5.11%,36.43%
IRDM,Iridium Communications Inc.,5.12B,0.60,1.24%,69.03%,5.26%,Quarterly,2,4,-,-
NJR,New Jersey Resources Corporation,5.12B,2.00,3.98%,55.32%,5.48%,Quarterly,30,56,6.58%,7.20%
MDA,MDA Space Ltd.,5.11B,-,-,-,-,-,-,-,-,-
KRG,Kite Realty Group Trust,5.11B,1.16,4.67%,72.56%,7.41%,Quarterly,5,23,6.51%,11.27%
CVI,"CVR Energy, Inc.",5.11B,0.40,0.79%,29.13%,-,Semi-Annual,-,1,-62.85%,-47.24%
RITM.PRE,Rithm Capital Corp.,5.10B,2.49,10.55%,414.25%,-,Quarterly,-,1,-,-
OZK,Bank OZK,5.08B,1.92,4.12%,30.68%,9.41%,Quarterly,28,30,10.46%,10.73%
OLLI,"Ollie's Bargain Outlet Holdings, Inc.",5.08B,-,-,-,-,-,-,-,-,-
SIGI,"Selective Insurance Group, Inc.",5.07B,1.72,2.03%,21.32%,13.16%,Quarterly,12,52,12.75%,11.46%
GVA,Granite Construction Incorporated,5.07B,0.52,0.45%,-,-,Quarterly,-,37,-,-
RITM,Rithm Capital Corp.,5.07B,1.00,11.02%,166.28%,-,Quarterly,-,14,-,3.30%
SBRA,"Sabra Health Care REIT, Inc.",5.07B,1.20,6.05%,458.84%,-,Quarterly,-,16,-,-
CE,Celanese Corporation,5.05B,0.12,0.26%,-,-84.81%,Quarterly,-,22,-65.00%,-46.19%
BYD,Boyd Gaming Corporation,5.02B,0.80,1.16%,3.42%,9.86%,Quarterly,6,5,7.38%,39.06%
RRR,"Red Rock Resorts, Inc.",5.02B,2.04,4.05%,71.98%,2.00%,Quarterly,2,11,0.66%,-7.42%
FTDR,"Frontdoor, Inc.",5.02B,-,-,-,-,-,-,-,-,-
SPHR,Sphere Entertainment Co.,5.01B,-,-,-,-,-,-,-,-,-
FLG,"Flagstar Bank, National Association",5.00B,0.04,0.33%,110.96%,-,Quarterly,-,33,-73.03%,-54.45%
AGX,"Argan, Inc.",4.99B,2.00,0.56%,17.38%,35.38%,Quarterly,4,10,27.96%,17.08%
OCTV,Octave Intelligence plc,4.98B,-,-,-,-,-,-,-,-,-
GLNG,Golar LNG Limited,4.98B,1.00,2.06%,69.01%,-,Quarterly,-,4,25.99%,31.95%
IOVA,"Iovance Biotherapeutics, Inc.",4.98B,-,-,-,-,-,-,-,-,-
AX,"Axos Financial, Inc.",4.98B,-,-,-,-,-,-,-,-,-
NXST,"Nexstar Media Group, Inc.",4.97B,7.44,4.58%,139.24%,2.34%,Quarterly,12,14,14.55%,22.84%
HRB,"H&R Block, Inc.",4.97B,1.84,4.54%,32.46%,11.33%,Quarterly,10,56,13.06%,10.17%
GBTG,"Global Business Travel Group, Inc.",4.97B,-,-,-,-,-,-,-,-,-
OMAB,"Grupo Aeroportuario del Centro Norte, S.A.B. de C.V.",4.96B,4.75,4.66%,72.85%,19.37%,Semi-Annual,2,6,12.86%,23.13%
CNO,"CNO Financial Group, Inc.",4.96B,0.72,1.34%,24.87%,6.06%,Quarterly,13,15,6.47%,6.96%
ACIW,"ACI Worldwide, Inc.",4.95B,-,-,-,-,-,-,-,-,-
FND,"Floor & Decor Holdings, Inc.",4.95B,-,-,-,-,-,-,-,-,-
VSH,"Vishay Intertechnology, Inc.",4.95B,0.40,1.24%,192.78%,-,Quarterly,-,13,-,1.03%
ERAS,"Erasca, Inc.",4.94B,-,-,-,-,-,-,-,-,-
SON,Sonoco Products Company,4.94B,2.16,4.33%,34.34%,1.90%,Quarterly,45,56,2.28%,3.75%
WAY,Waystar Holding Corp.,4.93B,-,-,-,-,-,-,-,-,-
MTN,"Vail Resorts, Inc.",4.93B,8.88,6.46%,203.73%,-,Quarterly,-,16,3.80%,58.78%
OUT,OUTFRONT Media Inc.,4.92B,1.32,4.74%,89.60%,-26.28%,Quarterly,-,13,0.02%,64.39%
DNTH,"Dianthus Therapeutics, Inc.",4.91B,-,-,-,-,-,-,-,-,-
GOLF,Acushnet Holdings Corp.,4.90B,1.02,1.23%,27.88%,8.70%,Quarterly,8,10,9.34%,9.00%
IEP,Icahn Enterprises L.P.,4.88B,2.00,29.16%,-,-,Quarterly,-,22,-34.14%,-24.21%
HCC,"Warrior Met Coal, Inc.",4.84B,0.32,0.35%,7.69%,-,Quarterly,-,10,-34.71%,9.86%
GTX,Garrett Motion Inc.,4.83B,0.32,1.24%,17.62%,-,Quarterly,-,2,-,-
MIDD,The Middleby Corporation,4.82B,0,-,-,-,-,-,-,86.62%,45.40%
MWH,"SOLV Energy, Inc.",4.82B,-,-,-,-,-,-,-,-,-
GHC,Graham Holdings Company,4.82B,7.52,0.66%,6.09%,4.44%,Quarterly,9,13,4.45%,4.48%
MRCY,"Mercury Systems, Inc.",4.82B,-,-,-,-,-,-,-,-,-
CSW,"CSW Industrials, Inc.",4.81B,1.20,0.41%,16.49%,11.76%,Quarterly,6,8,16.55%,14.87%
MANE,"Veradermics, Incorporated",4.81B,-,-,-,-,-,-,-,-,-
PIPR,Piper Sandler Companies,4.81B,2.05,2.85%,46.36%,41.59%,Quarterly,1,10,29.90%,17.15%
BB,BlackBerry Limited,4.80B,-,-,-,-,-,-,-,-,-
KLIC,"Kulicke and Soffa Industries, Inc.",4.80B,0.82,0.90%,37.51%,-,Quarterly,8,9,2.57%,7.93%
HAE,Haemonetics Corporation,4.80B,-,-,-,-,-,-,-,-,-
WTM,"White Mountains Insurance Group, Ltd.",4.75B,1.00,0.05%,0.23%,-,Annual,-,32,-,-
VEON,VEON Ltd.,4.75B,0,-,-,-,-,-,-,9.18%,52.72%
AXTI,"AXT, Inc.",4.73B,-,-,-,-,-,-,-,-,-
MC,Moelis & Company,4.72B,2.60,4.51%,84.38%,1.96%,Quarterly,1,13,2.70%,-15.63%
SKY,"Champion Homes, Inc.",4.72B,-,-,-,-,-,-,-,-,-
KLAR,Klarna Group plc,4.71B,-,-,-,-,-,-,-,-,-
UNF,UniFirst Corporation,4.71B,1.46,0.56%,23.02%,4.29%,Quarterly,8,44,5.60%,7.86%
GNTX,Gentex Corporation,4.70B,0.48,2.14%,25.35%,-,Quarterly,-,24,-,-
CNX,CNX Resources Corporation,4.69B,0,-,-,-,-,-,-,-47.10%,-25.39%
HASI,"HA Sustainable Infrastructure Capital, Inc.",4.68B,1.70,4.70%,256.50%,1.19%,Quarterly,7,14,2.81%,4.05%
OTF,Blue Owl Technology Finance Corp.,4.68B,1.55,15.16%,198.47%,-,Monthly,-,2,-,-
MARA,"MARA Holdings, Inc.",4.68B,-,-,-,-,-,-,-,-,-
HLNE,Hamilton Lane Incorporated,4.68B,2.40,2.83%,36.57%,10.68%,Quarterly,8,10,10.50%,11.47%
DOCS,"Doximity, Inc.",4.67B,-,-,-,-,-,-,-,-,-
HGTY,"Hagerty, Inc.",4.67B,-,-,-,-,-,-,-,-,-
REYN,Reynolds Consumer Products Inc.,4.65B,0.92,4.17%,56.48%,-,Quarterly,-,7,-,0.22%
GEF,"Greif, Inc.",4.65B,2.48,3.04%,13.46%,8.26%,Quarterly,5,54,5.32%,5.80%
BMA,Banco Macro S.A.,4.65B,3.97,6.04%,137.32%,116.16%,-,-,5,78.79%,46.79%
RELY,"Remitly Global, Inc.",4.63B,-,-,-,-,-,-,-,-,-
EBC,"Eastern Bankshares, Inc.",4.63B,0.60,2.83%,32.09%,12.00%,Quarterly,4,6,11.87%,-
CIGI,Colliers International Group Inc.,4.62B,0.30,0.33%,14.27%,-,Semi-Annual,-,14,-,24.57%
CLMT,"Calumet, Inc.",4.62B,0,-,-,-,-,-,-,4.23%,8.29%
EQPT,EquipmentShare.com Inc.,4.62B,-,-,-,-,-,-,-,-,-
LPX,Louisiana-Pacific Corporation,4.62B,1.20,1.82%,155.84%,7.27%,Quarterly,8,9,7.87%,12.84%
CUZ,Cousins Properties Incorporated,4.62B,1.28,4.56%,"3,338.90%",-,Quarterly,-,47,-,0.80%
CRC,California Resources Corporation,4.61B,1.62,3.10%,-,4.52%,Quarterly,4,6,12.76%,-
HAFN,Hafnia Limited,4.60B,1.11,12.11%,85.42%,76.13%,Quarterly,-,4,-,-
FBIN,"Fortune Brands Innovations, Inc.",4.59B,1.04,2.70%,83.71%,4.04%,Quarterly,2,14,2.02%,0.20%
TFSL,TFS Financial Corporation,4.59B,1.27,7.70%,352.79%,3.10%,Quarterly,-,13,1.02%,0.75%
CHH,"Choice Hotels International, Inc.",4.58B,1.15,1.12%,16.20%,-,Quarterly,1,23,1.49%,20.64%
NSIT,"Insight Enterprises, Inc.",4.58B,-,-,-,-,-,-,-,-,-
PRM,"Perimeter Solutions, Inc.",4.58B,-,-,-,-,-,-,-,-,-
FFIN,"First Financial Bankshares, Inc.",4.57B,0.88,2.75%,43.65%,10.81%,Quarterly,15,34,5.42%,7.93%
MEOH,Methanex Corporation,4.56B,0.74,1.23%,64.80%,-,Quarterly,-,25,0.92%,25.52%
CHEF,"The Chefs' Warehouse, Inc.",4.56B,-,-,-,-,-,-,-,-,-
AIR,AAR Corp.,4.55B,0,-,-,-,-,-,-,7.72%,4.56%
OII,"Oceaneering International, Inc.",4.55B,0,-,-,-,-,-,-,-15.09%,-1.89%
ADPT,Adaptive Biotechnologies Corporation,4.55B,-,-,-,-,-,-,-,-,-
SR,Spire Inc.,4.54B,3.30,4.29%,36.80%,5.10%,Quarterly,22,56,4.64%,4.88%
LFST,"LifeStance Health Group, Inc.",4.53B,-,-,-,-,-,-,-,-,-
ADT,ADT Inc.,4.53B,0.22,3.53%,30.45%,-,Quarterly,-,9,16.26%,9.46%
UEC,Uranium Energy Corp.,4.53B,-,-,-,-,-,-,-,-,-
TREX,"Trex Company, Inc.",4.53B,-,-,-,-,-,-,-,-,-
RSI,"Rush Street Interactive, Inc.",4.53B,-,-,-,-,-,-,-,-,-
AMTM,"Amentum Holdings, Inc.",4.53B,-,-,-,-,-,-,-,-,-
VSNT,"Versant Media Group, Inc.",4.52B,1.50,4.62%,20.65%,-,Quarterly,-,1,-,-
ABCL,AbCellera Biologics Inc.,4.50B,-,-,-,-,-,-,-,-,-
ATAT,Atour Lifestyle Holdings Limited,4.50B,0.78,2.37%,40.22%,3.70%,Annual,2,4,-,-
CON,"Concentra Group Holdings Parent, Inc.",4.50B,0.25,0.71%,16.37%,-,Quarterly,1,3,-,-
OGS,"ONE Gas, Inc.",4.49B,2.72,3.82%,58.37%,1.50%,Quarterly,11,13,1.78%,3.52%
HRI,Herc Holdings Inc.,4.48B,2.80,2.08%,191.13%,1.27%,Quarterly,4,6,4.23%,-
SFBS,"ServisFirst Bancshares, Inc.",4.48B,0.76,1.86%,25.90%,13.43%,Quarterly,1,13,10.72%,13.70%
MMYT,MakeMyTrip Limited,4.47B,-,-,-,-,-,-,-,-,-
KRMN,Karman Holdings Inc.,4.46B,-,-,-,-,-,-,-,-,-
PAM,Pampa Energía S.A.,4.46B,0,-,-,-,-,-,-,-,-
MYRG,MYR Group Inc.,4.45B,-,-,-,-,-,-,-,-,-
DIOD,Diodes Incorporated,4.44B,0,-,-,-,-,-,-,-,-
TKC,Turkcell Iletisim Hizmetleri A.S.,4.44B,0.18,3.61%,41.20%,17.19%,Annual,3,10,38.77%,-3.91%
NNI,"Nelnet, Inc.",4.44B,1.32,1.07%,15.78%,15.79%,Quarterly,11,20,8.27%,8.45%
PSN,Parsons Corporation,4.44B,-,-,-,-,-,-,-,-,-
BWIN,"The Baldwin Insurance Group, Inc.",4.44B,-,-,-,-,-,-,-,-,-
ALK,"Alaska Air Group, Inc.",4.43B,0,-,-,-,-,-,-,8.20%,19.90%
TPC,Tutor Perini Corporation,4.42B,0.24,0.28%,11.64%,-,Quarterly,-,2,-,-
CGAU,Centerra Gold Inc.,4.41B,0.28,1.28%,8.80%,-0.32%,Quarterly,-,7,-0.02%,4.90%
SIM,"Grupo Simec, S.A.B. de C.V.",4.40B,0,-,-,-,-,-,-,-,-
CNK,"Cinemark Holdings, Inc.",4.39B,0.36,0.94%,19.51%,50.00%,Quarterly,-,2,65.10%,-23.57%
ONDS,Ondas Inc.,4.39B,-,-,-,-,-,-,-,-,-
CNR,"Core Natural Resources, Inc.",4.39B,0.40,0.45%,20.40%,-27.27%,Quarterly,-,5,-54.51%,-
HHH,Howard Hughes Holdings Inc.,4.39B,-,-,-,-,-,-,-,-,-
KBR,"KBR, Inc.",4.39B,0.66,1.90%,19.89%,2.33%,Quarterly,6,19,7.93%,8.95%
FULT,Fulton Financial Corporation,4.39B,0.76,3.30%,36.54%,5.56%,Quarterly,2,45,3.78%,5.19%
KVYO,"Klaviyo, Inc.",4.38B,-,-,-,-,-,-,-,-,-
UFPI,"UFP Industries, Inc.",4.38B,1.44,1.80%,33.06%,3.62%,Quarterly,13,34,10.84%,19.99%
MRP,"Millrose Properties, Inc.",4.37B,3.16,11.98%,107.06%,-,Quarterly,-,2,-,-
GFF,Griffon Corporation,4.37B,0.88,0.91%,22.48%,22.22%,Quarterly,1,16,-28.92%,22.42%
RDN,Radian Group Inc.,4.36B,1.02,3.11%,26.24%,0.99%,Quarterly,6,34,5.24%,13.99%
EPR,EPR Properties,4.36B,3.72,6.52%,119.23%,4.44%,Monthly,4,30,3.37%,37.19%
GEF.B,"Greif, Inc.",4.36B,3.53,3.31%,19.17%,8.28%,Quarterly,5,25,5.34%,5.82%
HTFL,"HeartFlow, Inc.",4.34B,-,-,-,-,-,-,-,-,-
ALH,Alliance Laundry Holdings Inc.,4.34B,-,-,-,-,-,-,-,-,-
AKO.A,Embotelladora Andina S.A.,4.33B,0.74,3.05%,41.87%,4.41%,Semi-Annual,2,30,12.75%,12.56%
AKO.B,Embotelladora Andina S.A.,4.33B,0.81,2.62%,36.44%,4.10%,Semi-Annual,2,30,12.64%,12.49%
IBOC,International Bancshares Corporation,4.32B,1.46,2.10%,21.99%,4.29%,Semi-Annual,16,31,5.03%,4.89%
FELE,"Franklin Electric Co., Inc.",4.31B,1.12,1.15%,32.29%,5.74%,Quarterly,32,34,8.30%,10.20%
EWTX,"Edgewise Therapeutics, Inc.",4.31B,-,-,-,-,-,-,-,-,-
BCO,The Brink's Company,4.31B,1.02,0.98%,23.61%,2.51%,Quarterly,5,38,6.69%,7.82%
BIPC,Brookfield Infrastructure Corporation,4.30B,1.82,5.20%,-,5.90%,Quarterly,5,7,5.99%,5.97%
SLM,SLM Corporation,4.30B,0.52,2.26%,14.50%,-,Quarterly,2,8,5.73%,34.08%
BOX,"Box, Inc.",4.30B,-,-,-,-,-,-,-,-,-
ITGR,Integer Holdings Corporation,4.29B,-,-,-,-,-,-,-,-,-
BDC,Belden Inc.,4.29B,0.20,0.18%,3.25%,-,Quarterly,-,23,-,-
CVCO,"Cavco Industries, Inc.",4.29B,-,-,-,-,-,-,-,-,-
BC,Brunswick Corporation,4.29B,1.76,2.65%,-,2.34%,Quarterly,13,56,3.79%,7.66%
ARX,Accelerant Holdings,4.29B,-,-,-,-,-,-,-,-,-
CRGY,Crescent Energy Company,4.28B,0.48,3.71%,259.07%,-,Quarterly,-,5,-6.11%,-
TGS,Transportadora de Gas del Sur S.A.,4.27B,0,-,-,-,-,-,1,-2.90%,-1.75%
LIVN,LivaNova PLC,4.26B,-,-,-,-,-,-,-,-,-
CAAP,Corporación América Airports S.A.,4.25B,1.82,6.97%,51.69%,-,-,-,1,-,-
OPLN,"OPENLANE, Inc.",4.25B,0,-,-,-,-,-,-,-8.98%,-2.42%
MTH,Meritage Homes Corporation,4.24B,1.92,2.95%,40.03%,12.31%,Quarterly,3,4,66.52%,69.16%
ENVA,"Enova International, Inc.",4.24B,-,-,-,-,-,-,-,-,-
CECO,CECO Environmental Corp.,4.24B,0,-,-,-,-,-,-,9.77%,15.76%
VNT,Vontier Corporation,4.19B,0.10,0.32%,4.12%,-,Quarterly,-,6,-,-
NWE,"NorthWestern Energy Group, Inc.",4.18B,2.68,3.94%,96.74%,1.52%,Quarterly,20,22,1.54%,1.65%
ESAB,ESAB Corporation,4.18B,0.48,0.71%,15.95%,22.22%,Quarterly,3,5,25.99%,-
COLD,"Americold Realty Trust, Inc.",4.17B,0.92,6.32%,-,1.10%,Quarterly,1,9,1.49%,1.12%
FRVO,Fervo Energy Company,4.16B,-,-,-,-,-,-,-,-,-
SKT,Tanger Inc.,4.15B,1.25,3.60%,114.77%,6.61%,Quarterly,5,34,9.17%,17.84%
TDW,Tidewater Inc.,4.14B,-,-,-,-,-,-,-,-,-
PTEN,"Patterson-UTI Energy, Inc.",4.14B,0.40,3.68%,-,18.75%,Quarterly,-,23,5.90%,36.56%
DK,"Delek US Holdings, Inc.",4.14B,1.02,1.51%,27.53%,-,Quarterly,3,5,4.45%,-3.68%
TCBI,"Texas Capital Bancshares, Inc.",4.12B,0.80,0.84%,5.18%,-,Quarterly,-,1,-,-
AYA,Aya Gold & Silver Inc.,4.11B,-,-,-,-,-,-,-,-,-
DAVE,Dave Inc.,4.10B,-,-,-,-,-,-,-,-,-
ICUI,"ICU Medical, Inc.",4.10B,-,-,-,-,-,-,-,-,-
UCB,"United Community Banks, Inc.",4.10B,1.04,3.06%,34.01%,4.12%,Quarterly,11,13,3.54%,5.85%
TNGX,"Tango Therapeutics, Inc.",4.09B,-,-,-,-,-,-,-,-,-
FHI,"Federated Hermes, Inc.",4.09B,1.52,2.65%,28.26%,10.77%,Quarterly,3,29,9.39%,5.92%
ENPH,"Enphase Energy, Inc.",4.09B,-,-,-,-,-,-,-,-,-
DOO,BRP Inc.,4.07B,0.70,1.23%,63.81%,13.81%,Quarterly,5,10,10.05%,11.75%
FBP,First BanCorp.,4.06B,0.80,2.99%,33.72%,11.43%,Quarterly,7,9,13.04%,24.57%
AZZ,AZZ Inc.,4.06B,0.80,0.59%,12.81%,18.31%,Quarterly,1,17,7.30%,4.32%
CATY,Cathay General Bancorp,4.05B,1.52,2.50%,29.73%,8.82%,Quarterly,-,36,2.86%,3.60%
CBT,Cabot Corporation,4.05B,1.89,2.40%,53.13%,4.83%,Quarterly,14,56,6.21%,5.68%
PBLS,"Parabilis Medicines, Inc.",4.03B,-,-,-,-,-,-,-,-,-
FLY,Firefly Aerospace Inc.,4.03B,-,-,-,-,-,-,-,-,-
CVSA,Covista Inc.,4.02B,0,-,-,-,-,-,-,1.92%,5.92%
TDS,"Telephone and Data Systems, Inc.",4.01B,0.16,0.45%,5.51%,-,Quarterly,53,53,-39.84%,-25.45%
ACHR,Archer Aviation Inc.,4.00B,-,-,-,-,-,-,-,-,-
DLO,DLocal Limited,3.99B,0.19,1.40%,28.92%,-,-,-,1,-,-
SKE,Skeena Resources Limited,3.99B,-,-,-,-,-,-,-,-,-
KRC,Kilroy Realty Corporation,3.98B,2.16,6.36%,150.54%,-,Quarterly,-,30,-,1.35%
SITE,"SiteOne Landscape Supply, Inc.",3.98B,-,-,-,-,-,-,-,-,-
FSLY,"Fastly, Inc.",3.97B,-,-,-,-,-,-,-,-,-
SIG,Signet Jewelers Limited,3.97B,1.40,1.35%,16.01%,9.60%,Quarterly,4,16,15.46%,30.64%
SEB,Seaboard Corporation,3.96B,9.00,0.22%,1.36%,-,Quarterly,-,10,-,-
ERO,Ero Copper Corp.,3.95B,-,-,-,-,-,-,-,-,-
JOYY,JOYY Inc.,3.94B,6.20,7.68%,126.75%,91.80%,Quarterly,1,2,46.25%,21.52%
BRC,Brady Corporation,3.92B,1.00,1.20%,23.33%,2.07%,Quarterly,42,43,2.12%,2.16%
SYNA,Synaptics Incorporated,3.92B,-,-,-,-,-,-,-,-,-
ARIS,Aris Mining Corporation,3.91B,0,-,-,-,-,-,-,-,-
WSFS,WSFS Financial Corporation,3.91B,0.80,1.05%,12.43%,15.63%,Quarterly,1,29,7.24%,8.16%
CVBF,CVB Financial Corp.,3.91B,0.80,3.60%,55.82%,-,Quarterly,-,38,-,2.13%
SKYW,"SkyWest, Inc.",3.91B,0,-,-,-,-,-,-,29.54%,25.59%
TNL,Travel + Leisure Co.,3.91B,2.40,3.75%,65.82%,8.26%,Quarterly,4,20,10.48%,14.48%
PARR,"Par Pacific Holdings, Inc.",3.91B,-,-,-,-,-,-,-,-,-
CELC,Celcuity Inc.,3.90B,-,-,-,-,-,-,-,-,-
CDP,COPT Defense Properties,3.90B,1.28,3.79%,89.17%,4.55%,Quarterly,3,35,3.83%,2.83%
GEO,"The GEO Group, Inc.",3.90B,0,-,-,-,-,-,-,2.59%,3.69%
BFH,"Bread Financial Holdings, Inc.",3.89B,0.92,0.91%,7.21%,9.52%,Quarterly,1,11,3.08%,1.84%
MDU,"MDU Resources Group, Inc.",3.89B,0.58,3.15%,61.15%,6.60%,Quarterly,1,56,-10.67%,-7.84%
CCC,CCC Intelligent Solutions Holdings Inc.,3.89B,-,-,-,-,-,-,-,-,-
KFY,Korn Ferry,3.88B,2.20,3.09%,41.63%,17.68%,Quarterly,5,12,47.78%,37.08%
SUNC,SunocoCorp LLC,3.88B,4.01,5.30%,-,-,Quarterly,-,1,-,-
ITRI,"Itron, Inc.",3.88B,-,-,-,-,-,-,-,-,-
RLAY,"Relay Therapeutics, Inc.",3.87B,-,-,-,-,-,-,-,-,-
MSGE,Madison Square Garden Entertainment Corp.,3.87B,-,-,-,-,-,-,-,-,-
APLE,"Apple Hospitality REIT, Inc.",3.86B,0.96,5.86%,130.24%,-4.95%,Monthly,-,12,-2.63%,100.00%
VKTX,"Viking Therapeutics, Inc.",3.85B,-,-,-,-,-,-,-,-,-
AQN,Algonquin Power & Utilities Corp.,3.84B,0.26,5.20%,147.41%,-,Quarterly,-,16,-19.92%,-16.78%
TLX,Telix Pharmaceuticals Limited,3.84B,-,-,-,-,-,-,-,-,-
ACLS,"Axcelis Technologies, Inc.",3.83B,-,-,-,-,-,-,-,-,-
PRIM,Primoris Services Corporation,3.83B,0.32,0.45%,12.46%,-,Quarterly,2,19,10.06%,5.92%
NVST,Envista Holdings Corporation,3.82B,-,-,-,-,-,-,-,-,-
ALM,Almonty Industries Inc.,3.82B,0,-,-,-,-,-,-,-,-
BOOT,"Boot Barn Holdings, Inc.",3.81B,-,-,-,-,-,-,-,-,-
MAT,"Mattel, Inc.",3.81B,0,-,-,-,-,-,-,-4.90%,2.15%
TENB,"Tenable Holdings, Inc.",3.81B,-,-,-,-,-,-,-,-,-
NP,Neptune Insurance Holdings Inc.,3.80B,-,-,-,-,-,-,-,-,-
BULL,Webull Corporation,3.80B,-,-,-,-,-,-,-,-,-
SLGN,Silgan Holdings Inc.,3.79B,0.84,2.34%,32.96%,5.06%,Quarterly,21,23,5.84%,8.98%
CNS,"Cohen & Steers, Inc.",3.79B,2.68,3.66%,82.45%,7.35%,Quarterly,3,23,5.18%,-0.82%
STNG,Scorpio Tankers Inc.,3.78B,1.80,2.17%,11.13%,10.63%,Quarterly,3,14,30.31%,34.64%
AVNT,Avient Corporation,3.78B,1.10,2.66%,59.41%,1.85%,Quarterly,14,16,3.57%,5.29%
PAY,"Paymentus Holdings, Inc.",3.77B,-,-,-,-,-,-,-,-,-
IPAR,"Interparfums, Inc.",3.77B,3.20,2.72%,61.17%,1.59%,Quarterly,5,25,10.45%,33.67%
BNL,"Broadstone Net Lease, Inc.",3.77B,1.17,6.23%,154.57%,0.65%,Quarterly,5,7,1.70%,2.94%
PHI,PLDT Inc.,3.76B,1.10,6.42%,50.43%,-9.10%,Semi-Annual,-,22,-7.84%,-1.14%
LOPE,"Grand Canyon Education, Inc.",3.76B,-,-,-,-,-,-,-,-,-
INDB,Independent Bank Corp.,3.76B,2.56,3.22%,46.39%,7.26%,Quarterly,15,33,4.49%,5.73%
SLG,SL Green Realty Corp.,3.76B,2.47,5.02%,-,-23.01%,Monthly,-,30,-10.74%,-15.70%
BWLP,BW LPG Limited,3.76B,2.59,10.52%,87.90%,93.28%,Quarterly,-,3,-,-
JOE,The St. Joe Company,3.76B,0.64,0.97%,30.02%,14.29%,Quarterly,5,7,15.07%,15.60%
AMLX,"Amylyx Pharmaceuticals, Inc.",3.75B,-,-,-,-,-,-,-,-,-
HP,"Helmerich & Payne, Inc.",3.74B,1.00,2.68%,-,-,Quarterly,-,56,-18.90%,-
PLSE,"Pulse Biosciences, Inc.",3.73B,-,-,-,-,-,-,-,-,-
CRVL,CorVel Corporation,3.73B,-,-,-,-,-,-,-,-,-
CRK,"Comstock Resources, Inc.",3.72B,0,-,-,-,-,-,-,-,-
OTTR,Otter Tail Corporation,3.72B,2.31,2.60%,49.88%,10.53%,Quarterly,12,56,9.38%,7.95%
IRTC,"iRhythm Holdings, Inc.",3.71B,-,-,-,-,-,-,-,-,-
EE,"Excelerate Energy, Inc.",3.71B,0.36,1.09%,24.82%,26.92%,Quarterly,3,5,48.88%,-
CENX,Century Aluminum Company,3.70B,0,-,-,-,-,-,-,-,-
WK,Workiva Inc.,3.70B,-,-,-,-,-,-,-,-,-
CAR,"Avis Budget Group, Inc.",3.70B,0,-,-,-,-,-,-,81.71%,43.10%
SRAD,Sportradar Group AG,3.69B,-,-,-,-,-,-,-,-,-
PSUS,"Pershing Square USA, Ltd.",3.69B,-,-,-,-,-,-,-,-,-
THO,"THOR Industries, Inc.",3.68B,2.08,2.93%,61.54%,4.00%,Quarterly,1,40,4.94%,4.87%
IDYA,"IDEAYA Biosciences, Inc.",3.68B,-,-,-,-,-,-,-,-,-
RHI,Robert Half Inc.,3.68B,2.36,6.45%,205.16%,2.61%,Quarterly,22,23,8.07%,9.78%
IOND,Ionic Digital Inc.,3.68B,-,-,-,-,-,-,-,-,-
DORM,"Dorman Products, Inc.",3.67B,0,-,-,-,-,-,-,-,-
BMI,"Badger Meter, Inc.",3.67B,1.76,1.38%,41.20%,15.49%,Quarterly,33,56,20.17%,17.25%
WSBC,"WesBanco, Inc.",3.67B,1.52,3.97%,43.91%,2.70%,Quarterly,15,50,2.78%,3.02%
USAC,"USA Compression Partners, LP",3.67B,2.10,8.28%,195.42%,-,Quarterly,-,9,-,-
SEZL,Sezzle Inc.,3.65B,-,-,-,-,-,-,-,-,-
TAC,TransAlta Corporation,3.65B,0.20,1.65%,-,9.28%,Quarterly,6,39,6.29%,6.67%
VVV,Valvoline Inc.,3.64B,0,-,-,-,-,-,-,5.07%,17.68%
VCYT,"Veracyte, Inc.",3.64B,-,-,-,-,-,-,-,-,-
RNST,Renasant Corporation,3.64B,0.96,2.40%,28.81%,6.82%,Quarterly,1,34,2.22%,1.33%
BANF,BancFirst Corporation,3.61B,2.08,1.91%,28.07%,6.42%,Quarterly,28,34,6.88%,7.60%
OGN,Organon & Co.,3.60B,0.08,0.58%,10.09%,-86.67%,Quarterly,-,6,-58.51%,-
LEGN,Legend Biotech Corporation,3.60B,-,-,-,-,-,-,-,-,-
ATMU,Atmus Filtration Technologies Inc.,3.60B,0.24,0.54%,9.20%,9.76%,Quarterly,1,3,-,-
VAC,Marriott Vacations Worldwide Corporation,3.59B,3.20,3.07%,-,1.27%,Quarterly,5,13,3.57%,42.74%
LXP,LXP Industrial Trust,3.59B,2.80,4.60%,281.49%,3.74%,Quarterly,6,33,3.89%,5.36%
MIR,"Mirion Technologies, Inc.",3.58B,-,-,-,-,-,-,-,-,-
FCN,"FTI Consulting, Inc.",3.57B,-,-,-,-,-,-,-,-,-
WBI,WaterBridge Infrastructure LLC,3.57B,0.20,0.68%,63.74%,-,Quarterly,-,1,-,-
WT,"WisdomTree, Inc.",3.56B,0.12,0.50%,22.16%,-,Quarterly,-,13,-,-
XENE,Xenon Pharmaceuticals Inc.,3.56B,-,-,-,-,-,-,-,-,-
IRT,"Independence Realty Trust, Inc.",3.55B,0.72,4.89%,401.77%,6.06%,Quarterly,4,14,5.27%,7.84%
NHC,National HealthCare Corporation,3.55B,2.68,1.18%,30.11%,4.80%,Quarterly,21,23,4.14%,4.72%
KTB,"Kontoor Brands, Inc.",3.55B,2.12,3.27%,44.29%,1.92%,Quarterly,5,8,3.36%,5.79%
GNW,"Genworth Financial, Inc.",3.55B,0,-,-,-,-,-,-,22.16%,20.34%
BILL,"BILL Holdings, Inc.",3.55B,-,-,-,-,-,-,-,-,-
TRMD,TORM plc,3.54B,4.42,12.48%,71.98%,70.00%,Quarterly,-,5,-14.25%,50.11%
UCTT,"Ultra Clean Holdings, Inc.",3.54B,-,-,-,-,-,-,-,-,-
BATRA,"Atlanta Braves Holdings, Inc.",3.54B,-,-,-,-,-,-,-,-,-
ACAD,Acadia Pharmaceuticals Inc.,3.53B,-,-,-,-,-,-,-,-,-
MANU,Manchester United plc,3.53B,0,-,-,-,-,-,-,14.47%,3.71%
USAR,"USA Rare Earth, Inc.",3.52B,-,-,-,-,-,-,-,-,-
DHT,"DHT Holdings, Inc.",3.52B,1.86,8.52%,83.29%,214.10%,Quarterly,-,19,34.81%,51.20%
BELFB,Bel Fuse Inc.,3.51B,0.28,0.11%,6.74%,-,Quarterly,-,28,-,-
PVH,PVH Corp.,3.49B,0.15,0.20%,-,-,Quarterly,-,56,-,31.95%
LAZ,"Lazard, Inc.",3.49B,2.00,5.60%,98.50%,-,Quarterly,-,22,-,1.25%
NIC,"Nicolet Bankshares, Inc.",3.49B,1.44,0.86%,16.60%,13.33%,Quarterly,2,4,-,-
BATRK,"Atlanta Braves Holdings, Inc.",3.48B,-,-,-,-,-,-,-,-,-
MHO,"M/I Homes, Inc.",3.48B,0,-,-,-,-,-,-,-,-
LUNR,"Intuitive Machines, Inc.",3.48B,-,-,-,-,-,-,-,-,-
OLED,Universal Display Corporation,3.47B,2.00,2.65%,48.27%,11.43%,Quarterly,8,10,13.04%,21.06%
FSM,Fortuna Mining Corp.,3.47B,-,-,-,-,-,-,-,-,-
FIBK,"First Interstate BancSystem, Inc.",3.46B,1.88,5.17%,58.03%,-,Quarterly,-,17,-,3.15%
MCHB,Mechanics Bancorp,3.45B,2.80,18.79%,126.97%,-,Quarterly,-,6,22.29%,14.92%
QTWO,"Q2 Holdings, Inc.",3.43B,-,-,-,-,-,-,-,-,-
ARQT,"Arcutis Biotherapeutics, Inc.",3.43B,-,-,-,-,-,-,-,-,-
CLSK,"CleanSpark, Inc.",3.43B,-,-,-,-,-,-,-,-,-
OPCH,"Option Care Health, Inc.",3.43B,-,-,-,-,-,-,-,-,-
ZIM,ZIM Integrated Shipping Services Ltd.,3.43B,1.19,4.18%,103.46%,-72.13%,-,1,6,-51.03%,-
COCO,"The Vita Coco Company, Inc.",3.42B,-,-,-,-,-,-,-,-,-
SBLK,Star Bulk Carriers Corp.,3.40B,1.40,4.79%,73.94%,137.97%,Quarterly,-,8,-9.66%,13.46%
ZGN,Ermenegildo Zegna N.V.,3.40B,0.14,1.10%,40.83%,-2.91%,Annual,3,5,8.00%,-
LMND,"Lemonade, Inc.",3.40B,-,-,-,-,-,-,-,-,-
SMR,NuScale Power Corporation,3.40B,-,-,-,-,-,-,-,-,-
KEN,Kenon Holdings Ltd.,3.39B,3.85,5.99%,166.89%,-19.79%,Annual,2,6,11.33%,15.66%
NATL,NCR Atleos Corporation,3.38B,-,-,-,-,-,-,-,-,-
MWA,"Mueller Water Products, Inc.",3.38B,0.28,1.29%,19.72%,4.48%,Quarterly,11,21,4.69%,4.94%
HNI,HNI Corporation,3.38B,1.40,2.97%,"2,061.52%",2.99%,Quarterly,15,56,2.54%,2.33%
SXI,Standex International Corporation,3.37B,1.36,0.49%,15.69%,6.25%,Quarterly,15,56,6.69%,7.21%
ELVN,"Enliven Therapeutics, Inc.",3.37B,-,-,-,-,-,-,-,-,-
GPGI,"GPGI, Inc.",3.37B,0.01,0.09%,-,-,Quarterly,-,1,-,-
TARS,"Tarsus Pharmaceuticals, Inc.",3.36B,-,-,-,-,-,-,-,-,-
MIAX,"Miami International Holdings, Inc.",3.36B,-,-,-,-,-,-,-,-,-
DNLI,Denali Therapeutics Inc.,3.36B,-,-,-,-,-,-,-,-,-
MGNI,"Magnite, Inc.",3.35B,-,-,-,-,-,-,-,-,-
CDNA,"CareDx, Inc.",3.35B,-,-,-,-,-,-,-,-,-
FFBC,First Financial Bancorp.,3.35B,1.04,3.22%,36.73%,4.12%,Quarterly,2,44,3.16%,1.88%
MNDY,monday.com Ltd.,3.35B,-,-,-,-,-,-,-,-,-
CSTM,Constellium SE,3.34B,-,-,-,-,-,-,-,-,-
AAMI,Acadian Asset Management Inc.,3.33B,0.40,0.43%,10.93%,675.00%,Quarterly,-,12,97.89%,50.61%
RXO,"RXO, Inc.",3.32B,-,-,-,-,-,-,-,-,-
TNK,Teekay Tankers Ltd.,3.32B,1.00,1.05%,5.89%,-,Quarterly,-,4,10.06%,9.86%
LIF,"Life360, Inc.",3.32B,-,-,-,-,-,-,-,-,-
PFSI,"PennyMac Financial Services, Inc.",3.31B,1.20,1.88%,16.48%,-,Quarterly,2,8,14.47%,9.86%
HIW,"Highwoods Properties, Inc.",3.30B,2.00,6.77%,131.84%,-,Quarterly,-,33,-,0.61%
SFNC,Simmons First National Corporation,3.30B,0.86,3.76%,-,1.18%,Quarterly,14,53,2.77%,3.85%
TOWN,TowneBank,3.29B,1.12,3.11%,29.75%,5.77%,Quarterly,14,24,4.64%,7.68%
POST,"Post Holdings, Inc.",3.29B,-,-,-,-,-,-,-,-,-
SHOO,"Steven Madden, Ltd.",3.28B,0.84,1.87%,41.97%,-,Quarterly,-,9,-,13.30%
IPGP,IPG Photonics Corporation,3.28B,0,-,-,-,-,-,-,-,-
NHI,"National Health Investors, Inc.",3.28B,3.76,5.63%,108.53%,2.21%,Quarterly,1,36,0.92%,-1.57%
PRK,Park National Corporation,3.28B,4.40,2.42%,39.31%,17.82%,Quarterly,2,40,6.22%,5.45%
AB,AllianceBernstein Holding L.P.,3.27B,3.38,9.61%,102.43%,2.66%,Quarterly,2,39,9.96%,0.53%
SA,Seabridge Gold Inc.,3.27B,-,-,-,-,-,-,-,-,-
FRSH,Freshworks Inc.,3.27B,-,-,-,-,-,-,-,-,-
HG,"Hamilton Insurance Group, Ltd.",3.27B,2.00,6.02%,34.93%,-,-,-,1,-,-
CURB,Curbline Properties Corp.,3.26B,0.71,2.50%,259.93%,-4.11%,Quarterly,1,3,-,-
LION,Lionsgate Studios Corp.,3.26B,0,-,-,-,-,-,-,-,-
BBWI,"Bath & Body Works, Inc.",3.26B,0.80,4.93%,20.80%,-,Quarterly,-,54,-,21.67%
EROC,"ERock, Inc.",3.24B,-,-,-,-,-,-,-,-,-
GBDC,"Golub Capital BDC, Inc.",3.24B,1.32,10.57%,211.55%,-16.36%,Quarterly,-,17,-0.48%,3.53%
PLMR,"Palomar Holdings, Inc.",3.24B,1.80,1.47%,6.05%,-,-,-,1,-,-
WSC,WillScot Holdings Corporation,3.24B,0.28,1.56%,-,-,Quarterly,-,2,-,-
LBTYB,Liberty Global Ltd.,3.24B,-,-,-,-,-,-,-,-,-
ABG,"Asbury Automotive Group, Inc.",3.23B,0,-,-,-,-,-,-,-,-
LBTYA,Liberty Global Ltd.,3.22B,-,-,-,-,-,-,-,-,-
AWR,American States Water Company,3.22B,2.18,2.68%,59.71%,8.26%,Quarterly,72,72,8.24%,8.47%
AEHR,"Aehr Test Systems, Inc.",3.22B,-,-,-,-,-,-,-,-,-
LBTYK,Liberty Global Ltd.,3.22B,-,-,-,-,-,-,-,-,-
FA,First Advantage Corporation,3.20B,0,-,-,-,-,-,-,-,-
VGNT,Versigent PLC,3.20B,0.52,1.15%,1.76%,-,-,-,1,-,-
USLM,"United States Lime & Minerals, Inc.",3.20B,0.24,0.21%,5.14%,4.35%,Quarterly,2,13,14.47%,13.40%
ATKR,Atkore Inc.,3.20B,1.32,1.40%,-,1.54%,Quarterly,1,3,-,-
SII,Sprott Inc.,3.19B,1.60,1.33%,39.22%,33.33%,Quarterly,2,16,16.96%,9.86%
KAI,Kadant Inc.,3.19B,1.44,0.54%,15.48%,5.97%,Quarterly,12,14,7.91%,7.48%
ARLP,"Alliance Resource Partners, L.P.",3.19B,2.40,9.66%,116.98%,-11.11%,Quarterly,-,28,-2.63%,64.38%
RCUS,"Arcus Biosciences, Inc.",3.19B,-,-,-,-,-,-,-,-,-
CBU,"Community Financial System, Inc.",3.18B,1.96,3.24%,45.47%,2.70%,Quarterly,35,43,2.39%,2.37%
INFQ,"Infleqtion, Inc.",3.18B,-,-,-,-,-,-,-,-,-
KN,Knowles Corporation,3.18B,-,-,-,-,-,-,-,-,-
BTE,Baytex Energy Corp.,3.18B,0.07,1.44%,-,1.42%,Quarterly,-,4,57.63%,31.39%
YETI,"YETI Holdings, Inc.",3.17B,-,-,-,-,-,-,-,-,-
RUM,RUM Group Inc.,3.17B,-,-,-,-,-,-,-,-,-
PK,Park Hotels & Resorts Inc.,3.16B,1.00,6.35%,-,-28.57%,Quarterly,-,5,12.62%,151.19%
TGB,Trekor Metals Limited,3.16B,-,-,-,-,-,-,-,-,-
TSAT,Telesat Corporation,3.16B,-,-,-,-,-,-,-,-,-
CALM,"Cal-Maine Foods, Inc.",3.15B,2.46,3.65%,37.07%,-28.96%,-,1,6,-2.25%,169.26%
LRN,"Stride, Inc.",3.15B,-,-,-,-,-,-,-,-,-
CXW,"CoreCivic, Inc.",3.13B,0,-,-,-,-,-,-,-2.86%,-3.19%
COHU,"Cohu, Inc.",3.13B,0,-,-,-,-,-,-,-,-
NG,NovaGold Resources Inc.,3.13B,-,-,-,-,-,-,-,-,-
SBCF,Seacoast Banking Corporation of Florida,3.12B,0.76,2.33%,48.66%,5.56%,Quarterly,5,6,2.78%,23.93%
ECO,Okeanis Eco Tankers Corp.,3.12B,9.55,12.04%,84.97%,424.73%,Quarterly,-,3,-,-
HTGC,"Hercules Capital, Inc.",3.12B,1.88,11.13%,93.31%,-0.53%,Quarterly,-,22,-0.87%,4.76%
AAUC,Allied Gold Corporation,3.11B,-,-,-,-,-,-,-,-,-
ASH,Ashland Inc.,3.11B,1.68,2.46%,146.19%,1.83%,Quarterly,7,56,5.06%,7.75%
LPL,"LG Display Co., Ltd.",3.10B,0,-,-,-,-,-,-,2.11%,1.26%
BFAM,Bright Horizons Family Solutions Inc.,3.10B,-,-,-,-,-,-,-,-,-
DKL,"Delek Logistics Partners, LP",3.10B,4.54,8.46%,156.34%,1.81%,Quarterly,12,14,3.48%,4.18%
LBRT,Liberty Energy Inc.,3.09B,0.36,1.89%,48.62%,12.50%,Quarterly,3,5,21.64%,48.41%
FSK,FS KKR Capital Corp.,3.09B,2.04,18.31%,-,-27.14%,Quarterly,-,13,-10.86%,-3.60%
NMIH,"NMI Holdings, Inc.",3.08B,-,-,-,-,-,-,-,-,-
IMAX,IMAX Corporation,3.08B,-,-,-,-,-,-,-,-,-
VTMX,"Corporación Inmobiliaria Vesta, S.A.B. de C.V.",3.07B,0.71,2.16%,16.48%,7.83%,Quarterly,2,4,-,-
OSIS,"OSI Systems, Inc.",3.07B,-,-,-,-,-,-,-,-,-
NVTS,Navitas Semiconductor Corporation,3.07B,-,-,-,-,-,-,-,-,-
BKU,"BankUnited, Inc.",3.07B,1.32,3.04%,36.31%,6.56%,Quarterly,6,16,7.04%,7.16%
BTU,Peabody Energy Corporation,3.07B,0.30,1.19%,-,-,Quarterly,-,4,25.99%,31.95%
BSM,"Black Stone Minerals, L.P.",3.07B,1.20,8.31%,101.86%,-14.39%,Quarterly,-,12,-13.35%,11.75%
CPK,Chesapeake Utilities Corporation,3.07B,2.94,2.31%,46.88%,7.17%,Quarterly,22,56,8.07%,9.07%
WRBY,Warby Parker Inc.,3.07B,-,-,-,-,-,-,-,-,-
PLNT,"Planet Fitness, Inc.",3.06B,0,-,-,-,-,-,-,-,-
EXPO,"Exponent, Inc.",3.06B,1.24,1.92%,55.65%,4.24%,Quarterly,12,14,6.44%,9.26%
DYN,"Dyne Therapeutics, Inc.",3.05B,-,-,-,-,-,-,-,-,-
NMRK,"Newmark Group, Inc.",3.05B,0.24,1.91%,22.41%,50.00%,Quarterly,-,9,14.47%,35.10%
RGC,Regencell Bioscience Holdings Limited,3.05B,-,-,-,-,-,-,-,-,-
DBRG,"DigitalBridge Group, Inc.",3.05B,0.04,0.25%,2.59%,-,Quarterly,-,5,-,31.95%
AGO,Assured Guaranty Ltd.,3.04B,1.52,2.19%,20.15%,11.28%,Quarterly,14,23,10.73%,11.47%
FHB,"First Hawaiian, Inc.",3.04B,1.04,4.15%,45.20%,-,Quarterly,-,11,-,-
AMBA,"Ambarella, Inc.",3.03B,-,-,-,-,-,-,-,-,-
KNF,Knife River Corporation,3.03B,-,-,-,-,-,-,-,-,-
PONY,Pony AI Inc.,3.01B,-,-,-,-,-,-,-,-,-
COLM,Columbia Sportswear Company,3.01B,1.20,2.05%,30.89%,-,Quarterly,-,21,-,9.00%
NESR,National Energy Services Reunited Corp.,3.01B,-,-,-,-,-,-,-,-,-
VECO,Veeco Instruments Inc.,3.00B,-,-,-,-,-,-,-,-,-
BTDR,Bitdeer Technologies Group,3.00B,-,-,-,-,-,-,-,-,-
ASO,"Academy Sports and Outdoors, Inc.",2.99B,0.60,1.23%,9.73%,16.00%,Quarterly,3,5,18.91%,-
BHF,"Brighthouse Financial, Inc.",2.99B,-,-,-,-,-,-,-,-,-
NEOG,Neogen Corporation,2.99B,-,-,-,-,-,-,-,-,-
DXPE,"DXP Enterprises, Inc.",2.98B,-,-,-,-,-,-,-,-,-
PII,Polaris Inc.,2.98B,2.72,5.20%,-,1.50%,Quarterly,29,40,1.52%,1.55%
PTRN,Pattern Group Inc.,2.98B,-,-,-,-,-,-,-,-,-
ATRC,"AtriCure, Inc.",2.97B,-,-,-,-,-,-,-,-,-
WOR,"Worthington Enterprises, Inc.",2.97B,0.80,1.32%,24.17%,8.33%,Quarterly,1,54,-14.77%,-6.47%
DGII,Digi International Inc.,2.97B,-,-,-,-,-,-,-,-,-
BHE,"Benchmark Electronics, Inc.",2.97B,0.68,0.82%,46.50%,-,Quarterly,2,9,1.00%,0.91%
KYIV,Kyivstar Group Ltd.,2.96B,-,-,-,-,-,-,-,-,-
OUST,"Ouster, Inc.",2.95B,-,-,-,-,-,-,-,-,-
AMC,"AMC Entertainment Holdings, Inc.",2.95B,0,-,-,-,-,-,-,-7.65%,-4.67%
CLBK,"Columbia Financial, Inc.",2.94B,0.20,1.81%,19.30%,-,-,-,1,-,-
PPLI,People Incorporated,2.94B,-,-,-,-,-,-,-,-,-
PFS,"Provident Financial Services, Inc.",2.94B,0.96,4.26%,40.05%,-,Quarterly,-,24,-,0.85%
PPTA,Perpetua Resources Corp.,2.94B,-,-,-,-,-,-,-,-,-
GRBK,"Green Brick Partners, Inc.",2.94B,-,-,-,-,-,-,-,-,-
AD,"Array Digital Infrastructure, Inc.",2.93B,21.25,63.04%,343.52%,-7.61%,Semi-Annual,1,2,-2.60%,-1.57%
FOUR,"Shift4 Payments, Inc.",2.93B,-,-,-,-,-,-,-,-,-
DAN,Dana Incorporated,2.93B,0.48,1.77%,4.78%,15.00%,Quarterly,-,15,4.77%,8.92%
SPSC,"SPS Commerce, Inc.",2.92B,-,-,-,-,-,-,-,-,-
DNOW,DNOW Inc.,2.92B,-,-,-,-,-,-,-,-,-
AVA,Avista Corporation,2.91B,1.97,5.66%,71.24%,1.16%,Quarterly,23,56,2.63%,3.30%
ATRO,Astronics Corporation,2.91B,0,-,-,-,-,-,-,-50.99%,-34.81%
KBH,KB Home,2.91B,1.00,2.08%,27.94%,-,Quarterly,3,41,15.44%,10.76%
TNET,"TriNet Group, Inc.",2.91B,1.16,1.80%,31.17%,6.51%,Quarterly,1,3,-,-
WIX,Wix.com Ltd.,2.91B,-,-,-,-,-,-,-,-,-
APAM,Artisan Partners Asset Management Inc.,2.90B,4.03,11.32%,96.72%,12.89%,Quarterly,2,14,16.18%,0.20%
CHRN,ChronoScale Holdings Corporation,2.90B,-,-,-,-,-,-,-,-,-
POWI,"Power Integrations, Inc.",2.90B,0.86,1.66%,195.31%,1.79%,Quarterly,13,19,4.46%,11.33%
AEO,"American Eagle Outfitters, Inc.",2.89B,0.50,2.89%,25.73%,-,Quarterly,-,23,18.56%,-4.67%
AVPT,"AvePoint, Inc.",2.89B,-,-,-,-,-,-,-,-,-
ZLAB,Zai Lab Limited,2.89B,-,-,-,-,-,-,-,-,-
CBZ,"CBIZ, Inc.",2.89B,-,-,-,-,-,-,-,-,-
SPNT,SiriusPoint Ltd.,2.88B,-,-,-,-,-,-,-,-,-
EFXT,Enerflex Ltd.,2.88B,0.12,0.52%,28.37%,15.15%,Quarterly,2,16,18.49%,12.73%
BELFA,Bel Fuse Inc.,2.88B,0.24,0.12%,5.78%,-,Quarterly,-,24,-,-
LEU,Centrus Energy Corp.,2.87B,-,-,-,-,-,-,-,-,-
TMDX,"TransMedics Group, Inc.",2.87B,-,-,-,-,-,-,-,-,-
ABM,ABM Industries Incorporated,2.87B,1.16,2.37%,42.12%,9.43%,Quarterly,59,59,9.65%,8.83%
GPI,"Group 1 Automotive, Inc.",2.87B,2.20,0.90%,9.34%,9.14%,Quarterly,5,17,7.31%,10.93%
NTCT,"NetScout Systems, Inc.",2.87B,-,-,-,-,-,-,-,-,-
BBAR,Banco BBVA Argentina S.A.,2.87B,0.39,3.07%,45.18%,"1,791.11%",-,-,5,25.66%,86.15%
EROK,"EagleRock Land, LLC",2.86B,-,-,-,-,-,-,-,-,-
SECZ,Securitize Corp.,2.85B,-,-,-,-,-,-,-,-,-
SDRL,Seadrill Limited,2.85B,-,-,-,-,-,-,-,-,-
UUUU,Energy Fuels Inc.,2.85B,-,-,-,-,-,-,-,-,-
TR,"Tootsie Roll Industries, Inc.",2.85B,0.36,0.95%,28.31%,3.00%,Quarterly,57,57,2.71%,-2.31%
BANC.PRF,"Banc of California, Inc.",2.84B,1.94,7.84%,-,-,Quarterly,-,3,-,-
ARCB,ArcBest Corporation,2.84B,0.48,0.38%,66.84%,-,Quarterly,-,24,-,8.45%
NAMS,NewAmsterdam Pharma Company N.V.,2.83B,-,-,-,-,-,-,-,-,-
FG,"F&G Annuities & Life, Inc.",2.83B,1.00,4.63%,32.99%,13.64%,Quarterly,2,4,-,-
BOH.PRB,Bank of Hawaii Corporation,2.83B,2.00,7.75%,37.18%,-,Quarterly,1,3,-,-
PENG,"Penguin Solutions, Inc.",2.82B,-,-,-,-,-,-,-,-,-
IHS,IHS Holding Limited,2.82B,-,-,-,-,-,-,-,-,-
CWT,California Water Service Group,2.82B,1.34,2.95%,60.17%,10.59%,Quarterly,59,59,8.21%,7.65%
SMG,The Scotts Miracle-Gro Company,2.82B,2.64,5.43%,211.55%,-,Quarterly,-,22,-,0.93%
QS,QuantumScape Corporation,2.82B,-,-,-,-,-,-,-,-,-
DAC,Danaos Corporation,2.80B,3.60,2.33%,12.19%,5.88%,Quarterly,4,6,6.27%,29.20%
MGRC,McGrath RentCorp,2.80B,1.98,1.74%,31.88%,2.07%,Quarterly,28,37,2.12%,2.69%
BANC,"Banc of California, Inc.",2.80B,0.48,2.70%,-,15.00%,Quarterly,-,27,-16.55%,-21.29%
DX,"Dynex Capital, Inc.",2.80B,2.04,18.01%,86.38%,6.25%,Monthly,1,19,9.35%,5.51%
PGEN,"Precigen, Inc.",2.80B,0,-,-,-,-,-,-,-,-
WTTR,"Select Water Solutions, Inc.",2.80B,0.28,1.38%,97.63%,-,Quarterly,3,5,11.87%,-
RDW,Redwire Corporation,2.79B,-,-,-,-,-,-,-,-,-
CWK,Cushman & Wakefield Limited,2.79B,-,-,-,-,-,-,-,-,-
EXK,Endeavour Silver Corp.,2.78B,-,-,-,-,-,-,-,-,-
HGV,Hilton Grand Vacations Inc.,2.78B,-,-,-,-,-,-,-,-,-
CLBT,Cellebrite DI Ltd.,2.78B,-,-,-,-,-,-,-,-,-
BOH,Bank of Hawaii Corporation,2.78B,2.80,3.96%,52.05%,-,Quarterly,-,55,-,0.66%
MBX,"MBX Biosciences, Inc.",2.77B,-,-,-,-,-,-,-,-,-
KWR,Quaker Chemical Corporation,2.77B,2.12,1.32%,37.64%,4.64%,Quarterly,18,54,5.28%,5.12%
WING,Wingstop Inc.,2.77B,1.32,1.30%,31.33%,10.81%,Quarterly,8,10,15.90%,15.83%
AVAH,Aveanna Healthcare Holdings Inc.,2.77B,-,-,-,-,-,-,-,-,-
REZI,"Resideo Technologies, Inc.",2.77B,-,-,-,-,-,-,-,-,-
AKR,Acadia Realty Trust,2.76B,0.80,4.16%,236.77%,1.27%,Quarterly,2,28,3.57%,12.20%
FIZZ,National Beverage Corp.,2.76B,3.25,11.01%,174.73%,-,-,1,1,-,1.61%
MZTI,The Marzetti Company,2.76B,4.00,3.95%,57.31%,5.26%,Quarterly,9,56,5.57%,5.92%
ADEA,Adeia Inc.,2.75B,0.20,0.80%,18.40%,-,Quarterly,-,15,-,-
KC,Kingsoft Cloud Holdings Limited,2.75B,-,-,-,-,-,-,-,-,-
FRPT,"Freshpet, Inc.",2.75B,-,-,-,-,-,-,-,-,-
CARG,"CarGurus, Inc.",2.75B,-,-,-,-,-,-,-,-,-
UNFI,"United Natural Foods, Inc.",2.75B,-,-,-,-,-,-,-,-,-
GPK,Graphic Packaging Holding Company,2.75B,0.44,4.74%,67.30%,2.33%,Quarterly,1,12,3.23%,7.96%
EXTR,"Extreme Networks, Inc.",2.74B,-,-,-,-,-,-,-,-,-
TALO,Talos Energy Inc.,2.74B,-,-,-,-,-,-,-,-,-
WDFC,WD-40 Company,2.74B,4.08,2.00%,62.01%,8.11%,Quarterly,10,34,6.95%,7.55%
CXT,"Crane NXT, Co.",2.74B,0.72,1.51%,29.76%,5.97%,Quarterly,2,4,-,-
AGYS,"Agilysys, Inc.",2.73B,0,-,-,-,-,-,-,-,-
MMS,"Maximus, Inc.",2.73B,1.32,2.54%,19.59%,7.50%,Quarterly,-,22,4.82%,2.87%
GRND,Grindr Inc.,2.72B,-,-,-,-,-,-,-,-,-
FRMI,Fermi Inc.,2.72B,-,-,-,-,-,-,-,-,-
QURE,uniQure N.V.,2.71B,-,-,-,-,-,-,-,-,-
INTA,"Intapp, Inc.",2.71B,-,-,-,-,-,-,-,-,-
GPOR,Gulfport Energy Corporation,2.70B,-,-,-,-,-,-,-,-,-
CSQR,"Csquare, Inc.",2.69B,-,-,-,-,-,-,-,-,-
BCC,Boise Cascade Company,2.68B,0.92,1.19%,31.70%,4.71%,Quarterly,-,10,-42.37%,-18.00%
HWKN,"Hawkins, Inc.",2.68B,0.80,0.62%,20.72%,5.48%,Quarterly,14,34,8.67%,9.41%
MNSO,MINISO Group Holding Limited,2.67B,0.65,7.25%,106.04%,11.15%,Semi-Annual,3,4,18.12%,-
SLDE,"Slide Insurance Holdings, Inc.",2.67B,0.28,1.23%,1.71%,-,-,-,1,-,-
FUL,H.B. Fuller Company,2.66B,0.98,1.97%,27.31%,4.92%,Quarterly,57,57,6.71%,7.78%
HAYW,"Hayward Holdings, Inc.",2.66B,-,-,-,-,-,-,-,-,-
UE,Urban Edge Properties,2.66B,0.84,4.22%,156.43%,10.81%,Quarterly,2,12,8.61%,-2.06%
MAN,ManpowerGroup Inc.,2.66B,1.44,2.52%,64.68%,-36.28%,Semi-Annual,-,33,-20.17%,-9.94%
LFTO,"Liftoff Mobile, Inc.",2.66B,-,-,-,-,-,-,-,-,-
TRMK,Trustmark Corporation,2.65B,1.00,2.19%,25.45%,4.21%,Quarterly,1,54,2.47%,1.48%
TDC,Teradata Corporation,2.65B,-,-,-,-,-,-,-,-,-
NBTB,NBT Bancorp Inc.,2.64B,1.60,3.13%,39.21%,8.63%,Quarterly,13,41,7.37%,6.74%
ALRM,"Alarm.com Holdings, Inc.",2.64B,-,-,-,-,-,-,-,-,-
BRZE,"Braze, Inc.",2.64B,-,-,-,-,-,-,-,-,-
BKD,Brookdale Senior Living Inc.,2.63B,0,-,-,-,-,-,-,-,-
GCMG,GCM Grosvenor Inc.,2.62B,0.48,3.75%,93.38%,9.09%,Quarterly,1,6,2.94%,-
AMBP,Ardagh Metal Packaging S.A.,2.62B,0.40,9.07%,771.23%,-,Quarterly,-,5,-,-
FBK,FB Financial Corporation,2.61B,0.84,1.60%,22.54%,10.81%,Quarterly,7,9,12.24%,14.32%
FBNC,First Bancorp,2.61B,0.96,1.52%,29.86%,5.56%,Quarterly,1,40,2.58%,4.02%
NMM,Navios Maritime Partners L.P.,2.61B,0.24,0.27%,1.42%,10.00%,Quarterly,-,9,3.23%,1.92%
PLUG,Plug Power Inc.,2.61B,-,-,-,-,-,-,-,-,-
MGEE,"MGE Energy, Inc.",2.60B,2.03,2.96%,49.95%,5.93%,Quarterly,51,56,5.42%,5.24%
ACHC,"Acadia Healthcare Company, Inc.",2.60B,-,-,-,-,-,-,-,-,-
SOUN,"SoundHound AI, Inc.",2.60B,-,-,-,-,-,-,-,-,-
DRH,DiamondRock Hospitality Company,2.59B,0.36,2.85%,57.04%,-12.77%,Quarterly,3,5,50.61%,68.71%
FIVN,"Five9, Inc.",2.59B,-,-,-,-,-,-,-,-,-
SUPN,"Supernus Pharmaceuticals, Inc.",2.59B,-,-,-,-,-,-,-,-,-
GRDN,"Guardian Pharmacy Services, Inc.",2.58B,-,-,-,-,-,-,-,-,-
HOG,"Harley-Davidson, Inc.",2.57B,0.75,3.02%,42.21%,4.21%,Quarterly,5,34,4.40%,9.58%
HTO,H2O America,2.57B,1.76,2.87%,63.07%,4.82%,Quarterly,33,55,5.07%,5.36%
CALY,Callaway Golf Company,2.57B,0,-,-,-,-,-,-,-,-
WGS,GeneDx Holdings Corp.,2.56B,-,-,-,-,-,-,-,-,-
CUBI,"Customers Bancorp, Inc.",2.56B,-,-,-,-,-,-,-,-,-
DCO,Ducommun Incorporated,2.55B,0,-,-,-,-,-,-,58.74%,31.95%
AXGN,"Axogen, Inc.",2.54B,-,-,-,-,-,-,-,-,-
HOS,"Hornbeck Offshore Services, Inc.",2.54B,-,-,-,-,-,-,-,-,-
TTAM,Titan America SA,2.54B,0.16,1.16%,16.68%,-,Quarterly,-,2,-,-
FRME,First Merchants Corporation,2.54B,1.48,3.66%,48.04%,2.82%,Quarterly,14,38,3.42%,5.83%
DJT,Trump Media & Technology Group Corp.,2.53B,-,-,-,-,-,-,-,-,-
PRVA,"Privia Health Group, Inc.",2.53B,-,-,-,-,-,-,-,-,-
GDV.PRH,The Gabelli Dividend & Income Trust,2.51B,1.34,6.65%,24.52%,-0.00%,Quarterly,-,8,-0.00%,0.00%
APPN,Appian Corporation,2.51B,-,-,-,-,-,-,-,-,-
SVM,Silvercorp Metals Inc.,2.51B,0.03,0.23%,17.59%,-,Semi-Annual,-,20,-,-
NGVT,Ingevity Corporation,2.50B,-,-,-,-,-,-,-,-,-
GPCR,Structure Therapeutics Inc.,2.50B,-,-,-,-,-,-,-,-,-
IRON,"Disc Medicine, Inc.",2.50B,-,-,-,-,-,-,-,-,-
RNW,ReNew Energy Global Plc,2.49B,-,-,-,-,-,-,-,-,-
HCM,HUTCHMED (China) Limited,2.49B,-,-,-,-,-,-,-,-,-
NEO,"NeoGenomics, Inc.",2.48B,-,-,-,-,-,-,-,-,-
CENT,Central Garden & Pet Company,2.48B,-,-,-,-,-,-,-,-,-
ASST,"Strive, Inc.",2.48B,-,-,-,-,-,-,-,-,-
KALU,Kaiser Aluminum Corporation,2.47B,3.08,2.02%,22.84%,-,Quarterly,-,20,-,1.71%
CLDX,"Celldex Therapeutics, Inc.",2.47B,-,-,-,-,-,-,-,-,-
ATHM,Autohome Inc.,2.46B,1.79,8.34%,201.11%,-,Semi-Annual,1,7,62.21%,22.97%
NOG,"Northern Oil and Gas, Inc.",2.46B,1.80,7.80%,-,1.69%,Quarterly,4,6,9.00%,-
IMOS,ChipMOS TECHNOLOGIES INC.,2.46B,0.74,1.03%,36.98%,15.58%,Annual,-,11,-13.58%,-9.65%
IMNM,"Immunome, Inc.",2.46B,-,-,-,-,-,-,-,-,-
BUSE,First Busey Corporation,2.46B,1.04,3.50%,43.44%,4.04%,Quarterly,1,38,2.73%,2.51%
KD,"Kyndryl Holdings, Inc.",2.46B,-,-,-,-,-,-,-,-,-
NRIX,"Nurix Therapeutics, Inc.",2.45B,-,-,-,-,-,-,-,-,-
SHAK,Shake Shack Inc.,2.45B,-,-,-,-,-,-,-,-,-
PAGS,PagSeguro Digital Ltd.,2.45B,0.26,2.92%,45.60%,-,Quarterly,-,2,-,-
ROG,Rogers Corporation,2.45B,0,-,-,-,-,-,-,-,-
HSAI,Hesai Group,2.44B,-,-,-,-,-,-,-,-,-
HIMX,"Himax Technologies, Inc.",2.44B,0.37,2.64%,119.65%,-32.78%,Annual,1,6,-19.85%,-1.58%
BFLY,"Butterfly Network, Inc.",2.43B,-,-,-,-,-,-,-,-,-
KMT,Kennametal Inc.,2.43B,0.80,2.50%,18.10%,-,Quarterly,-,56,-,-
EEFT,"Euronet Worldwide, Inc.",2.43B,-,-,-,-,-,-,-,-,-
SYBT,"Stock Yards Bancorp, Inc.",2.42B,1.32,1.69%,26.29%,3.20%,Quarterly,16,38,3.31%,3.43%
PAYO,Payoneer Global Inc.,2.42B,-,-,-,-,-,-,-,-,-
BEAM,Beam Therapeutics Inc.,2.42B,-,-,-,-,-,-,-,-,-
FCPT,"Four Corners Property Trust, Inc.",2.42B,1.47,6.67%,134.49%,3.33%,Monthly,4,11,2.71%,2.85%
WLY,"John Wiley & Sons, Inc.",2.41B,1.43,3.00%,37.88%,0.71%,Quarterly,27,32,0.71%,0.72%
WLYB,"John Wiley & Sons, Inc.",2.41B,1.43,3.00%,37.88%,0.71%,Quarterly,27,32,0.71%,0.72%
IOSP,Innospec Inc.,2.41B,1.84,1.87%,36.53%,9.82%,Semi-Annual,13,14,10.13%,10.43%
NN,NextNav Inc.,2.40B,-,-,-,-,-,-,-,-,-
DNN,Denison Mines Corp.,2.40B,-,-,-,-,-,-,-,-,-
AAP,"Advance Auto Parts, Inc.",2.40B,1.00,2.50%,71.59%,-,Quarterly,-,21,-34.14%,-16.74%
IVT,InvenTrust Properties Corp.,2.39B,1.00,3.26%,515.29%,5.15%,Quarterly,8,13,5.06%,4.93%
BKV,BKV Corporation,2.39B,-,-,-,-,-,-,-,-,-
PURR,Hyperliquid Strategies Inc.,2.39B,-,-,-,-,-,-,-,-,-
MH,"McGraw Hill, Inc.",2.39B,-,-,-,-,-,-,-,-,-
SKWD,"Skyward Specialty Insurance Group, Inc.",2.38B,-,-,-,-,-,-,-,-,-
MBIN,Merchants Bancorp,2.37B,0.44,0.85%,8.84%,10.26%,Quarterly,8,10,11.52%,13.01%
TRLV,Trulieve Cannabis Corp.,2.37B,-,-,-,-,-,-,-,-,-
COTY,Coty Inc.,2.37B,0,-,-,-,-,-,-,-1.61%,20.11%
OPEN,Opendoor Technologies Inc.,2.36B,-,-,-,-,-,-,-,-,-
VIA,"Via Transportation, Inc.",2.36B,-,-,-,-,-,-,-,-,-
AGM,Federal Agricultural Mortgage Corporation,2.35B,6.40,2.95%,35.03%,6.78%,Quarterly,14,23,14.02%,12.86%
XXI,"Twenty One Capital, Inc.",2.35B,-,-,-,-,-,-,-,-,-
SLS,"SELLAS Life Sciences Group, Inc.",2.34B,-,-,-,-,-,-,-,-,-
LCLN,"Lincoln International, Inc.",2.34B,0.28,1.23%,1.56%,-,-,-,1,-,-
VERA,"Vera Therapeutics, Inc.",2.34B,-,-,-,-,-,-,-,-,-
BBT,Beacon Financial Corporation,2.33B,1.29,4.61%,68.47%,-,Quarterly,-,2,-,-
HRMY,"Harmony Biosciences Holdings, Inc.",2.33B,-,-,-,-,-,-,-,-,-
HURN,Huron Consulting Group Inc.,2.33B,-,-,-,-,-,-,-,-,-
VRDN,"Viridian Therapeutics, Inc.",2.33B,-,-,-,-,-,-,-,-,-
LTC,"LTC Properties, Inc.",2.32B,2.28,5.28%,82.54%,-,Monthly,-,25,-,-
BANR,Banner Corporation,2.32B,2.08,3.04%,34.32%,6.25%,Quarterly,1,32,2.76%,4.46%
PRLB,"Proto Labs, Inc.",2.32B,-,-,-,-,-,-,-,-,-
UFPT,"UFP Technologies, Inc.",2.32B,-,-,-,-,-,-,-,-,-
LPG,Dorian LPG Ltd.,2.32B,2.95,5.45%,44.44%,19.64%,Quarterly,-,6,-5.74%,-
NWL,Newell Brands Inc.,2.32B,0.28,5.14%,-,-,Quarterly,-,55,-22.43%,-21.17%
VC,Visteon Corporation,2.32B,1.50,1.72%,26.95%,-,Quarterly,-,2,-,-
NTB,The Bank of N.T. Butterfield & Son Limited,2.31B,2.00,3.41%,35.13%,9.89%,Quarterly,1,11,4.35%,2.59%
PLUS,ePlus inc.,2.31B,1.08,1.21%,22.70%,-,Quarterly,-,2,-,-
OSW,OneSpaWorld Holdings Limited,2.31B,0.20,0.88%,25.32%,25.00%,Quarterly,2,3,71.00%,-
RH,RH,2.31B,-,-,-,-,-,-,-,-,-
VVX,"V2X, Inc.",2.31B,-,-,-,-,-,-,-,-,-
AERO,"Grupo Aeroméxico, S.A.B. de C.V.",2.30B,-,-,-,-,-,-,-,-,-
INOD,Innodata Inc.,2.30B,-,-,-,-,-,-,-,-,-
CLOV,"Clover Health Investments, Corp.",2.29B,-,-,-,-,-,-,-,-,-
RAMP,"LiveRamp Holdings, Inc.",2.29B,0,-,-,-,-,-,-,8.10%,-
WAFD,"WaFd, Inc.",2.28B,1.08,3.50%,34.08%,0.93%,Quarterly,7,44,2.94%,3.48%
LASR,"nLIGHT, Inc.",2.28B,-,-,-,-,-,-,-,-,-
FIGS,"FIGS, Inc.",2.27B,-,-,-,-,-,-,-,-,-
ALMR,"Alamar Biosciences, Inc.",2.27B,-,-,-,-,-,-,-,-,-
HLIO,"Helios Technologies, Inc.",2.27B,0.48,0.70%,19.62%,16.67%,Quarterly,-,30,5.27%,3.13%
MLYS,"Mineralys Therapeutics, Inc.",2.27B,-,-,-,-,-,-,-,-,-
ADMA,"ADMA Biologics, Inc.",2.26B,-,-,-,-,-,-,-,-,-
CNXN,"PC Connection, Inc.",2.26B,0.80,0.89%,19.83%,36.36%,Quarterly,2,6,8.95%,-10.69%
NWCL,NewHold Investment Corp III,2.26B,-,-,-,-,-,-,-,-,-
AGM.A,Federal Agricultural Mortgage Corporation,2.25B,6.40,4.27%,35.03%,6.78%,Quarterly,14,23,14.02%,12.86%
CDLR,Cadeler A/S,2.25B,-,-,-,-,-,-,-,-,-
PBI,Pitney Bowes Inc.,2.24B,0.40,2.44%,31.14%,46.15%,Quarterly,1,56,23.86%,13.70%
PHVS,Pharvaris N.V.,2.24B,-,-,-,-,-,-,-,-,-
UPST,"Upstart Holdings, Inc.",2.24B,-,-,-,-,-,-,-,-,-
ANDE,"The Andersons, Inc.",2.23B,0.80,1.20%,15.48%,2.56%,Quarterly,1,31,2.63%,2.71%
BGSI,Boyd Group Services Inc.,2.23B,0.45,0.57%,127.57%,1.94%,Quarterly,1,16,0.79%,-0.19%
PHIN,PHINIA Inc.,2.23B,1.20,1.97%,34.50%,10.38%,Quarterly,2,4,-,-
INTR,"Inter & Co, Inc.",2.23B,0.11,2.25%,17.13%,41.38%,Annual,1,3,-,-
ICHR,"Ichor Holdings, Ltd.",2.23B,-,-,-,-,-,-,-,-,-
PBH,Prestige Consumer Healthcare Inc.,2.23B,-,-,-,-,-,-,-,-,-
KEEL,Keel Infrastructure Corp.,2.22B,-,-,-,-,-,-,-,-,-
PATK,"Patrick Industries, Inc.",2.22B,1.88,2.72%,44.74%,17.50%,Quarterly,7,8,16.14%,20.28%
NWBI,"Northwest Bancshares, Inc.",2.21B,0.80,5.29%,76.26%,-,Quarterly,-,32,-,0.51%
AMR,"Alpha Metallurgical Resources, Inc.",2.21B,0,-,-,-,-,-,-,-,-
SDGR,"Schrödinger, Inc.",2.20B,-,-,-,-,-,-,-,-,-
TRN,"Trinity Industries, Inc.",2.20B,1.24,4.50%,29.98%,3.33%,Quarterly,15,56,6.04%,8.10%
AUPH,Aurinia Pharmaceuticals Inc.,2.20B,-,-,-,-,-,-,-,-,-
CENTA,Central Garden & Pet Company,2.19B,-,-,-,-,-,-,-,-,-
LIFE,Ethos Technologies Inc.,2.19B,-,-,-,-,-,-,-,-,-
ALVO,Alvotech,2.19B,-,-,-,-,-,-,-,-,-
HTH,Hilltop Holdings Inc.,2.18B,0.88,2.30%,29.65%,12.68%,Quarterly,9,11,8.29%,12.20%
CHA,Chagee Holdings Limited,2.18B,0.87,7.60%,92.33%,-,-,-,1,-,-
SIND,Sinda Ltd.,2.18B,-,-,-,-,-,-,-,-,-
BKE,"The Buckle, Inc.",2.18B,1.40,3.25%,32.28%,12.82%,Quarterly,-,24,2.80%,5.99%
HCI,"HCI Group, Inc.",2.18B,1.60,0.91%,6.89%,-,Quarterly,-,17,-,-
EFSC,Enterprise Financial Services Corp,2.18B,1.40,2.33%,26.63%,13.56%,Quarterly,11,22,10.62%,12.92%
ADRX,"ADARx Pharmaceuticals, Inc.",2.18B,-,-,-,-,-,-,-,-,-
OFG,OFG Bancorp,2.16B,1.40,2.72%,26.63%,17.39%,Quarterly,5,35,16.22%,30.99%
BCRX,"BioCryst Pharmaceuticals, Inc.",2.16B,-,-,-,-,-,-,-,-,-
BHC,Bausch Health Companies Inc.,2.16B,0,-,-,-,-,-,-,-13.82%,-
STNE,StoneCo Ltd.,2.14B,0,-,-,-,-,-,1,-,-
SSMR,Sunshine Silver Mining & Refining Company,2.14B,-,-,-,-,-,-,-,-,-
PEB,Pebblebrook Hotel Trust,2.14B,0.04,0.21%,-,-,Quarterly,-,17,-,-
CC,The Chemours Company,2.13B,0.35,2.46%,-,-48.15%,Quarterly,-,12,-29.53%,-18.94%
SONO,"Sonos, Inc.",2.12B,-,-,-,-,-,-,-,-,-
BXMT,"Blackstone Mortgage Trust, Inc.",2.12B,1.88,15.11%,"2,064.12%",-,Quarterly,-,14,-8.82%,-5.39%
CTOS,"Custom Truck One Source, Inc.",2.12B,-,-,-,-,-,-,-,-,-
DRD,DRDGOLD Limited,2.11B,1.04,4.26%,27.68%,167.80%,Semi-Annual,1,19,33.70%,15.66%
PTON,"Peloton Interactive, Inc.",2.10B,-,-,-,-,-,-,-,-,-
MCRI,"Monarch Casino & Resort, Inc.",2.10B,1.20,1.02%,19.26%,-,Quarterly,-,4,-,-
UNIT,Uniti Group Inc.,2.10B,0,-,-,-,-,-,-,-,-14.33%
FLYW,Flywire Corporation,2.10B,-,-,-,-,-,-,-,-,-
SHO,"Sunstone Hotel Investors, Inc.",2.10B,0.36,3.19%,165.54%,-,Quarterly,4,5,17.84%,48.41%
PDFS,"PDF Solutions, Inc.",2.10B,-,-,-,-,-,-,-,-,-
MPT,"Medical Properties Trust, Inc.",2.09B,0.36,10.27%,-,12.50%,Quarterly,-,22,-29.33%,-20.16%
PRGO,Perrigo Company plc,2.09B,1.16,7.73%,-,1.22%,Quarterly,22,24,2.44%,4.19%
CALX,"Calix, Inc.",2.09B,-,-,-,-,-,-,-,-,-
MTX,Minerals Technologies Inc.,2.08B,0.48,0.71%,-,9.09%,Quarterly,3,34,33.89%,19.14%
DBD,"Diebold Nixdorf, Incorporated",2.08B,-,-,-,-,-,-,-,-,-
LCII,LCI Industries,2.08B,4.60,5.38%,53.36%,-,Quarterly,9,11,3.08%,6.87%
RLX,RLX Technology Inc.,2.08B,0.11,6.47%,98.05%,"1,250.00%",Annual,-,4,-,-
ALGT,Allegiant Travel Company,2.08B,0,-,-,-,-,-,-,-5.01%,-3.04%
DV,"DoubleVerify Holdings, Inc.",2.08B,-,-,-,-,-,-,-,-,-
AADX,"Applied Aerospace & Defense, Inc.",2.07B,-,-,-,-,-,-,-,-,-
FCF,First Commonwealth Financial Corporation,2.07B,0.56,2.71%,34.18%,3.77%,Quarterly,9,40,3.93%,4.10%
BLX,Bladex Inc.,2.07B,2.75,5.00%,45.40%,13.16%,Quarterly,2,23,39.03%,21.86%
PLBL,Polibeli Group Ltd,2.07B,-,-,-,-,-,-,-,-,-
KSS,Kohl's Corporation,2.06B,0.50,2.74%,21.45%,-42.86%,Quarterly,-,16,-37.00%,-7.79%
SBET,"Sharplink, Inc.",2.06B,-,-,-,-,-,-,-,-,-
SRCE,1st Source Corporation,2.06B,1.72,2.01%,24.12%,13.51%,Quarterly,39,52,9.49%,7.32%
NKTR,Nektar Therapeutics,2.06B,-,-,-,-,-,-,-,-,-
VCEL,Vericel Corporation,2.06B,-,-,-,-,-,-,-,-,-
ETOR,eToro Group Ltd.,2.06B,-,-,-,-,-,-,-,-,-
MD,"Pediatrix Medical Group, Inc.",2.06B,-,-,-,-,-,-,-,-,-
ADUS,Addus HomeCare Corporation,2.05B,-,-,-,-,-,-,-,-,-
UTZ,"Utz Brands, Inc.",2.05B,0.25,1.77%,-,-1.18%,Quarterly,-,7,3.39%,3.71%
TRVI,"Trevi Therapeutics, Inc.",2.05B,-,-,-,-,-,-,-,-,-
WHR,Whirlpool Corporation,2.05B,1.80,5.74%,62.79%,-36.43%,-,-,56,-14.02%,-1.91%
ECPG,"Encore Capital Group, Inc.",2.05B,-,-,-,-,-,-,-,-,-
PLPC,Preformed Line Products Company,2.04B,0.84,0.20%,9.52%,5.00%,Quarterly,-,52,1.64%,0.98%
TILE,"Interface, Inc.",2.04B,0.12,0.34%,4.45%,120.00%,Quarterly,1,20,40.10%,22.42%
STUB,"StubHub Holdings, Inc.",2.03B,-,-,-,-,-,-,-,-,-
PVLA,"Palvella Therapeutics, Inc.",2.02B,-,-,-,-,-,-,-,-,-
INSP,"Inspire Medical Systems, Inc.",2.02B,-,-,-,-,-,-,-,-,-
IQMX,IQM Quantum Computers Oyj,2.01B,-,-,-,-,-,-,-,-,-
UWMC,UWM Holdings Corporation,2.01B,0.40,32.00%,-,-,Quarterly,-,6,-,-
GRC,The Gorman-Rupp Company,2.01B,0.76,1.00%,32.10%,2.70%,Quarterly,53,56,2.78%,4.16%
WERN,"Werner Enterprises, Inc.",2.01B,0.56,1.67%,-,-,Quarterly,1,40,1.22%,5.43%
VOYG,"Voyager Technologies, Inc.",2.01B,-,-,-,-,-,-,-,-,-
CTRI,"Centuri Holdings, Inc.",2.01B,-,-,-,-,-,-,-,-,-
INVX,"Innovex International, Inc.",2.01B,-,-,-,-,-,-,-,-,-
STGW,Stagwell Inc.,2.01B,-,-,-,-,-,-,-,-,-
TBBK,"The Bancorp, Inc.",2.01B,-,-,-,-,-,-,-,-,-
BHVN,Biohaven Ltd.,2.01B,-,-,-,-,-,-,-,-,-
CCU,Compañía Cervecerías Unidas S.A.,2.00B,0.23,2.06%,37.11%,-31.36%,Semi-Annual,-,34,-7.62%,-10.59%
URGN,UroGen Pharma Ltd.,2.00B,-,-,-,-,-,-,-,-,-
EMAT,Evolution Metals & Technologies Corp.,2.00B,-,-,-,-,-,-,-,-,-
AGIO,"Agios Pharmaceuticals, Inc.",2.00B,-,-,-,-,-,-,-,-,-
CEPU,Central Puerto S.A.,1.99B,1.01,8.30%,45.49%,-,Annual,-,1,38.74%,51.55%
ASAN,"Asana, Inc.",1.99B,-,-,-,-,-,-,-,-,-
DEI,"Douglas Emmett, Inc.",1.99B,0.76,7.85%,-,-,Quarterly,-,21,-,-7.46%
RXRX,"Recursion Pharmaceuticals, Inc.",1.98B,-,-,-,-,-,-,-,-,-
PLGO,Pelagos Insurance Capital Limited,1.98B,0.60,2.51%,14.41%,33.33%,Quarterly,1,3,-,-
SRPT,"Sarepta Therapeutics, Inc.",1.98B,-,-,-,-,-,-,-,-,-
MRVI,"Maravai LifeSciences Holdings, Inc.",1.98B,-,-,-,-,-,-,-,-,-
ARR,"ARMOUR Residential REIT, Inc.",1.98B,2.88,20.65%,80.51%,-,Monthly,-,17,-17.88%,-13.65%
SAH,"Sonic Automotive, Inc.",1.98B,1.64,2.61%,26.21%,10.49%,Quarterly,5,17,11.49%,29.13%
NUVB,Nuvation Bio Inc.,1.98B,-,-,-,-,-,-,-,-,-
CHCO,City Holding Company,1.97B,3.48,2.48%,38.11%,10.13%,Quarterly,14,25,10.21%,8.54%
NWN,Northwest Natural Holding Company,1.97B,1.97,4.23%,65.25%,0.51%,Quarterly,71,71,0.51%,0.52%
BAND,Bandwidth Inc.,1.97B,-,-,-,-,-,-,-,-,-
NCNO,"nCino, Inc.",1.97B,-,-,-,-,-,-,-,-,-
GNL,"Global Net Lease, Inc.",1.96B,0.76,8.95%,-,-18.28%,Quarterly,-,12,-21.98%,-13.83%
CMPR,Cimpress plc,1.96B,-,-,-,-,-,-,-,-,-
PGNY,"Progyny, Inc.",1.96B,-,-,-,-,-,-,-,-,-
ALNT,Allient Inc.,1.95B,0.16,0.14%,8.24%,16.67%,Quarterly,-,16,8.37%,9.24%
LIND,"Lindblad Expeditions Holdings, Inc.",1.95B,-,-,-,-,-,-,-,-,-
ESTA,Establishment Labs Holdings Inc.,1.95B,-,-,-,-,-,-,-,-,-
DRVN,Driven Brands Holdings Inc.,1.94B,-,-,-,-,-,-,-,-,-
SEDG,"SolarEdge Technologies, Inc.",1.94B,-,-,-,-,-,-,-,-,-
PENN,"PENN Entertainment, Inc.",1.94B,-,-,-,-,-,-,-,-,-
QUBT,Quantum Computing Inc.,1.94B,-,-,-,-,-,-,-,-,-
ALG,Alamo Group Inc.,1.93B,1.36,0.86%,16.30%,13.79%,Quarterly,11,34,16.26%,19.14%
DHC,Diversified Healthcare Trust,1.92B,0.04,0.50%,-,-,Quarterly,-,28,-,-
TH,Target Hospitality Corp.,1.92B,-,-,-,-,-,-,-,-,-
ZYME,Zymeworks Inc.,1.92B,-,-,-,-,-,-,-,-,-
LKFT,Lakefront Biotherapeutics NV,1.92B,-,-,-,-,-,-,-,-,-
BLFS,"BioLife Solutions, Inc.",1.91B,-,-,-,-,-,-,-,-,-
PRCH,"Porch Group, Inc.",1.91B,-,-,-,-,-,-,-,-,-
TIC,"TIC Solutions, Inc.",1.91B,-,-,-,-,-,-,-,-,-
FTRE,Fortrea Holdings Inc.,1.91B,-,-,-,-,-,-,-,-,-
WU,The Western Union Company,1.91B,0.94,15.36%,75.55%,-,Quarterly,-,21,-,0.21%
GENB,"Generate Biomedicines, Inc.",1.91B,-,-,-,-,-,-,-,-,-
ZD,"Ziff Davis, Inc.",1.91B,0,-,-,-,-,-,-,11.13%,11.20%
SGRY,"Surgery Partners, Inc.",1.90B,-,-,-,-,-,-,-,-,-
SPB,"Spectrum Brands Holdings, Inc.",1.90B,1.88,2.28%,55.93%,-,Quarterly,2,9,3.82%,2.28%
XNCR,"Xencor, Inc.",1.90B,-,-,-,-,-,-,-,-,-
BLKB,"Blackbaud, Inc.",1.90B,0,-,-,-,-,-,-,-,-
EZPW,"EZCORP, Inc.",1.89B,0,-,-,-,-,-,-,-,-
SHAZ,SharonAI Holdings Inc.,1.89B,-,-,-,-,-,-,-,-,-
UA,"Under Armour, Inc.",1.89B,-,-,-,-,-,-,-,-,-
LMAT,"LeMaitre Vascular, Inc.",1.88B,1.00,1.22%,33.25%,25.00%,Quarterly,14,16,20.35%,17.45%
PRDO,Perdoceo Education Corporation,1.88B,0.68,2.26%,24.80%,14.81%,Quarterly,2,4,-,-
KARO,Karooooo Ltd.,1.88B,1.50,2.44%,73.32%,20.00%,Annual,3,5,20.84%,-
LIME,"Neutron Holdings, Inc.",1.88B,-,-,-,-,-,-,-,-,-
GCT,GigaCloud Technology Inc.,1.88B,-,-,-,-,-,-,-,-,-
TOP,TOP Financial Group Limited,1.88B,-,-,-,-,-,-,-,-,-
WS,"Worthington Steel, Inc.",1.88B,0.64,1.76%,376.47%,-,Quarterly,-,3,-,-
MFP,"Midera Food Processing, Inc.",1.87B,-,-,-,-,-,-,-,-,-
NGL,NGL Energy Partners LP,1.86B,0,-,-,-,-,-,-,-17.06%,-18.76%
MESO,Mesoblast Limited,1.86B,-,-,-,-,-,-,-,-,-
ATEN,"A10 Networks, Inc.",1.86B,0.24,0.94%,41.38%,-,Quarterly,-,6,-,-
GABC,"German American Bancorp, Inc.",1.85B,1.24,2.51%,32.75%,7.02%,Quarterly,13,34,7.57%,8.27%
ATS,ATS Corporation,1.85B,-,-,-,-,-,-,-,-,-
NTST,NETSTREIT Corp.,1.85B,0.90,4.97%,592.59%,4.14%,Quarterly,3,7,3.01%,1.92%
RUN,Sunrun Inc.,1.85B,-,-,-,-,-,-,-,-,-
XRAY,DENTSPLY SIRONA Inc.,1.85B,0.16,1.75%,-,-,-,-,32,8.58%,9.86%
HUBG,"Hub Group, Inc.",1.85B,0.50,1.66%,28.74%,-,Quarterly,-,3,-,-
NVCR,NovoCure Limited,1.84B,-,-,-,-,-,-,-,-,-
RBCAA,"Republic Bancorp, Inc.",1.84B,1.98,2.11%,30.69%,10.00%,Quarterly,21,29,9.79%,9.86%
UAA,"Under Armour, Inc.",1.84B,-,-,-,-,-,-,-,-,-
SEPN,"Septerna, Inc.",1.84B,-,-,-,-,-,-,-,-,-
FSUN,FirstSun Capital Bancorp,1.83B,-,-,-,-,-,-,-,-,-
OLN,Olin Corporation,1.83B,0.80,4.97%,-,-,Quarterly,-,53,-,-
CMPS,COMPASS Pathways plc,1.83B,-,-,-,-,-,-,-,-,-
XPRO,Expro Ltd,1.83B,-,-,-,-,-,-,-,-,-
BXDC,Blackstone Digital Infrastructure Trust Inc.,1.83B,-,-,-,-,-,-,-,-,-
HYMC,Hycroft Mining Holding Corporation,1.83B,-,-,-,-,-,-,-,-,-
HMN,Horace Mann Educators Corporation,1.82B,1.44,3.20%,33.63%,2.88%,Quarterly,16,35,2.96%,3.06%
WRD,WeRide Inc.,1.82B,-,-,-,-,-,-,-,-,-
XHR,"Xenia Hotels & Resorts, Inc.",1.82B,0.56,3.07%,-,3.70%,Quarterly,3,5,11.87%,41.14%
BRSL,Brightstar Lottery PLC,1.81B,0.92,9.31%,70.40%,13.75%,Quarterly,1,12,4.39%,35.39%
BOBS,"Bob's Discount Furniture, Inc.",1.81B,-,-,-,-,-,-,-,-,-
EPAC,Enerpac Tool Group Corp.,1.81B,0.04,0.11%,2.27%,-,Annual,-,22,-,-
BLBD,Blue Bird Corporation,1.81B,-,-,-,-,-,-,-,-,-
PLAB,"Photronics, Inc.",1.80B,-,-,-,-,-,-,-,-,-
WKC,World Kinect Corporation,1.80B,0.92,2.60%,-,16.22%,Quarterly,7,33,15.37%,13.33%
WMK,"Weis Markets, Inc.",1.80B,1.36,1.87%,33.80%,-,Quarterly,-,56,-,1.86%
VERX,"Vertex, Inc.",1.80B,-,-,-,-,-,-,-,-,-
ZBIO,"Zenas BioPharma, Inc.",1.79B,-,-,-,-,-,-,-,-,-
KRP,"Kimbell Royalty Partners, LP",1.79B,1.57,10.85%,189.34%,-3.61%,Quarterly,-,10,-2.19%,10.76%
ASTH,"Astrana Health, Inc.",1.79B,-,-,-,-,-,-,-,-,-
STDN,"Standard Nuclear, Inc.",1.79B,-,-,-,-,-,-,-,-,-
NSP,"Insperity, Inc.",1.79B,2.40,5.12%,-,-,Quarterly,7,22,3.26%,7.14%
XERS,"Xeris Biopharma Holdings, Inc.",1.79B,-,-,-,-,-,-,-,-,-
SNDA,"Sonida Senior Living, Inc.",1.78B,-,-,-,-,-,-,-,-,-
NVAX,"Novavax, Inc.",1.78B,-,-,-,-,-,-,-,-,-
SFL,SFL Corporation Ltd.,1.78B,0.88,6.91%,175.29%,-16.83%,Quarterly,-,23,-4.02%,6.96%
VSTS,Vestis Corporation,1.78B,0,-,-,-,-,-,-,-,-
ACVA,ACV Auctions Inc.,1.78B,-,-,-,-,-,-,-,-,-
VET,Vermilion Energy Inc.,1.77B,0.39,3.34%,-,6.70%,Quarterly,3,5,11.13%,51.84%
VIR,"Vir Biotechnology, Inc.",1.77B,-,-,-,-,-,-,-,-,-
MLCO,Melco Resorts & Entertainment Limited,1.77B,0,-,-,-,-,-,-,-24.37%,-0.77%
CMRE,Costamare Inc.,1.77B,0.50,3.43%,18.96%,2.17%,Quarterly,-,16,0.72%,2.52%
NBHC,National Bank Holdings Corporation,1.76B,1.28,3.23%,53.93%,7.63%,Quarterly,10,15,7.58%,8.36%
GTY,Getty Realty Corp.,1.76B,1.94,6.80%,118.47%,3.19%,Quarterly,9,32,4.09%,4.46%
DAO,"Youdao, Inc.",1.76B,-,-,-,-,-,-,-,-,-
MQ,"Marqeta, Inc.",1.76B,-,-,-,-,-,-,-,-,-
CCS,"Century Communities, Inc.",1.76B,1.28,2.06%,28.09%,10.62%,Quarterly,4,6,11.99%,-
AVEX,AEVEX Corp.,1.76B,-,-,-,-,-,-,-,-,-
STC,Stewart Information Services Corporation,1.75B,2.20,3.82%,48.65%,4.94%,Quarterly,5,24,5.20%,10.50%
DCOM,"Dime Commercial Bancshares, Inc.",1.75B,1.00,2.51%,36.23%,-,Quarterly,-,30,0.34%,0.82%
NEXT,NextDecade Corporation,1.74B,-,-,-,-,-,-,-,-,-
PSNL,"Personalis, Inc.",1.74B,-,-,-,-,-,-,-,-,-
HOPE,"Hope Bancorp, Inc.",1.74B,0.56,4.11%,56.11%,-,Quarterly,-,15,-,-
FRNM,"Freenome, Inc.",1.74B,-,-,-,-,-,-,-,-,-
STBA,"S&T Bancorp, Inc.",1.73B,1.48,3.00%,39.40%,7.35%,Quarterly,13,38,4.76%,5.45%
TSLX,"Sixth Street Specialty Lending, Inc.",1.73B,1.77,9.75%,191.28%,-13.04%,Quarterly,-,13,-3.77%,-10.42%
SMA,"SmartStop Self Storage REIT, Inc.",1.72B,1.60,5.14%,316.91%,-,Monthly,-,2,-,-
IDT,IDT Corporation,1.72B,0.28,0.41%,8.29%,17.39%,Quarterly,2,3,75.44%,40.11%
MNR,Mach Natural Resources LP,1.72B,1.97,19.12%,282.30%,-20.70%,Quarterly,-,3,-,-
HAPN,"Happen, Inc.",1.72B,-,-,-,-,-,-,-,-,-
FLOC,Flowco Holdings Inc.,1.72B,0.36,1.87%,27.31%,-,Quarterly,-,2,-,-
GEL,"Genesis Energy, L.P.",1.72B,0.80,5.71%,398.45%,9.85%,Quarterly,2,30,6.51%,3.86%
FORTY,Formula Systems (1985) Ltd.,1.71B,11.34,10.38%,28.46%,717.51%,Semi-Annual,2,14,132.97%,61.31%
AIN,Albany International Corp.,1.71B,1.12,1.86%,-,3.70%,Quarterly,8,26,3.85%,6.96%
LILAK,Liberty Latin America Ltd.,1.70B,-,-,-,-,-,-,-,-,-
LOB,"Live Oak Bancshares, Inc.",1.70B,0.12,0.32%,4.20%,-,Quarterly,-,12,-,-
IE,Ivanhoe Electric Inc.,1.70B,-,-,-,-,-,-,-,-,-
TMC,TMC the metals company Inc.,1.70B,-,-,-,-,-,-,-,-,-
VNET,"VNET Group, Inc.",1.70B,-,-,-,-,-,-,-,-,-
CTS,CTS Corporation,1.70B,0.16,0.27%,6.70%,-,Quarterly,-,56,-,-
ETON,"Eton Pharmaceuticals, Inc.",1.69B,-,-,-,-,-,-,-,-,-
CPRI,Capri Holdings Limited,1.68B,-,-,-,-,-,-,-,-,-
OCUL,"Ocular Therapeutix, Inc.",1.68B,-,-,-,-,-,-,-,-,-
BY,"Byline Bancorp, Inc.",1.68B,0.56,1.50%,14.47%,23.08%,Quarterly,1,8,10.06%,14.87%
KMTS,"Kestra Medical Technologies, Ltd.",1.68B,-,-,-,-,-,-,-,-,-
BFC,Bank First Corporation,1.68B,2.40,1.59%,27.24%,16.67%,Quarterly,3,17,24.05%,13.20%
AAT,"American Assets Trust, Inc.",1.68B,1.36,6.31%,459.07%,0.37%,Quarterly,5,16,1.26%,4.15%
AI,"C3.ai, Inc.",1.67B,-,-,-,-,-,-,-,-,-
RLJ,RLJ Lodging Trust,1.67B,0.60,5.40%,"7,550.02%",-,Quarterly,4,16,24.62%,71.88%
STRA,"Strategic Education, Inc.",1.67B,2.40,3.15%,40.11%,-,Quarterly,-,10,-,-
FLNG,FLEX LNG Ltd.,1.67B,3.00,9.75%,157.96%,-,Quarterly,-,8,-2.63%,20.11%
NYAX,Nayax Ltd.,1.66B,-,-,-,-,-,-,-,-,-
AMPL,"Amplitude, Inc.",1.66B,-,-,-,-,-,-,-,-,-
BST,BlackRock Science and Technology Trust,1.66B,3.00,6.26%,-,26.24%,Monthly,1,13,20.92%,14.41%
TCBK,TriCo Bancshares,1.66B,1.44,2.78%,34.51%,6.67%,Quarterly,13,34,6.27%,8.22%
SAM,"The Boston Beer Company, Inc.",1.66B,-,-,-,-,-,-,-,-,-
LILA,Liberty Latin America Ltd.,1.66B,-,-,-,-,-,-,-,-,-
DXC,DXC Technology Company,1.66B,0,-,-,-,-,-,-,14.47%,-1.80%
TRIN,Trinity Capital Inc.,1.65B,2.04,11.67%,116.70%,-,Monthly,-,7,7.72%,15.14%
MGRT,Mega Fortune Company Limited,1.65B,-,-,-,-,-,-,-,-,-
AMBQ,"Ambiq Micro, Inc.",1.65B,-,-,-,-,-,-,-,-,-
STOK,"Stoke Therapeutics, Inc.",1.65B,-,-,-,-,-,-,-,-,-
OCFC,OceanFirst Financial Corp.,1.65B,0.80,4.79%,153.83%,-,Quarterly,-,30,-,3.30%
GENI,Genius Sports Limited,1.65B,-,-,-,-,-,-,-,-,-
ALHC,"Alignment Healthcare, Inc.",1.64B,-,-,-,-,-,-,-,-,-
NAT,Nordic American Tankers Limited,1.64B,0.47,6.03%,135.45%,192.59%,Quarterly,-,30,18.07%,54.41%
EVTC,"EVERTEC, Inc.",1.64B,0.20,0.72%,12.91%,-,Quarterly,-,14,-,-
QCRH,"QCR Holdings, Inc.",1.64B,0.40,0.40%,4.85%,70.83%,Quarterly,-,25,19.54%,11.30%
OBK,"Origin Bancorp, Inc.",1.64B,1.00,1.88%,25.09%,33.33%,Quarterly,-,9,10.06%,11.70%
CET,Central Securities Corporation,1.63B,2.70,4.89%,37.54%,20.00%,Semi-Annual,2,54,4.05%,10.18%
ABSI,Absci Corporation,1.63B,-,-,-,-,-,-,-,-,-
USAS,Americas Gold and Silver Corporation,1.63B,-,-,-,-,-,-,-,-,-
TSHA,"Taysha Gene Therapies, Inc.",1.63B,-,-,-,-,-,-,-,-,-
PAX,Patria Investments Limited,1.62B,0.65,6.46%,151.25%,4.17%,Quarterly,-,6,-13.21%,-
DSGR,"Distribution Solutions Group, Inc.",1.62B,0,-,-,-,-,-,-,1.43%,-9.71%
NEXA,Nexa Resources S.A.,1.62B,0.13,1.08%,-,-,-,-,1,-35.54%,-20.63%
GIC,Global Industrial Company,1.62B,1.12,2.66%,49.93%,6.80%,Quarterly,3,11,12.14%,-15.93%
CBL,"CBL & Associates Properties, Inc.",1.61B,2.68,5.13%,33.55%,-5.10%,Quarterly,3,5,19.14%,-
GLP,Global Partners LP,1.61B,3.12,6.57%,62.61%,3.20%,Quarterly,5,21,5.72%,6.82%
IMKTA,"Ingles Markets, Incorporated",1.61B,0.66,0.78%,12.07%,-,Quarterly,-,40,-,-
NBTX,Nanobiotix S.A.,1.61B,-,-,-,-,-,-,-,-,-
PRGS,Progress Software Corporation,1.61B,0,-,-,-,-,-,-,-,2.46%
RAPP,"Rapport Therapeutics, Inc.",1.61B,-,-,-,-,-,-,-,-,-
ANIP,"ANI Pharmaceuticals, Inc.",1.60B,-,-,-,-,-,-,-,-,-
ATEX,Anterix Inc.,1.60B,-,-,-,-,-,-,-,-,-
GHRS,GH Research PLC,1.60B,-,-,-,-,-,-,-,-,-
NTLA,"Intellia Therapeutics, Inc.",1.60B,-,-,-,-,-,-,-,-,-
SNDX,"Syndax Pharmaceuticals, Inc.",1.60B,-,-,-,-,-,-,-,-,-
GSL.PRB,"Global Ship Lease, Inc.",1.60B,2.19,8.29%,21.34%,-,Quarterly,-,13,-,-
JBLU,JetBlue Airways Corporation,1.59B,-,-,-,-,-,-,-,-,-
EFC,Ellington Financial Inc.,1.59B,1.56,12.77%,91.99%,-,Monthly,-,17,-4.66%,1.06%
WB,Weibo Corporation,1.59B,0.61,9.41%,48.77%,-26.25%,Annual,-,4,-,-
SBH,"Sally Beauty Holdings, Inc.",1.59B,0,-,-,-,-,-,-,6.56%,8.73%
IMCR,Immunocore Holdings plc,1.58B,-,-,-,-,-,-,-,-,-
GSHD,"Goosehead Insurance, Inc.",1.58B,0,-,-,-,-,-,-,53.65%,38.74%
GSL,"Global Ship Lease, Inc.",1.58B,2.50,5.72%,24.38%,28.21%,Quarterly,4,6,18.56%,37.97%
WWW,"Wolverine World Wide, Inc.",1.57B,0.40,2.08%,31.29%,-,Quarterly,1,39,-,-
WLTH,Wealthfront Corporation,1.56B,-,-,-,-,-,-,-,-,-
CNXC,Concentrix Corporation,1.56B,1.44,5.61%,-,8.19%,Quarterly,4,6,9.39%,-
ATEC,"Alphatec Holdings, Inc.",1.55B,-,-,-,-,-,-,-,-,-
COAG,"Hemab Therapeutics Holdings, Inc.",1.55B,-,-,-,-,-,-,-,-,-
OMCL,"Omnicell, Inc.",1.55B,-,-,-,-,-,-,-,-,-
HE,"Hawaiian Electric Industries, Inc.",1.54B,0,-,-,-,-,-,-,2.96%,2.89%
TGLS,Tecnoglass Holdings Inc.,1.54B,0.60,1.73%,21.02%,-,Quarterly,5,11,20.26%,40.40%
BL,"BlackLine, Inc.",1.54B,-,-,-,-,-,-,-,-,-
KOS,Kosmos Energy Ltd.,1.54B,0,-,-,-,-,-,-,-,-
LCID,"Lucid Group, Inc.",1.53B,-,-,-,-,-,-,-,-,-
CNOB,"ConnectOne Bancorp, Inc.",1.53B,0.78,2.55%,25.71%,4.17%,Quarterly,7,53,4.89%,13.40%
INVA,"Innoviva, Inc.",1.53B,0,-,-,-,-,-,-,-,-
AESI,Atlas Energy Solutions Inc.,1.53B,0,-,-,-,-,-,3,-,-
PBT,Permian Basin Royalty Trust,1.53B,0.28,0.85%,81.20%,-13.94%,Monthly,-,46,-23.12%,7.12%
UROY,Uranium Royalty Corp.,1.53B,-,-,-,-,-,-,-,-,-
ENR,"Energizer Holdings, Inc.",1.53B,1.20,5.39%,102.20%,-,Quarterly,-,12,-,-
SAFT,"Safety Insurance Group, Inc.",1.52B,3.68,3.55%,78.95%,1.66%,Quarterly,1,24,0.74%,0.44%
XNDU,Xanadu Quantum Technologies Limited,1.52B,-,-,-,-,-,-,-,-,-
IAUX,i-80 Gold Corp.,1.52B,-,-,-,-,-,-,-,-,-
HUN,Huntsman Corporation,1.52B,0.35,4.01%,-,-65.00%,Quarterly,-,20,-27.67%,-12.94%
HAWK,"HawkEye 360, Inc.",1.52B,-,-,-,-,-,-,-,-,-
ANAB,"AnaptysBio, Inc.",1.52B,-,-,-,-,-,-,-,-,-
IIPR,"Innovative Industrial Properties, Inc.",1.52B,7.60,13.80%,171.75%,-,Quarterly,8,10,1.82%,6.84%
SID,Companhia Siderúrgica Nacional,1.52B,0,-,-,-,-,-,-,-18.02%,-2.21%
OPRA,Opera Limited,1.51B,0.80,4.61%,56.64%,-,Semi-Annual,-,4,-,-
RVLV,"Revolve Group, Inc.",1.51B,-,-,-,-,-,-,-,-,-
CASH,"Pathward Financial, Inc.",1.50B,0.20,0.27%,2.51%,-,Quarterly,-,33,-,-
ARCO,Arcos Dorados Holdings Inc.,1.50B,0.28,3.93%,22.97%,16.67%,Quarterly,-,5,13.80%,47.58%
AZTA,"Azenta, Inc.",1.50B,0,-,-,-,-,-,-,-,-
INBX,"Inhibrx Biosciences, Inc.",1.49B,-,-,-,-,-,-,-,-,-
MAZE,"Maze Therapeutics, Inc.",1.49B,-,-,-,-,-,-,-,-,-
KMPR,Kemper Corporation,1.49B,1.28,5.07%,-,0.79%,Quarterly,1,37,1.06%,0.80%
NOMD,Nomad Foods Limited,1.49B,0.68,6.37%,68.72%,3.03%,Quarterly,1,3,-,-
WBTN,WEBTOON Entertainment Inc.,1.49B,-,-,-,-,-,-,-,-,-
ICFI,"ICF International, Inc.",1.48B,0.56,0.67%,11.58%,-,Quarterly,-,9,-,-
ARDT,"Ardent Health, Inc.",1.48B,-,-,-,-,-,-,-,-,-
TYRA,"Tyra Biosciences, Inc.",1.47B,-,-,-,-,-,-,-,-,-
CSWC,Capital Southwest Corporation,1.47B,2.56,11.14%,141.38%,0.02%,Monthly,3,44,1.90%,0.01%
LKFN,Lakeland Financial Corporation,1.46B,2.08,3.54%,47.71%,4.04%,Quarterly,12,32,4.99%,9.31%
WOLF,"Wolfspeed, Inc.",1.46B,-,-,-,-,-,-,-,-,-
CRSR,"Corsair Gaming, Inc.",1.46B,-,-,-,-,-,-,-,-,-
GLOB,Globant S.A.,1.46B,-,-,-,-,-,-,-,-,-
NRP,Natural Resource Partners L.P.,1.46B,3.00,2.73%,39.80%,-25.89%,Quarterly,-,19,-16.86%,11.63%
SCL,Stepan Company,1.46B,1.58,2.45%,-,2.60%,Quarterly,58,58,2.67%,5.31%
NUTX,Nutex Health Inc.,1.45B,-,-,-,-,-,-,-,-,-
AGRO,Adecoagro S.A.,1.45B,0.35,3.47%,73.12%,-15.15%,Semi-Annual,3,5,-2.83%,-
TFIN,"Triumph Financial, Inc.",1.45B,-,-,-,-,-,-,-,-,-
JJSF,J&J Snack Foods Corp.,1.45B,3.20,4.14%,124.12%,1.91%,Quarterly,21,23,4.12%,5.78%
PRKS,United Parks & Resorts Inc.,1.45B,0,-,-,-,-,-,-,-,-
PAHC,Phibro Animal Health Corporation,1.45B,0.48,1.33%,19.75%,-,Quarterly,-,13,-,-
GT,The Goodyear Tire & Rubber Company,1.45B,0,-,-,-,-,-,-,23.47%,22.71%
SVV,"Savers Value Village, Inc.",1.44B,-,-,-,-,-,-,-,-,-
DMC,Del Monte Corporation,1.44B,1.20,3.91%,170.12%,4.35%,Quarterly,6,17,19.68%,21.67%
AVBP,"ArriVent BioPharma, Inc.",1.44B,-,-,-,-,-,-,-,-,-
KLRA,"Kailera Therapeutics, Inc.",1.44B,-,-,-,-,-,-,-,-,-
TBN,Tamboran Resources Corporation,1.43B,-,-,-,-,-,-,-,-,-
PNTG,"The Pennant Group, Inc.",1.43B,-,-,-,-,-,-,-,-,-
PSQL,Pasqal Holding SA,1.43B,-,-,-,-,-,-,-,-,-
ALKT,"Alkami Technology, Inc.",1.43B,-,-,-,-,-,-,-,-,-
HCSG,"Healthcare Services Group, Inc.",1.42B,0,-,-,-,-,-,-,2.46%,2.53%
AMSC,American Superconductor Corporation,1.42B,-,-,-,-,-,-,-,-,-
MBC,"MasterBrand, Inc.",1.42B,-,-,-,-,-,-,-,-,-
REX,REX American Resources Corporation,1.42B,-,-,-,-,-,-,-,-,-
PGY,Pagaya Technologies Ltd.,1.42B,-,-,-,-,-,-,-,-,-
LYNX,Lyntris Inc.,1.42B,-,-,-,-,-,-,-,-,-
EVCM,EverCommerce Inc.,1.42B,-,-,-,-,-,-,-,-,-
TRS,TriMas Corporation,1.41B,0.16,0.41%,0.69%,-,Quarterly,-,6,-,-
OMER,Omeros Corporation,1.41B,-,-,-,-,-,-,-,-,-
RARE,Ultragenyx Pharmaceutical Inc.,1.41B,-,-,-,-,-,-,-,-,-
AMAL,Amalgamated Financial Corp.,1.41B,0.68,1.44%,17.33%,20.37%,Quarterly,4,9,17.57%,15.23%
ESQ,"Esquire Financial Holdings, Inc.",1.41B,0.80,0.67%,13.21%,14.81%,Quarterly,3,5,19.87%,-
NVGS,Navigator Holdings Ltd.,1.41B,0.32,1.40%,13.01%,40.00%,Quarterly,2,4,-,-
VISN,"Vistance Networks, Inc.",1.41B,15.00,246.31%,46.74%,-,Semi-Annual,-,1,-,-
TMP,Tompkins Financial Corporation,1.41B,2.68,2.73%,22.00%,8.47%,Quarterly,39,53,3.88%,4.49%
NMAX,Newsmax Inc.,1.41B,-,-,-,-,-,-,-,-,-
VZLA,Vizsla Silver Corp.,1.40B,-,-,-,-,-,-,-,-,-
ULCC,"Frontier Group Holdings, Inc.",1.40B,-,-,-,-,-,-,-,-,-
ADIG,ADI Global Distribution Inc.,1.40B,-,-,-,-,-,-,-,-,-
AMPX,"Amprius Technologies, Inc.",1.40B,-,-,-,-,-,-,-,-,-
BHRB,Burke & Herbert Financial Services Corp.,1.39B,2.20,3.19%,36.59%,-,Quarterly,2,20,1.24%,1.92%
CERT,"Certara, Inc.",1.39B,-,-,-,-,-,-,-,-,-
DMLP,"Dorchester Minerals, L.P.",1.39B,2.79,9.80%,181.98%,3.64%,Quarterly,-,24,-4.67%,18.76%
TEN,Tsakos Energy Navigation Limited,1.39B,1.60,3.47%,20.25%,33.33%,Semi-Annual,-,25,64.41%,54.80%
SLVM,Sylvamo Corporation,1.39B,1.80,5.11%,94.69%,-,Quarterly,3,5,19.68%,-
CNMD,CONMED Corporation,1.39B,0,-,-,-,-,-,14,-,-
KRSA,"Korsana Biosciences, Inc.",1.39B,-,-,-,-,-,-,-,-,-
DRTS,Alpha Tau Medical Ltd.,1.39B,-,-,-,-,-,-,-,-,-
GFR,Greenfire Resources Ltd.,1.39B,-,-,-,-,-,-,-,-,-
KARD,"Kardigan, Inc.",1.39B,-,-,-,-,-,-,-,-,-
FLNC,"Fluence Energy, Inc.",1.38B,-,-,-,-,-,-,-,-,-
HLMN,Hillman Solutions Corp.,1.38B,-,-,-,-,-,-,-,-,-
AAPG,Ascentage Pharma Group International,1.38B,-,-,-,-,-,-,-,-,-
BRVE,"Braveheart Bio, Inc.",1.38B,-,-,-,-,-,-,-,-,-
PWP,Perella Weinberg Partners,1.38B,0.28,1.93%,94.31%,-,Quarterly,-,6,-,-
ORIC,"ORIC Pharmaceuticals, Inc.",1.38B,-,-,-,-,-,-,-,-,-
PEBO,Peoples Bancorp Inc.,1.38B,1.68,4.29%,50.92%,2.47%,Quarterly,10,53,2.53%,3.17%
MLKN,"MillerKnoll, Inc.",1.38B,0.75,3.72%,53.19%,-,Quarterly,-,56,-,-
WABC,Westamerica Bancorporation,1.37B,1.92,3.21%,42.41%,4.44%,Quarterly,33,52,3.41%,2.77%
UFCS,"United Fire Group, Inc.",1.37B,0.80,1.50%,14.09%,18.75%,Quarterly,-,54,5.90%,4.84%
ARHS,"Arhaus, Inc.",1.37B,0.35,3.63%,71.36%,-,-,-,1,-,-
CTBI,"Community Trust Bancorp, Inc.",1.37B,2.60,3.46%,38.53%,18.56%,Quarterly,46,46,8.92%,8.14%
APPS,"Digital Turbine, Inc.",1.36B,-,-,-,-,-,-,-,-,-
PRSU,"Pursuit Attractions and Hospitality, Inc.",1.36B,0,-,-,-,-,-,-,-,-
LQDT,"Liquidity Services, Inc.",1.36B,-,-,-,-,-,-,-,-,-
ARLO,"Arlo Technologies, Inc.",1.35B,-,-,-,-,-,-,-,-,-
XZO,"Exzeo Group, Inc.",1.35B,-,-,-,-,-,-,-,-,-
EFOR,"Everforth, Inc.",1.34B,-,-,-,-,-,-,-,-,-
FOR,Forestar Group Inc.,1.34B,-,-,-,-,-,-,-,-,-
FOIL,Londian Wason New Energy Tech Inc.,1.34B,-,-,-,-,-,-,-,-,-
ELE,Elemental Royalty Corporation,1.33B,0.09,0.46%,166.54%,-,Quarterly,-,1,-,-
UMH,"UMH Properties, Inc.",1.33B,0.90,5.78%,750.25%,2.27%,Quarterly,5,37,3.36%,3.71%
AGL,"agilon health, inc.",1.33B,-,-,-,-,-,-,-,-,-
CRCT,"Cricut, Inc.",1.33B,0.20,3.16%,50.20%,-78.95%,Semi-Annual,1,4,-47.09%,-
ATLC,Atlanticus Holdings Corporation,1.33B,0,-,-,-,-,-,-,-,-
AMN,"AMN Healthcare Services, Inc.",1.32B,-,-,-,-,-,-,-,-,-
ADNT,Adient plc,1.32B,0,-,-,-,-,-,-,-,-
HLF,Herbalife Ltd.,1.32B,0,-,-,-,-,-,-,36.20%,24.57%
LUXE,LuxExperience B.V.,1.32B,-,-,-,-,-,-,-,-,-
CDNL,Cardinal Infrastructure Group Inc.,1.32B,-,-,-,-,-,-,-,-,-
FMBH,"First Mid Bancshares, Inc.",1.31B,1.04,2.10%,25.77%,4.12%,Quarterly,9,27,3.16%,-0.58%
UAN,"CVR Partners, LP",1.31B,10.54,8.54%,95.46%,59.19%,Quarterly,1,6,-18.61%,53.10%
HBT,"HBT Financial, Inc.",1.31B,1.00,2.78%,39.24%,12.20%,Quarterly,4,7,11.15%,8.92%
IRS,IRSA Inversiones y Representaciones Sociedad Anónima,1.31B,1.40,9.74%,46.22%,-14.34%,Annual,-,4,96.48%,49.97%
EPC,Edgewell Personal Care Company,1.31B,0.60,2.12%,-,-,Quarterly,-,7,-,-
TRAX,"First Tracks Biotherapeutics, Inc.",1.31B,-,-,-,-,-,-,-,-,-
TWFG,"TWFG, Inc.",1.30B,-,-,-,-,-,-,-,-,-
GBX,"The Greenbrier Companies, Inc.",1.30B,1.36,3.23%,40.33%,6.45%,Quarterly,3,13,5.95%,4.10%
ODC,Oil-Dri Corporation of America,1.30B,0.82,0.91%,21.34%,26.36%,Quarterly,12,52,12.99%,9.19%
BRUN,"Boost Run, Inc.",1.30B,-,-,-,-,-,-,-,-,-
SVRA,Savara Inc.,1.29B,-,-,-,-,-,-,-,-,-
USPH,"U.S. Physical Therapy, Inc.",1.29B,1.84,2.13%,"1,048.07%",2.23%,Quarterly,5,16,2.49%,11.12%
FCEL,"FuelCell Energy, Inc.",1.29B,-,-,-,-,-,-,-,-,-
PFBC,Preferred Bank,1.29B,3.20,2.92%,29.22%,6.67%,Quarterly,5,13,13.30%,17.32%
AIIR,AIR Global PLC,1.29B,-,-,-,-,-,-,-,-,-
POET,POET Technologies Inc.,1.28B,-,-,-,-,-,-,-,-,-
DMRA,"Damora Therapeutics, Inc.",1.28B,-,-,-,-,-,-,-,-,-
OPY,Oppenheimer Holdings Inc.,1.28B,0.80,0.66%,8.88%,5.56%,Quarterly,2,34,8.20%,-12.83%
BJRI,"BJ's Restaurants, Inc.",1.28B,0,-,-,-,-,-,-,-,-
BBAI,"BigBear.ai Holdings, Inc.",1.28B,-,-,-,-,-,-,-,-,-
CCEC,Capital Clean Energy Carriers Corp.,1.28B,0.60,2.83%,32.35%,-,Quarterly,-,20,-,8.45%
PRG,"PROG Holdings, Inc.",1.27B,0.56,1.75%,15.53%,7.84%,Quarterly,20,3,66.11%,27.23%
ASIC,Ategrity Specialty Insurance Company Holdings,1.27B,-,-,-,-,-,-,-,-,-
ALX,"Alexander's, Inc.",1.27B,18.00,7.24%,54.44%,-,Quarterly,-,17,-,-
LSPD,Lightspeed Commerce Inc.,1.27B,-,-,-,-,-,-,-,-,-
WD,"Walker & Dunlop, Inc.",1.27B,2.72,7.34%,242.57%,1.88%,Quarterly,7,9,2.86%,7.82%
EYE,"National Vision Holdings, Inc.",1.27B,-,-,-,-,-,-,-,-,-
RDVT,"Red Violet, Inc.",1.27B,0,-,-,-,-,-,-,-,-
OSBC,"Old Second Bancorp, Inc.",1.26B,0.28,1.12%,16.07%,16.67%,Quarterly,2,11,11.87%,18.47%
RYZ,Ryerson Holding Corporation,1.26B,0.75,3.10%,-,-,Quarterly,-,6,2.69%,-
IART,Integra LifeSciences Holdings Corporation,1.26B,-,-,-,-,-,-,-,-,-
YSS,"York Space Systems, Inc.",1.26B,-,-,-,-,-,-,-,-,-
NSSC,"Napco Security Technologies, Inc.",1.26B,0.68,1.94%,50.83%,15.09%,Quarterly,2,4,-,-
GOLD,"Gold.com, Inc.",1.26B,0.80,1.86%,26.49%,-,Quarterly,-,7,-20.63%,-14.49%
AVLN,Avalyn Pharma Inc.,1.26B,-,-,-,-,-,-,-,-,-
BCAX,Bicara Therapeutics Inc.,1.25B,-,-,-,-,-,-,-,-,-
VTOL,Bristow Group Inc.,1.25B,0.50,1.18%,10.78%,-,Quarterly,-,1,-,-
SHLS,"Shoals Technologies Group, Inc.",1.25B,-,-,-,-,-,-,-,-,-
RES,"RPC, Inc.",1.25B,0.16,2.74%,160.54%,-,Quarterly,-,5,4.55%,51.57%
SENEB,Seneca Foods Corporation,1.24B,0,-,-,-,-,-,-,-,-
RDWR,Radware Ltd.,1.24B,-,-,-,-,-,-,-,-,-
SENEA,Seneca Foods Corporation,1.24B,-,-,-,-,-,-,-,-,-
TV,"Grupo Televisa, S.A.B.",1.24B,0,-,-,-,-,-,5,0.83%,0.81%
BORR,Borr Drilling Limited,1.24B,0,-,-,-,-,-,-,-,-
QMCO,Quantum Corporation,1.24B,-,-,-,-,-,-,-,-,-
CRON,Cronos Group Inc.,1.24B,-,-,-,-,-,-,-,-,-
COUR,"Coursera, Inc.",1.23B,-,-,-,-,-,-,-,-,-
NEWP,New Pacific Metals Corp.,1.23B,-,-,-,-,-,-,-,-,-
DOLE,Dole plc,1.23B,0.34,2.62%,54.38%,3.03%,Quarterly,1,6,2.04%,-
LBRX,LB Pharmaceuticals Inc,1.23B,-,-,-,-,-,-,-,-,-
TK,Teekay Corporation Ltd.,1.22B,1.00,7.22%,48.42%,-50.00%,Annual,-,3,-,35.37%
YSWY,"Yesway, Inc.",1.22B,-,-,-,-,-,-,-,-,-
DCH,Dauch Corporation,1.22B,0,-,-,-,-,-,-,-17.25%,-
WEN,The Wendy's Company,1.22B,0.28,4.41%,74.45%,-37.18%,Quarterly,-,24,-17.57%,5.22%
OPK,"OPKO Health, Inc.",1.22B,-,-,-,-,-,-,-,-,-
CYD,China Yuchai International Limited,1.22B,0.87,2.69%,30.42%,64.15%,Annual,2,22,45.92%,-12.54%
TPB,"Turning Point Brands, Inc.",1.21B,0.32,0.52%,13.98%,6.78%,Quarterly,8,10,7.30%,7.94%
INNV,InnovAge Holding Corp.,1.21B,-,-,-,-,-,-,-,-,-
ROCK,"Gibraltar Industries, Inc.",1.20B,0,-,-,-,-,-,-,-,11.38%
CCO,"Clear Channel Outdoor Holdings, Inc.",1.20B,0.56,23.74%,-,-,-,-,-,-1.45%,12.37%
CBRL,"Cracker Barrel Old Country Store, Inc.",1.20B,1.00,1.86%,71.43%,-,Quarterly,-,45,-42.28%,-15.34%
FLO,"Flowers Foods, Inc.",1.20B,0.50,8.84%,285.90%,-23.59%,Quarterly,12,25,-6.11%,-1.90%
CNL,Collective Mining Ltd.,1.20B,-,-,-,-,-,-,-,-,-
LZB,La-Z-Boy Incorporated,1.19B,0.97,3.25%,48.69%,10.00%,Quarterly,5,15,10.06%,10.41%
MSDL,Morgan Stanley Direct Lending Fund,1.19B,1.80,12.69%,266.30%,-7.50%,Quarterly,-,3,-,-
UMAC,"Unusual Machines, Inc.",1.19B,-,-,-,-,-,-,-,-,-
SLSR,Solaris Resources Inc.,1.19B,-,-,-,-,-,-,-,-,-
MYE,"Myers Industries, Inc.",1.19B,0.54,1.71%,55.80%,-,Quarterly,-,55,-,-
DEA,"Easterly Government Properties, Inc.",1.19B,1.80,7.93%,898.92%,-19.10%,Quarterly,-,12,-12.10%,-7.18%
OMDA,"Omada Health, Inc.",1.19B,-,-,-,-,-,-,-,-,-
XPEL,"XPEL, Inc.",1.18B,-,-,-,-,-,-,-,-,-
REPL,"Replimune Group, Inc.",1.18B,-,-,-,-,-,-,-,-,-
HROW,"Harrow, Inc.",1.18B,-,-,-,-,-,-,-,-,-
FUN,Six Flags Entertainment Corporation,1.18B,1.20,10.34%,-,-,-,-,-,58.74%,-20.01%
AZUL,Azul S.A.,1.18B,0.05,0.83%,3.19%,-,-,-,1,-,-
NHP,"National Healthcare Properties, Inc.",1.18B,0.30,1.88%,-,-,-,-,1,-,-
BVS,Bioventus Inc.,1.18B,-,-,-,-,-,-,-,-,-
UVE,"Universal Insurance Holdings, Inc.",1.18B,0.64,1.51%,8.41%,-,Quarterly,-,21,-,-
WLDN,"Willdan Group, Inc.",1.18B,-,-,-,-,-,-,-,-,-
DFIN,"Donnelley Financial Solutions, Inc.",1.18B,-,-,-,-,-,-,-,-,-
NBR,Nabors Industries Ltd.,1.17B,0,-,-,-,-,-,-,-44.97%,-28.89%
ASBH,"American Savings Bank, National Association",1.17B,-,-,-,-,-,-,-,-,-
TNC,Tennant Company,1.17B,1.24,1.81%,120.67%,5.08%,Quarterly,54,56,5.37%,6.15%
IMTX,Immatics N.V.,1.17B,-,-,-,-,-,-,-,-,-
GIII,"G-III Apparel Group, Ltd.",1.16B,0.40,1.47%,13.13%,-,Quarterly,-,2,-,-
AMPH,"Amphastar Pharmaceuticals, Inc.",1.16B,-,-,-,-,-,-,-,-,-
SCSC,"ScanSource, Inc.",1.16B,-,-,-,-,-,-,-,-,-
FMC,FMC Corporation,1.16B,0.32,3.49%,-,-86.21%,Quarterly,-,21,-48.33%,-30.12%
LNN,Lindsay Corporation,1.16B,1.52,1.34%,29.24%,2.76%,Quarterly,23,31,2.84%,2.77%
HZO,"MarineMax, Inc.",1.16B,-,-,-,-,-,-,-,-,-
HLIT,Harmonic Inc.,1.16B,-,-,-,-,-,-,-,-,-
ESRT,"Empire State Realty Trust, Inc.",1.15B,0.14,3.44%,775.71%,-,Quarterly,-,14,-,14.87%
CXM,"Sprinklr, Inc.",1.15B,-,-,-,-,-,-,-,-,-
HFWA,Heritage Financial Corporation,1.15B,1.00,3.55%,48.15%,2.11%,Quarterly,5,16,3.69%,3.93%
LTGO,"Latigo Biotherapeutics, Inc.",1.15B,-,-,-,-,-,-,-,-,-
AMTB,Amerant Bancorp Inc.,1.15B,0.36,1.22%,25.94%,-,Quarterly,-,6,-,-
AVO,"Mission Produce, Inc.",1.15B,-,-,-,-,-,-,-,-,-
UVSP,Univest Financial Corporation,1.15B,0.92,2.21%,26.59%,4.65%,Quarterly,1,48,2.33%,8.45%
PUMP,ProPetro Holding Corp.,1.14B,-,-,-,-,-,-,-,-,-
LADR,Ladder Capital Corp,1.14B,0.92,10.22%,220.29%,-,Quarterly,-,12,-,2.83%
HBNB,Hotel101 Global Holdings Corp.,1.14B,-,-,-,-,-,-,-,-,-
LGIH,"LGI Homes, Inc.",1.14B,-,-,-,-,-,-,-,-,-
PDM,"Piedmont Realty Trust, Inc.",1.14B,0,-,-,-,-,-,-,-15.88%,-9.86%
CRI,"Carter's, Inc.",1.14B,1.00,3.21%,18.66%,-52.38%,Quarterly,-,14,-30.66%,4.56%
TNDM,"Tandem Diabetes Care, Inc.",1.14B,-,-,-,-,-,-,-,-,-
DSL,DoubleLine Income Solutions Fund,1.14B,1.32,13.31%,-,-,Monthly,-,14,-4.51%,-1.34%
AIP,"Arteris, Inc.",1.14B,-,-,-,-,-,-,-,-,-
ORC,"Orchid Island Capital, Inc.",1.13B,1.20,21.13%,93.58%,-8.33%,Monthly,-,14,-11.74%,-19.48%
GDRX,"GoodRx Holdings, Inc.",1.13B,-,-,-,-,-,-,-,-,-
PD,"PagerDuty, Inc.",1.13B,-,-,-,-,-,-,-,-,-
GNK,Genco Shipping & Trading Limited,1.13B,0.95,3.69%,197.53%,80.00%,Quarterly,-,8,4.44%,56.78%
CRML,Critical Metals Corp.,1.13B,-,-,-,-,-,-,-,-,-
BRAI,Braiin Limited,1.13B,-,-,-,-,-,-,-,-,-
EOSE,"Eos Energy Enterprises, Inc.",1.12B,-,-,-,-,-,-,-,-,-
AORT,"Artivion, Inc.",1.12B,0,-,-,-,-,-,-,-,-
PSEC,Prospect Capital Corporation,1.12B,0.42,19.63%,800.00%,-11.11%,Monthly,-,23,-12.64%,-7.79%
CDRE,"Cadre Holdings, Inc.",1.12B,0.40,1.52%,48.99%,6.04%,Quarterly,2,6,7.27%,-
BOW,Bowhead Specialty Holdings Inc.,1.11B,-,-,-,-,-,-,-,-,-
SLBT,SL Science Holding Limited,1.11B,-,-,-,-,-,-,-,-,-
MUX,McEwen Inc.,1.11B,0,-,-,-,-,-,-,-,-
JCAP,"Jefferson Capital, Inc.",1.11B,0.96,4.97%,42.70%,-,Quarterly,-,2,-,-
IRMD,IRADIMED CORPORATION,1.11B,0.80,0.92%,43.02%,16.67%,Quarterly,1,5,-22.90%,-
WLFC,Willis Lease Finance Corporation,1.11B,0.53,1.02%,13.35%,59.90%,Quarterly,-,3,-,-
ESBA,"Empire State Realty OP, L.P.",1.10B,0.14,3.59%,741.64%,-,Quarterly,-,14,-,14.87%
MCB,Metropolitan Bank Holding Corp.,1.10B,1.40,1.58%,12.07%,-,Quarterly,-,2,-,-
ECVT,Ecovyst Inc.,1.10B,0,-,-,-,-,-,-,-,-
SPH,"Suburban Propane Partners, L.P.",1.10B,1.30,7.85%,66.58%,-,Quarterly,-,31,-,1.20%
BH,Biglari Holdings Inc.,1.10B,-,-,-,-,-,-,-,-,-
DLX,Deluxe Corporation,1.10B,1.20,5.01%,54.99%,-,Quarterly,-,56,-,-
CSTL,"Castle Biosciences, Inc.",1.10B,-,-,-,-,-,-,-,-,-
MMI,"Marcus & Millichap, Inc.",1.10B,0.50,1.73%,134.87%,-,Semi-Annual,-,5,-,-
GO,Grocery Outlet Holding Corp.,1.10B,-,-,-,-,-,-,-,-,-
PSNY,Polestar Automotive Holding UK PLC,1.09B,-,-,-,-,-,-,-,-,-
CLVT,Clarivate Plc,1.09B,-,-,-,-,-,-,-,-,-
NBN,Northeast Bank,1.09B,0.04,0.03%,0.31%,-,Quarterly,-,39,7.72%,4.56%
HSLV,Highlander Silver Corp.,1.09B,-,-,-,-,-,-,-,-,-
LOMA,Loma Negra Compañía Industrial Argentina Sociedad Anónima,1.09B,0.10,1.04%,-,-,-,-,-,-,-
LU,Lufax Holding Ltd,1.09B,0,-,-,-,-,-,-,-,-
BH.A,Biglari Holdings Inc.,1.09B,-,-,-,-,-,-,-,-,-
BFS,"Saul Centers, Inc.",1.09B,2.36,7.78%,243.23%,-,Quarterly,-,34,-,1.79%
VOR,Vor Biopharma Inc.,1.08B,-,-,-,-,-,-,-,-,-
MNKD,MannKind Corporation,1.08B,-,-,-,-,-,-,-,-,-
AMRC,"Ameresco, Inc.",1.08B,-,-,-,-,-,-,-,-,-
WINA,Winmark Corporation,1.08B,14.08,4.70%,126.80%,24.42%,Quarterly,1,17,32.51%,25.98%
BBNX,"Beta Bionics, Inc.",1.08B,-,-,-,-,-,-,-,-,-
PICS,PicS N.V.,1.08B,-,-,-,-,-,-,-,-,-
AKTS,"Aktis Oncology, Inc.",1.07B,-,-,-,-,-,-,-,-,-
TDOC,"Teladoc Health, Inc.",1.07B,-,-,-,-,-,-,-,-,-
SGML,Sigma Lithium Corporation,1.07B,-,-,-,-,-,-,-,-,-
MGTX,MeiraGTx Holdings plc,1.07B,-,-,-,-,-,-,-,-,-
REAL,"The RealReal, Inc.",1.07B,-,-,-,-,-,-,-,-,-
AFYA,Afya Limited,1.07B,0.68,5.52%,39.34%,-,Annual,-,2,-,-
FSBC,Five Star Bancorp,1.06B,1.00,2.30%,28.11%,18.75%,Quarterly,-,6,10.72%,-
GSBD,"Goldman Sachs BDC, Inc.",1.06B,1.34,14.18%,267.22%,-29.95%,Quarterly,1,12,-8.48%,-5.18%
KRT,Karat Packaging Inc.,1.06B,1.88,3.52%,75.27%,4.00%,Quarterly,3,5,14.89%,-
HEPS,D-Market Elektronik Hizmetler ve Ticaret A.S.,1.06B,-,-,-,-,-,-,-,-,-
MRTN,"Marten Transport, Ltd.",1.06B,0.24,1.86%,159.99%,-,Quarterly,-,17,-,-27.03%
TE,T1 Energy Inc.,1.06B,-,-,-,-,-,-,-,-,-
OCSL,Oaktree Specialty Lending Corporation,1.06B,1.24,10.35%,306.59%,-20.11%,Quarterly,-,19,-17.42%,-0.60%
SPTX,"Seaport Therapeutics, Inc.",1.05B,-,-,-,-,-,-,-,-,-
STAA,STAAR Surgical Company,1.05B,-,-,-,-,-,-,-,-,-
PSIX,"Power Solutions International, Inc.",1.05B,-,-,-,-,-,-,-,-,-
GTM,ZoomInfo Technologies Inc.,1.05B,-,-,-,-,-,-,-,-,-
CPAC,Cementos Pacasmayo S.A.A.,1.05B,0.56,4.58%,77.40%,11.32%,Annual,2,14,4.07%,13.41%
ANRO,"Alto Neuroscience, Inc.",1.05B,-,-,-,-,-,-,-,-,-
ENOV,Enovis Corporation,1.05B,-,-,-,-,-,-,-,-,-
PDS,Precision Drilling Corporation,1.05B,0,-,-,-,-,-,-,62.90%,-30.61%
TUYA,Tuya Inc.,1.05B,0.11,6.68%,104.15%,1.66%,Semi-Annual,1,3,-,-
NPK,"National Presto Industries, Inc.",1.04B,1.00,0.69%,16.72%,-,Annual,-,13,-37.00%,-30.69%
FTK,"Flotek Industries, Inc.",1.04B,-,-,-,-,-,-,-,-,-
UVV,Universal Corporation,1.04B,3.32,7.94%,435.91%,1.23%,Quarterly,56,56,1.24%,1.26%
CFFN,"Capitol Federal Financial, Inc.",1.04B,0.34,4.01%,52.35%,-,Quarterly,-,28,-18.15%,-17.13%
GPRE,Green Plains Inc.,1.04B,0,-,-,-,-,-,-,-,24.57%
SBR,Sabine Royalty Trust,1.04B,4.88,6.86%,92.29%,-17.88%,Monthly,-,44,-13.19%,11.22%
ODTX,"Odyssey Therapeutics, Inc.",1.03B,-,-,-,-,-,-,-,-,-
BTX,BlackRock Innovation and Growth Term Trust,1.03B,0.63,7.09%,-,-30.11%,Monthly,2,6,-6.30%,-
THRM,Gentherm Incorporated,1.03B,1.90,5.66%,221.48%,-,-,-,1,-,-
CRAI,"CRA International, Inc.",1.03B,2.28,1.39%,30.40%,16.33%,Quarterly,9,11,16.55%,17.00%
FUBO,FuboTV Inc.,1.03B,-,-,-,-,-,-,-,-,-
RSKD,Riskified Ltd.,1.02B,-,-,-,-,-,-,-,-,-
MBWM,Mercantile Bank Corporation,1.02B,1.56,2.64%,27.46%,5.41%,Quarterly,6,15,5.73%,6.10%
GHM,Graham Corporation,1.02B,0,-,-,-,-,-,-,5.01%,4.10%
UTI,"Universal Technical Institute, Inc.",1.02B,0,-,-,-,-,-,-,-26.32%,-
ITRN,Ituran Location and Control Ltd.,1.02B,2.00,3.87%,92.91%,58.73%,Quarterly,3,21,72.94%,31.60%
TRUP,"Trupanion, Inc.",1.02B,-,-,-,-,-,-,-,-,-
IGIC,International General Insurance Holdings Ltd.,1.01B,1.45,5.99%,55.63%,40.00%,Quarterly,2,7,227.11%,33.51%
PCRX,"Pacira BioSciences, Inc.",1.01B,-,-,-,-,-,-,-,-,-
JANX,"Janux Therapeutics, Inc.",1.01B,-,-,-,-,-,-,-,-,-
ASM,Avino Silver & Gold Mines Ltd.,1.01B,-,-,-,-,-,-,-,-,-
UPWK,Upwork Inc.,1.01B,-,-,-,-,-,-,-,-,-
MCBS,"MetroCity Bankshares, Inc.",1.00B,1.16,3.33%,37.40%,14.89%,Quarterly,5,11,16.11%,21.37%
ANL,Adlai Nortye Group Ltd.,1.00B,-,-,-,-,-,-,-,-,-
LAC,Lithium Americas Corp.,1.00B,-,-,-,-,-,-,-,-,-
ASA,ASA Gold and Precious Metals Limited,1.00B,0.08,0.15%,0.18%,40.00%,Semi-Annual,2,20,51.83%,28.47%
GLUE,"Monte Rosa Therapeutics, Inc.",1.00B,-,-,-,-,-,-,-,-,-
CRVS,"Corvus Pharmaceuticals, Inc.",998.94M,-,-,-,-,-,-,-,-,-
EDN,Empresa Distribuidora y Comercializadora Norte Sociedad Anónima,997.82M,-,-,-,-,-,-,-,-,-
BFST,"Business First Bancshares, Inc.",997.65M,0.60,1.96%,21.38%,7.14%,Quarterly,7,9,7.72%,6.40%
VMET,Versamet Royalties Corporation,996.84M,-,-,-,-,-,-,-,-,-
AEVA,"Aeva Technologies, Inc.",995.40M,-,-,-,-,-,-,-,-,-
RCAT,"Red Cat Holdings, Inc.",992.64M,-,-,-,-,-,-,-,-,-
CCNE,CNB Financial Corporation,991.90M,0.76,2.24%,24.13%,4.17%,Quarterly,2,33,2.33%,1.98%
EQBK,"Equity Bancshares, Inc.",991.53M,0.88,1.83%,42.93%,20.63%,Quarterly,4,6,21.86%,-
DFH,"Dream Finders Homes, Inc.",990.70M,-,-,-,-,-,-,-,-,-
NWPX,"NWPX Infrastructure, Inc.",990.08M,-,-,-,-,-,-,-,-,-
IQ,"iQIYI, Inc.",989.15M,-,-,-,-,-,-,-,-,-
MSEX,Middlesex Water Company,988.36M,1.44,2.75%,55.59%,5.88%,Quarterly,53,56,4.83%,5.73%
SG,"Sweetgreen, Inc.",988.04M,-,-,-,-,-,-,-,-,-
PRCT,PROCEPT BioRobotics Corporation,986.83M,-,-,-,-,-,-,-,-,-
TRIP,"Tripadvisor, Inc.",985.06M,0,-,-,-,-,-,-,-,-
NPKI,NPK International Inc.,984.53M,0,-,-,-,-,-,-,-,-
MLTX,MoonLake Immunotherapeutics,984.26M,-,-,-,-,-,-,-,-,-
CSR,Centerspace,982.26M,3.08,5.54%,241.70%,0.65%,Quarterly,2,30,1.79%,1.78%
CEVA,"CEVA, Inc.",979.48M,-,-,-,-,-,-,-,-,-
XIFR,"XPLR Infrastructure, LP",978.08M,0,-,-,-,-,-,-,11.41%,12.81%
HBNC,"Horizon Bancorp, Inc.",977.60M,0.64,3.35%,-,-,Quarterly,-,40,-,3.84%
SIFY,Sify Technologies Limited,975.33M,0,-,-,-,-,-,-,5.55%,-
TYG,Tortoise Energy Infrastructure Corporation,975.11M,5.70,14.67%,87.16%,26.95%,Monthly,2,23,26.14%,31.13%
GLIBK,Liberty Capital Corporation,974.46M,-,-,-,-,-,-,-,-,-
LMRI,"Lumexa Imaging Holdings, Inc.",972.28M,-,-,-,-,-,-,-,-,-
CAC,Camden National Corporation,970.57M,1.68,2.91%,32.20%,-,Quarterly,-,30,0.40%,4.01%
RXT,"Rackspace Technology, Inc.",968.52M,-,-,-,-,-,-,-,-,-
ABUS,Arbutus Biopharma Corporation,965.50M,-,-,-,-,-,-,-,-,-
HPK,"HighPeak Energy, Inc.",963.57M,0.08,1.06%,-,-,-,-,6,16.96%,-
CGEM,"Cullinan Therapeutics, Inc.",962.75M,-,-,-,-,-,-,-,-,-
DEC,Diversified Energy Company,959.64M,1.16,8.56%,19.98%,-,Quarterly,-,9,-30.93%,-18.37%
HRTG,"Heritage Insurance Holdings, Inc.",959.30M,0,-,-,-,-,-,-,-,-
YELP,Yelp Inc.,956.67M,-,-,-,-,-,-,-,-,-
RHLD,"Resolute Holdings Management, Inc.",954.15M,-,-,-,-,-,-,-,-,-
CRESY,"Cresud Sociedad Anónima, Comercial, Inmobiliaria, Financiera y Agropecuaria",953.65M,0.61,5.09%,40.41%,-36.00%,Annual,-,4,65.03%,35.06%
BXBL,Boxabl Inc.,950.28M,-,-,-,-,-,-,-,-,-
BV,"BrightView Holdings, Inc.",949.15M,-,-,-,-,-,-,-,-,-
ASTE,"Astec Industries, Inc.",948.18M,0.52,1.26%,61.64%,-,Quarterly,-,14,-,3.40%
KURA,"Kura Oncology, Inc.",943.87M,-,-,-,-,-,-,-,-,-
MTA,Metalla Royalty & Streaming Ltd.,943.68M,0,-,-,-,-,-,-,-,-
TRST,TrustCo Bank Corp NY,942.49M,1.60,2.87%,44.48%,5.48%,Quarterly,1,45,2.26%,2.48%
VYX,NCR Voyix Corporation,941.64M,-,-,-,-,-,-,-,-,-
BKSY,BlackSky Technology Inc.,941.27M,-,-,-,-,-,-,-,-,-
VPG,"Vishay Precision Group, Inc.",940.82M,-,-,-,-,-,-,-,-,-
OIG,Orion180 Insurance Group Inc.,940.81M,-,-,-,-,-,-,-,-,-
CMP,"Compass Minerals International, Inc.",939.53M,0,-,-,-,-,-,-,-40.72%,-26.93%
PCT,"PureCycle Technologies, Inc.",939.23M,-,-,-,-,-,-,-,-,-
KRO,"Kronos Worldwide, Inc.",939.20M,0.20,2.44%,-,-,Quarterly,-,17,-35.92%,-22.60%
CBLL,"CeriBell, Inc.",939.11M,-,-,-,-,-,-,-,-,-
KODK,Eastman Kodak Company,937.95M,-,-,-,-,-,-,-,-,-
SB,"Safe Bulkers, Inc.",936.85M,0.24,2.92%,30.49%,17.50%,Quarterly,-,5,5.52%,36.28%
CPF,Central Pacific Financial Corp.,936.69M,1.20,3.26%,37.30%,8.41%,Quarterly,1,14,3.71%,4.30%
FET,"Forum Energy Technologies, Inc.",935.80M,-,-,-,-,-,-,-,-,-
SATL,Satellogic Inc.,933.20M,-,-,-,-,-,-,-,-,-
GLIBA,Liberty Capital Corporation,932.58M,-,-,-,-,-,-,-,-,-
LZ,"LegalZoom.com, Inc.",932.54M,-,-,-,-,-,-,-,-,-
RMIX,"Suncrete, Inc.",932.54M,-,-,-,-,-,-,-,-,-
NXDR,"Nextdoor Holdings, Inc.",932.30M,-,-,-,-,-,-,-,-,-
FEIM,"Frequency Electronics, Inc.",931.62M,0,-,-,-,-,-,-,-,-
HAFC,Hanmi Financial Corporation,931.13M,1.12,3.54%,37.72%,4.72%,Quarterly,1,14,3.54%,21.45%
TDAY,"USA TODAY Co., Inc.",928.91M,0,-,-,-,-,-,-,4.29%,-
KBDC,"Kayne Anderson BDC, Inc.",927.36M,1.90,14.59%,-,-15.79%,Quarterly,1,3,-,-
ALMS,Alumis Inc.,926.76M,-,-,-,-,-,-,-,-,-
SBGI,"Sinclair, Inc.",925.67M,1.00,7.81%,138.37%,-,Quarterly,-,17,-,4.56%
RIGL,"Rigel Pharmaceuticals, Inc.",924.65M,-,-,-,-,-,-,-,-,-
AGBK,AGI Inc,923.98M,-,-,-,-,-,-,-,-,-
HELP,Cybin Inc.,922.02M,-,-,-,-,-,-,-,-,-
NBBK,"NB Bancorp, Inc.",921.90M,0.28,1.24%,18.30%,-,Quarterly,-,2,-,-
UPBD,"Upbound Group, Inc.",921.71M,1.56,9.87%,101.27%,-,Quarterly,4,8,4.68%,4.70%
IBTA,"Ibotta, Inc.",920.07M,-,-,-,-,-,-,-,-,-
SBSI,"Southside Bancshares, Inc.",918.68M,1.48,4.80%,58.18%,0.69%,Quarterly,-,29,0.46%,1.44%
UTL,Unitil Corporation,917.85M,1.90,3.76%,59.71%,5.63%,Quarterly,11,42,5.32%,4.36%
TBLA,Taboola.com Ltd.,917.18M,-,-,-,-,-,-,-,-,-
PLOW,"Douglas Dynamics, Inc.",914.08M,1.18,2.97%,53.54%,-,Quarterly,-,17,0.14%,0.78%
MPB,"Mid Penn Bancorp, Inc.",913.59M,0.92,2.54%,33.28%,17.50%,Quarterly,1,16,5.52%,2.77%
PXED,"Phoenix Education Partners, Inc.",912.72M,0.84,3.33%,29.54%,-,Quarterly,-,1,-,-
JBIO,"Jade Biosciences, Inc.",911.35M,0,-,-,-,-,-,1,-,-
LAR,Lithium Argentina AG,911.28M,-,-,-,-,-,-,-,-,-
DJCO,Daily Journal Corporation,905.09M,-,-,-,-,-,-,-,-,-
FMNB,Farmers National Banc Corp.,904.41M,0.72,4.68%,48.44%,1.47%,Quarterly,-,33,0.49%,9.42%
BRBR,"BellRing Brands, Inc.",903.48M,-,-,-,-,-,-,-,-,-
APMD,"Apnimed, Inc.",902.97M,-,-,-,-,-,-,-,-,-
BBDC,"Barings BDC, Inc.",902.57M,1.04,12.05%,125.24%,-,Quarterly,-,20,1.32%,6.20%
FCBC,"First Community Bankshares, Inc.",897.48M,2.32,4.89%,71.34%,-31.72%,Quarterly,14,33,24.90%,17.25%
XTND,"Xtend AI Robotics, Inc.",895.63M,-,-,-,-,-,-,-,-,-
ACEL,"Accel Entertainment, Inc.",893.94M,-,-,-,-,-,-,-,-,-
RZLV,Rezolve AI PLC,892.10M,-,-,-,-,-,-,-,-,-
THFF,First Financial Corporation,890.94M,2.24,2.99%,31.38%,9.80%,Quarterly,36,44,31.28%,14.07%
OI,"O-I Glass, Inc.",889.69M,0,-,-,-,-,-,-,58.74%,31.95%
REPX,"Riley Exploration Permian, Inc.",889.47M,1.60,3.96%,28.60%,5.26%,Quarterly,4,6,5.57%,-
HSTM,"HealthStream, Inc.",888.20M,0.14,0.48%,19.48%,12.40%,Quarterly,2,4,-,-
HTLD,"Heartland Express, Inc.",885.07M,0.08,0.70%,-,-,Quarterly,-,24,-,-32.71%
MCS,The Marcus Corporation,884.73M,0.36,1.26%,49.26%,13.79%,Quarterly,3,5,14.47%,45.85%
NX,Quanex Building Products Corporation,881.91M,0.32,1.64%,32.08%,-,Quarterly,-,19,-,-
MAKO,Mako Mining Corp.,881.75M,-,-,-,-,-,-,-,-,-
SGP,"SpyGlass Pharma, Inc.",881.35M,-,-,-,-,-,-,-,-,-
SCZM,Santacruz Silver Mining Ltd.,879.38M,-,-,-,-,-,-,-,-,-
CYRX,"Cryoport, Inc.",878.76M,-,-,-,-,-,-,-,-,-
PSTL,"Postal Realty Trust, Inc.",878.47M,0.98,4.19%,182.26%,1.03%,Quarterly,6,8,1.04%,2.24%
ITG,"ITG, Inc.",877.79M,-,-,-,-,-,-,-,-,-
KOP,Koppers Holdings Inc.,877.50M,0.36,0.77%,-,12.90%,Quarterly,3,5,15.02%,47.58%
SANA,"Sana Biotechnology, Inc.",877.13M,-,-,-,-,-,-,-,-,-
TTI,"TETRA Technologies, Inc.",876.59M,-,-,-,-,-,-,-,-,-
EGBN,"Eagle Bancorp, Inc.",868.49M,0.04,0.14%,-,-93.94%,Quarterly,-,8,-71.89%,-47.88%
BUR,Burford Capital Limited,868.46M,0.13,3.13%,-,-,Semi-Annual,-,6,-,-
NNE,NANO Nuclear Energy Inc.,867.23M,-,-,-,-,-,-,-,-,-
FRBT,"Forbright, Inc.",867.06M,-,-,-,-,-,-,-,-,-
SAFE,Safehold Inc.,866.79M,0.71,5.85%,43.98%,-,Quarterly,-,10,-,1.28%
RJET,Republic Airways Holdings Inc.,865.69M,-,-,-,-,-,-,-,-,-
HIVE,HIVE Digital Technologies Ltd.,865.23M,-,-,-,-,-,-,-,-,-
OGG,Osisko Gold Group Inc.,860.96M,-,-,-,-,-,-,-,-,-
BZH,"Beazer Homes USA, Inc.",860.49M,0,-,-,-,-,-,-,44.22%,-
VRTS,"Virtus Investment Partners, Inc.",860.02M,9.80,7.55%,55.85%,5.46%,Quarterly,8,13,12.10%,19.50%
EIG,"Employers Holdings, Inc.",859.23M,1.36,2.84%,375.49%,6.45%,Quarterly,4,20,6.92%,5.71%
KFRC,Kforce Inc.,858.87M,1.60,3.12%,75.64%,2.58%,Quarterly,8,14,4.83%,11.56%
ANGX,"Angel Studios, Inc.",858.15M,-,-,-,-,-,-,-,-,-
QFIN,"Qfin Holdings, Inc.",856.55M,1.56,22.10%,28.22%,-15.28%,Semi-Annual,2,6,23.99%,-
BW,"Babcock & Wilcox Enterprises, Inc.",855.80M,-,-,-,-,-,-,-,-,-
CADL,"Candel Therapeutics, Inc.",854.71M,-,-,-,-,-,-,-,-,-
BTGO,"Bitgo Holdings, Inc.",852.21M,-,-,-,-,-,-,-,-,-
RERE,ATRenew Inc.,852.00M,0.10,2.58%,33.88%,-,-,-,1,-,-
KOPN,Kopin Corporation,851.80M,-,-,-,-,-,-,-,-,-
CIM,Chimera Investment Corporation,851.35M,1.80,17.61%,-,16.22%,Quarterly,1,20,-11.24%,-14.57%
GSBC,"Great Southern Bancorp, Inc.",851.20M,1.72,2.20%,28.68%,5.52%,Quarterly,1,37,2.44%,4.50%
SMBK,"SmartFinancial, Inc.",851.08M,0.36,0.72%,10.62%,6.25%,Quarterly,-,8,3.13%,8.13%
SVC,Service Properties Trust,850.88M,0.20,3.04%,-,-,Quarterly,-,32,-63.16%,-
SMPL,The Simply Good Foods Company,848.34M,-,-,-,-,-,-,-,-,-
HMH,HMH Holding Inc.,847.93M,-,-,-,-,-,-,-,-,-
SABR,Sabre Corporation,847.52M,0,-,-,-,-,-,-,1.85%,-
ARDX,"Ardelyx, Inc.",845.99M,-,-,-,-,-,-,-,-,-
SMP,"Standard Motor Products, Inc.",844.02M,1.32,3.50%,58.53%,6.56%,Quarterly,1,17,4.48%,5.39%
LXRX,"Lexicon Pharmaceuticals, Inc.",843.19M,-,-,-,-,-,-,-,-,-
CCBG,"Capital City Bank Group, Inc.",843.00M,1.08,2.19%,29.72%,10.31%,Quarterly,11,13,13.59%,11.90%
EVLV,"Evolv Technologies Holdings, Inc.",842.24M,-,-,-,-,-,-,-,-,-
CODI,Compass Diversified,841.89M,0,-,-,-,-,-,20,-6.41%,-7.03%
SIBN,"SI-BONE, Inc.",838.78M,-,-,-,-,-,-,-,-,-
JMIA,Jumia Technologies AG,838.34M,-,-,-,-,-,-,-,-,-
AEBI,Aebi Schmidt Holding AG,837.34M,0.10,0.93%,36.41%,-,Quarterly,-,2,-,-
PUBM,"PubMatic, Inc.",837.21M,-,-,-,-,-,-,-,-,-
BLZE,"Backblaze, Inc.",835.96M,-,-,-,-,-,-,-,-,-
CVLG,"Covenant Logistics Group, Inc.",833.15M,0.28,0.86%,205.54%,5.66%,Quarterly,1,5,10.95%,-
YALA,Yalla Group Limited,831.26M,0.28,5.10%,-,-,-,-,-,-,-
NAVI,Navient Corporation,829.99M,0.64,7.24%,-,-,Quarterly,-,16,-,-
TIGR,UP Fintech Holding Limited,828.62M,-,-,-,-,-,-,-,-,-
SKYH,Sky Harbour Group Corporation,828.41M,-,-,-,-,-,-,-,-,-
DC,Dakota Gold Corp.,827.85M,-,-,-,-,-,-,-,-,-
AOSL,Alpha and Omega Semiconductor Limited,826.68M,-,-,-,-,-,-,-,-,-
OBX,"Obsidian Therapeutics, Inc.",826.21M,-,-,-,-,-,-,-,-,-
ABR,"Arbor Realty Trust, Inc.",825.10M,0.68,16.63%,"1,114.91%",-35.62%,Quarterly,-,15,-17.10%,-6.85%
CAPL,CrossAmerica Partners LP,822.25M,2.10,9.78%,154.38%,-,Quarterly,-,14,-,-
DAKT,"Daktronics, Inc.",820.94M,0,-,-,-,-,-,-,-13.59%,-12.94%
IMMX,"Immix Biopharma, Inc.",819.13M,-,-,-,-,-,-,-,-,-
ACDC,ProFrac Holding Corp.,817.73M,-,-,-,-,-,-,-,-,-
HSHP,Himalaya Shipping Ltd.,817.08M,1.64,9.51%,146.09%,264.44%,Monthly,1,3,-,-
SXC,"SunCoke Energy, Inc.",816.50M,0.48,5.02%,-,-,Quarterly,4,8,12.18%,14.87%
INMD,InMode Ltd.,816.23M,-,-,-,-,-,-,-,-,-
ORRF,"Orrstown Financial Services, Inc.",815.50M,1.20,2.89%,26.29%,14.71%,Quarterly,10,12,13.99%,10.20%
ODD,Oddity Tech Ltd.,813.18M,-,-,-,-,-,-,-,-,-
DSP,Viant Technology Inc.,812.99M,-,-,-,-,-,-,-,-,-
PLTK,Playtika Holding Corp.,812.42M,0.10,4.70%,-,-,-,-,2,-,-
HIPO,Hippo Holdings Inc.,811.21M,-,-,-,-,-,-,-,-,-
QNST,"QuinStreet, Inc.",810.91M,-,-,-,-,-,-,-,-,-
RPC,"Ridgepost Capital, Inc",809.70M,0.16,2.14%,64.97%,6.90%,Quarterly,3,5,7.43%,-
TRNS,"Transcat, Inc.",809.39M,-,-,-,-,-,-,-,-,-
AVTX,"Avalo Therapeutics, Inc.",808.20M,-,-,-,-,-,-,-,-,-
MFA,"MFA Financial, Inc.",808.20M,1.44,17.98%,143.23%,0.70%,Quarterly,1,29,0.94%,0.57%
FDMT,"4D Molecular Therapeutics, Inc.",806.84M,-,-,-,-,-,-,-,-,-
FBYD,"Falcon's Beyond Global, Inc.",806.65M,-,-,-,-,-,-,-,-,-
WEST,Westrock Coffee Company,806.40M,-,-,-,-,-,-,-,-,-
ABX,"Abacus Global Management, Inc.",805.32M,0.20,2.42%,73.70%,-,-,-,1,-,-
GRPN,"Groupon, Inc.",804.77M,-,-,-,-,-,-,-,-,-
ADSE,ADS-TEC Energy PLC,803.40M,-,-,-,-,-,-,-,-,-
ATTO,"Attovia Therapeutics, Inc.",802.55M,-,-,-,-,-,-,-,-,-
ACRS,"Aclaris Therapeutics, Inc.",800.76M,-,-,-,-,-,-,-,-,-
GERN,Geron Corporation,799.88M,-,-,-,-,-,-,-,-,-
SPFI,"South Plains Financial, Inc.",798.40M,0.72,1.69%,18.49%,11.48%,Quarterly,6,8,10.06%,21.20%
ACHV,"Achieve Life Sciences, Inc.",798.01M,-,-,-,-,-,-,-,-,-
ALRS,Alerus Financial Corporation,797.90M,0.88,2.75%,82.00%,4.88%,Quarterly,21,42,5.14%,6.76%
MTW,"The Manitowoc Company, Inc.",796.25M,0,-,-,-,-,-,-,-,-
ARI,"Apollo Commercial Real Estate Finance, Inc.",795.56M,1.00,16.08%,125.47%,-,Quarterly,-,17,-10.61%,-6.51%
INR,"Infinity Natural Resources, Inc.",795.32M,-,-,-,-,-,-,-,-,-
RPD,"Rapid7, Inc.",793.98M,-,-,-,-,-,-,-,-,-
TXO,"TXO Partners, L.P.",791.77M,1.71,12.03%,-,-37.33%,Quarterly,-,4,-,-
GYRE,"Gyre Therapeutics, Inc.",791.54M,-,-,-,-,-,-,-,-,-
VLRS,"Controladora Vuela Compañía de Aviación, S.A.B. de C.V.",791.16M,-,-,-,-,-,-,-,-,-
JBSS,"John B. Sanfilippo & Son, Inc.",790.83M,4.50,6.68%,85.55%,200.00%,Semi-Annual,-,15,-,-3.93%
IBCP,Independent Bank Corporation,790.07M,1.12,3.14%,32.46%,7.84%,Quarterly,11,13,6.52%,5.79%
SMBC,"Southern Missouri Bancorp, Inc.",787.67M,1.08,1.51%,16.80%,8.51%,Quarterly,14,32,6.69%,8.77%
MTUS,Metallus Inc.,787.12M,0,-,-,-,-,-,-,-,-
FOXF,Fox Factory Holding Corp.,786.82M,-,-,-,-,-,-,-,-,-
ELVR,Elevra Lithium Limited,785.68M,-,-,-,-,-,-,-,-,-
FISI,"Financial Institutions, Inc.",780.77M,1.28,3.21%,31.78%,3.25%,Quarterly,1,28,2.19%,3.49%
NAK,Northern Dynasty Minerals Ltd.,779.28M,-,-,-,-,-,-,-,-,-
VREX,Varex Imaging Corporation,778.05M,-,-,-,-,-,-,-,-,-
MITK,"Mitek Systems, Inc.",777.91M,-,-,-,-,-,-,-,-,-
SLDB,Solid Biosciences Inc.,777.38M,-,-,-,-,-,-,-,-,-
GMRS,GMR Solutions Inc.,776.83M,-,-,-,-,-,-,-,-,-
PGC,Peapack-Gladstone Financial Corporation,775.11M,0.20,0.45%,6.92%,-,Quarterly,-,29,-,-
WRLD,World Acceptance Corporation,774.42M,-,-,-,-,-,-,-,-,-
DSGN,"Design Therapeutics, Inc.",773.51M,-,-,-,-,-,-,-,-,-
CGBD,"Carlyle Secured Lending, Inc.",771.30M,1.65,14.71%,290.16%,-11.76%,Quarterly,-,10,-5.19%,0.40%
LWLG,"Lightwave Logic, Inc.",770.84M,-,-,-,-,-,-,-,-,-
GILT,Gilat Satellite Networks Ltd.,770.68M,0,-,-,-,-,-,-,-,-
CTO,"CTO Realty Growth, Inc.",768.83M,1.52,7.39%,111.63%,-,Quarterly,-,51,-,2.66%
HQ,Horizon Quantum Holdings Ltd.,768.56M,-,-,-,-,-,-,-,-,-
NABL,"N-able, Inc.",766.96M,-,-,-,-,-,-,-,-,-
APOG,"Apogee Enterprises, Inc.",766.70M,1.08,2.94%,33.91%,3.88%,Quarterly,14,53,4.41%,6.32%
IVA,Inventiva S.A.,766.06M,-,-,-,-,-,-,-,-,-
HDL,Super Hi International Holding Ltd.,763.11M,-,-,-,-,-,-,-,-,-
WGO,"Winnebago Industries, Inc.",762.69M,1.44,5.33%,105.76%,2.92%,Quarterly,7,13,7.98%,21.16%
APC,ARKO Petroleum Corp.,762.55M,2.00,12.70%,78.47%,-,Semi-Annual,-,1,-,-
VBNK,VersaBank,762.43M,0.07,0.32%,9.71%,2.10%,Quarterly,-,9,-0.63%,-1.89%
ANNX,"Annexon, Inc.",762.11M,-,-,-,-,-,-,-,-,-
FDUS,Fidus Investment Corporation,761.21M,2.14,11.16%,102.86%,-5.31%,Quarterly,-,16,-7.34%,6.94%
SHBI,"Shore Bancshares, Inc.",760.55M,0.56,2.46%,26.40%,8.33%,Quarterly,-,12,2.70%,1.61%
WLKP,Westlake Chemical Partners LP,759.55M,1.89,8.74%,115.38%,-,Quarterly,-,13,-,-
LYTS,LSI Industries Inc.,757.94M,0.20,0.95%,29.85%,-,Quarterly,-,39,-,-
PRAA,"PRA Group, Inc.",757.10M,0,-,-,-,-,-,-,-,-
AHCO,AdaptHealth Corp.,757.10M,-,-,-,-,-,-,-,-,-
FINV,FinVolution Group,757.05M,0.31,9.92%,26.16%,11.28%,Annual,5,8,13.62%,13.78%
LUCK,Lucky Strike Entertainment Corporation,756.62M,0.24,4.32%,-,9.09%,Quarterly,1,3,-,-
AVR,Anteris Technologies Global Corp.,754.33M,-,-,-,-,-,-,-,-,-
HTB,"HomeTrust Bancshares, Inc.",753.74M,0.60,1.32%,14.70%,16.67%,Quarterly,7,9,11.87%,11.84%
BLDP,Ballard Power Systems Inc.,752.44M,-,-,-,-,-,-,-,-,-
MNTN,"MNTN, Inc.",751.77M,-,-,-,-,-,-,-,-,-
OLMA,"Olema Pharmaceuticals, Inc.",751.17M,-,-,-,-,-,-,-,-,-
MOV,"Movado Group, Inc.",750.14M,1.60,4.77%,88.65%,7.14%,Quarterly,-,6,2.33%,16.47%
APEI,"American Public Education, Inc.",750.00M,-,-,-,-,-,-,-,-,-
PHAR,Pharming Group N.V.,747.87M,-,-,-,-,-,-,-,-,-
BBSI,"Barrett Business Services, Inc.",747.66M,0.32,1.05%,23.14%,-,Quarterly,2,21,2.17%,1.30%
GSM,Ferroglobe PLC,745.57M,0.06,1.50%,-,7.27%,Quarterly,1,3,65.57%,35.33%
CTKB,"Cytek Biosciences, Inc.",745.45M,-,-,-,-,-,-,-,-,-
QDEL,QuidelOrtho Corporation,744.04M,-,-,-,-,-,-,-,-,-
IMC,IMC Rare Earths Ltd,743.06M,-,-,-,-,-,-,-,-,-
MLAB,"Mesa Laboratories, Inc.",742.91M,0.64,0.48%,74.35%,-,Quarterly,-,24,-,-
GOOS,Canada Goose Holdings Inc.,742.57M,-,-,-,-,-,-,-,-,-
NUAI,"New Era Energy & Digital, Inc.",741.65M,-,-,-,-,-,-,-,-,-
ASC,Ardmore Shipping Corporation,740.63M,0.31,1.73%,53.33%,260.53%,Quarterly,-,4,11.44%,24.94%
KRNT,Kornit Digital Ltd.,740.52M,-,-,-,-,-,-,-,-,-
NRGV,"Energy Vault Holdings, Inc.",739.18M,-,-,-,-,-,-,-,-,-
BWMN,Bowman Consulting Group Ltd.,738.67M,-,-,-,-,-,-,-,-,-
COLL,"Collegium Pharmaceutical, Inc.",738.36M,-,-,-,-,-,-,-,-,-
TASK,"TaskUs, Inc.",738.08M,0,-,-,-,-,-,1,-,-
DQ,Daqo New Energy Corp.,737.56M,-,-,-,-,-,-,-,-,-
WASH,"Washington Trust Bancorp, Inc.",734.17M,2.24,5.83%,77.50%,-,Quarterly,1,43,-,1.49%
SSYS,Stratasys Ltd.,733.98M,-,-,-,-,-,-,-,-,-
STRW,"Strawberry Fields REIT, Inc.",732.81M,0.68,5.19%,106.21%,13.79%,Quarterly,3,5,15.35%,-
WYFI,"WhiteFiber, Inc.",732.09M,-,-,-,-,-,-,-,-,-
SWIM,"Latham Group, Inc.",731.76M,-,-,-,-,-,-,-,-,-
THM,International Tower Hill Mines Ltd.,730.98M,-,-,-,-,-,-,-,-,-
BUUU,BUUU Group Limited,730.41M,-,-,-,-,-,-,-,-,-
JBGS,JBG SMITH Properties,729.71M,0.70,6.84%,-,-,Quarterly,-,10,-8.04%,-4.90%
REF,Reformation Inc.,727.86M,-,-,-,-,-,-,-,-,-
WVE,"Wave Life Sciences, Inc.",725.14M,-,-,-,-,-,-,-,-,-
BCSF,"Bain Capital Specialty Finance, Inc.",723.28M,1.89,16.93%,188.73%,3.33%,Quarterly,4,9,6.50%,6.46%
ROOT,"Root, Inc.",722.61M,-,-,-,-,-,-,-,-,-
TCBX,"Third Coast Bancshares, Inc.",721.83M,-,-,-,-,-,-,-,-,-
MFIC,MidCap Financial Investment Corporation,721.58M,1.24,14.16%,-,-13.82%,Quarterly,-,23,-4.63%,-1.87%
SOPH,SOPHiA GENETICS SA,721.03M,-,-,-,-,-,-,-,-,-
PAYS,"Paysign, Inc.",720.46M,-,-,-,-,-,-,-,-,-
CD,Chaince Digital Holdings Inc.,719.42M,-,-,-,-,-,-,-,-,-
ADAM,"Adamas Trust, Inc.",719.04M,1.08,13.52%,61.36%,24.10%,Quarterly,1,23,-9.72%,-8.43%
FTH,"Faeth Therapeutics, Inc.",718.36M,-,-,-,-,-,-,-,-,-
CWBC,Community West Bancshares,715.18M,0.48,1.81%,28.11%,-,Quarterly,-,15,-,0.85%
OBE,Obsidian Energy Ltd.,713.13M,0,-,-,-,-,-,-,-49.26%,-39.14%
WHK,WhiteHawk Minerals Corp.,709.57M,2.00,7.66%,-,-,-,-,1,-,-
LXU,"LSB Industries, Inc.",708.46M,0,-,-,-,-,-,-,-30.67%,-19.73%
ETRA,"Electra Therapeutics, Inc.",708.01M,-,-,-,-,-,-,-,-,-
HYLN,Hyliion Holdings Corp.,707.24M,-,-,-,-,-,-,-,-,-
FPH,"Five Point Holdings, LLC",706.97M,-,-,-,-,-,-,-,-,-
QVCG,QVC Group Inc.,706.75M,-,-,-,-,-,-,-,-,-
DNA,"Ginkgo Bioworks Holdings, Inc.",706.40M,-,-,-,-,-,-,-,-,-
PMT,PennyMac Mortgage Investment Trust,705.47M,1.60,19.75%,111.98%,-,Quarterly,-,17,-,-3.17%
RCBC,River City Bank,705.34M,0.20,0.40%,3.51%,21.02%,Quarterly,4,10,11.25%,14.99%
GDOT,Green Dot Corporation,704.34M,-,-,-,-,-,-,-,-,-
CSIQ,Canadian Solar Inc.,704.28M,-,-,-,-,-,-,-,-,-
NGVC,"Natural Grocers by Vitamin Cottage, Inc.",704.05M,0.60,1.96%,29.27%,25.00%,Quarterly,2,8,14.47%,16.47%
MOMO,Hello Group Inc.,703.81M,0.28,5.70%,25.88%,-7.14%,Annual,-,8,-28.12%,-15.95%
VTS,"Vitesse Energy, Inc.",703.56M,1.75,10.44%,-,-15.25%,Quarterly,2,4,-,-
GROY,Gold Royalty Corp.,701.99M,0,-,-,-,-,-,-,-,-
GPRK,GeoPark Limited,701.89M,0.09,0.86%,7.24%,-81.97%,Quarterly,-,8,-41.11%,0.65%
VSTM,"Verastem, Inc.",700.96M,-,-,-,-,-,-,-,-,-
EVEX,"Eve Holding, Inc.",700.46M,-,-,-,-,-,-,-,-,-
AROW,Arrow Financial Corporation,698.16M,1.20,3.18%,38.66%,5.31%,Quarterly,32,34,4.31%,4.57%
DBVT,DBV Technologies S.A.,697.14M,-,-,-,-,-,-,-,-,-
PFIS,Peoples Financial Services Corp.,696.02M,2.50,3.60%,44.25%,0.91%,Quarterly,9,25,15.21%,10.99%
BCAL,California BanCorp,694.45M,0.48,2.23%,22.82%,-,Quarterly,-,2,-,-
OFRM,"Once Upon A Farm, PBC",694.32M,-,-,-,-,-,-,-,-,-
LEGH,Legacy Housing Corporation,693.95M,-,-,-,-,-,-,-,-,-
CASS,"Cass Information Systems, Inc.",693.07M,1.28,2.37%,46.18%,3.23%,Quarterly,24,44,3.34%,3.46%
LINC,Lincoln Educational Services Corporation,689.94M,0,-,-,-,-,-,-,-39.68%,-
LPTH,"LightPath Technologies, Inc.",688.81M,-,-,-,-,-,-,-,-,-
OABI,"OmniAb, Inc.",688.42M,-,-,-,-,-,-,-,-,-
PFLT,PennantPark Floating Rate Capital Ltd.,688.08M,1.15,16.64%,225.14%,-7.32%,Monthly,-,16,-1.28%,-
MSBI,"Midland States Bancorp, Inc.",687.10M,1.32,4.00%,86.12%,3.20%,Quarterly,9,11,2.73%,3.10%
SOC,Sable Offshore Corp.,686.89M,-,-,-,-,-,-,-,-,-
MG,"Mistras Group, Inc.",686.37M,-,-,-,-,-,-,-,-,-
VLGEA,"Village Super Market, Inc.",684.94M,1.00,2.16%,27.25%,-,Quarterly,1,24,-,-
INN,"Summit Hotel Properties, Inc.",684.78M,0.32,5.51%,-,-,Quarterly,3,5,16.96%,51.57%
IPX,IperionX Limited,684.34M,-,-,-,-,-,-,-,-,-
FAC,Factorial Energy Inc.,683.88M,-,-,-,-,-,-,-,-,-
NVCT,"Nuvectis Pharma, Inc.",681.28M,-,-,-,-,-,-,-,-,-
SUPV,Grupo Supervielle S.A.,680.95M,0,-,-,-,-,2,2,796.03%,44.29%
MDXG,"MiMedx Group, Inc.",680.70M,-,-,-,-,-,-,-,-,-
HELE,Helen of Troy Limited,680.59M,0,-,-,-,-,-,-,-,-
HOV,"Hovnanian Enterprises, Inc.",680.56M,-,-,-,-,-,-,-,-,-
IRWD,"Ironwood Pharmaceuticals, Inc.",679.14M,-,-,-,-,-,-,-,-,-
NFGC,New Found Gold Corp.,678.46M,-,-,-,-,-,-,-,-,-
STLN,"Starling Oncology, Inc.",677.74M,-,-,-,-,-,-,-,-,-
HNRG,Hallador Energy Company,677.45M,0,-,-,-,-,-,-,-,-
BLSM,"BlossomHill Therapeutics, Inc.",676.70M,-,-,-,-,-,-,-,-,-
CNNE,"Cannae Holdings, Inc.",676.20M,0.60,3.85%,-,17.65%,Quarterly,1,3,-,-
GEMI,"Gemini Space Station, Inc.",675.49M,-,-,-,-,-,-,-,-,-
BLMN,"Bloomin' Brands, Inc.",674.69M,0,-,-,-,-,-,4,18.00%,6.65%
EVC,Entravision Communications Corporation,674.63M,0.20,2.74%,516.48%,-,Quarterly,-,16,4.55%,14.87%
CLYM,"Climb Bio, Inc.",673.73M,-,-,-,-,-,-,-,-,-
SLN,Silence Therapeutics plc,673.44M,-,-,-,-,-,-,-,-,-
INDI,"indie Semiconductor, Inc.",673.40M,-,-,-,-,-,-,-,-,-
RGR,"Sturm, Ruger & Company, Inc.",673.00M,0.46,1.08%,58.27%,-36.23%,Quarterly,-,18,-33.70%,-32.46%
IVR,Invesco Mortgage Capital Inc.,672.75M,1.44,22.93%,105.98%,1.41%,Monthly,-,18,-8.01%,-16.27%
CSHR,CoinShares PLC,672.74M,0.40,7.84%,-,-,-,-,-,-,-
SMWB,Similarweb Ltd.,672.46M,-,-,-,-,-,-,-,-,-
DGICB,Donegal Group Inc.,672.10M,0.70,4.46%,36.77%,6.25%,Quarterly,23,40,4.26%,4.33%
ZVRA,"Zevra Therapeutics, Inc.",671.63M,-,-,-,-,-,-,-,-,-
TRON,Tron Inc.,671.25M,-,-,-,-,-,-,-,-,-
CCXI,Churchill Capital Corp XI,671.19M,-,-,-,-,-,-,-,-,-
BWMX,"Betterware de México, S.A.P.I. de C.V.",670.46M,1.26,7.42%,51.87%,4.21%,Quarterly,-,7,19.53%,-7.29%
DGICA,Donegal Group Inc.,668.52M,0.77,4.27%,40.44%,5.63%,Quarterly,24,26,3.83%,3.88%
PKOH,Park-Ohio Holdings Corp.,661.04M,0.50,1.06%,26.66%,-,Quarterly,-,13,-,-
PZZA,"Papa John's International, Inc.",660.41M,1.38,6.93%,172.58%,-,-,-,14,3.08%,15.38%
KE,"Kimball Electronics, Inc.",660.29M,-,-,-,-,-,-,-,-,-
OSPN,OneSpan Inc.,658.55M,0.52,2.90%,28.66%,-,Quarterly,-,2,-,-
BHB,Bar Harbor Bankshares,658.07M,1.36,3.48%,45.99%,6.45%,Quarterly,22,32,6.92%,7.49%
NMFC,New Mountain Finance Corporation,657.39M,1.00,14.38%,-,-11.63%,Quarterly,-,16,-5.48%,-1.02%
CARE,"Carter Bankshares, Inc.",657.38M,0.40,1.34%,6.93%,-,Quarterly,-,1,25.99%,14.87%
RRBI,"Red River Bancshares, Inc.",657.16M,1.00,1.00%,12.96%,87.50%,Quarterly,3,7,42.66%,27.23%
BOT,"Robostrategy, Inc.",657.10M,-,-,-,-,-,-,-,-,-
EVER,"EverQuote, Inc.",655.11M,-,-,-,-,-,-,-,-,-
TBLD,Thornburg Income Builder Opportunities Trust,652.22M,1.25,6.15%,-,-,Monthly,-,6,-,-
HIFS,Hingham Institution for Savings,652.19M,2.52,0.85%,10.73%,27.78%,Quarterly,1,33,0.95%,4.21%
MATV,"Mativ Holdings, Inc.",651.24M,0.40,3.38%,24.72%,-,Quarterly,-,31,-32.49%,-25.65%
WOOF,"Petco Health and Wellness Company, Inc.",650.17M,-,-,-,-,-,-,-,-,-
DDI,"DoubleDown Interactive Co., Ltd.",649.15M,-,-,-,-,-,-,-,-,-
STTK,"Shattuck Labs, Inc.",647.34M,-,-,-,-,-,-,-,-,-
DMII,Drugs Made In America Acquisition II Corp.,647.19M,-,-,-,-,-,-,-,-,-
PKE,Park Aerospace Corp.,646.88M,0.50,1.69%,79.40%,-,Quarterly,-,42,1.72%,4.56%
HPP,"Hudson Pacific Properties, Inc.",643.87M,0,-,-,-,-,-,-,-53.58%,-36.90%
ABTC,American Bitcoin Corp.,643.73M,-,-,-,-,-,-,-,-,-
UAMY,United States Antimony Corporation,642.08M,-,-,-,-,-,-,-,-,-
TIPT,Tiptree Inc.,642.01M,0.24,1.39%,2.19%,-,Quarterly,-,12,8.10%,8.45%
ACNB,ACNB Corporation,641.93M,1.68,2.67%,39.85%,59.09%,Quarterly,8,38,23.31%,15.54%
CLDT,Chatham Lodging Trust,641.62M,0.40,2.98%,509.57%,14.71%,Quarterly,1,5,11.68%,40.99%
ANGO,"AngioDynamics, Inc.",641.48M,-,-,-,-,-,-,-,-,-
GLAS,Glass House Brands Inc.,640.85M,-,-,-,-,-,-,-,-,-
PRTH,"Priority Technology Holdings, Inc.",640.56M,-,-,-,-,-,-,-,-,-
YEXT,"Yext, Inc.",637.92M,-,-,-,-,-,-,-,-,-
AURA,"Aura Biosciences, Inc.",636.75M,-,-,-,-,-,-,-,-,-
WCCB,West Coast Community Bancorp,636.07M,1.00,1.65%,18.65%,20.51%,Quarterly,5,14,17.80%,40.70%
SLRC,SLR Investment Corp.,635.02M,1.24,10.66%,106.49%,-12.20%,Quarterly,-,17,-1.43%,-2.57%
TROX,Tronox Holdings plc,634.01M,0.20,5.01%,-,-52.94%,Quarterly,-,15,-26.32%,-9.53%
SHEN,Shenandoah Telecommunications Company,631.43M,0.11,0.94%,-,10.00%,Annual,4,31,11.20%,-20.20%
CCSI,"Consensus Cloud Solutions, Inc.",631.29M,-,-,-,-,-,-,-,-,-
RSVR,"Reservoir Media, Inc.",630.96M,-,-,-,-,-,-,-,-,-
CGNT,Cognyte Software Ltd.,630.27M,-,-,-,-,-,-,-,-,-
SWBI,"Smith & Wesson Brands, Inc.",630.00M,0.52,3.70%,95.27%,-,Quarterly,5,7,5.73%,14.87%
PHR,"Phreesia, Inc.",629.40M,-,-,-,-,-,-,-,-,-
FWRG,"First Watch Restaurant Group, Inc.",627.62M,-,-,-,-,-,-,-,-,-
GAIN,Gladstone Investment Corporation,626.40M,0.96,6.10%,22.93%,-36.00%,Monthly,-,22,-14.94%,0.64%
CBIO,"Crescent Biopharma, Inc.",623.18M,-,-,-,-,-,-,-,-,-
MAMA,"Mama's Creations, Inc.",619.99M,-,-,-,-,-,-,-,-,-
SCHL,Scholastic Corporation,617.08M,1.00,2.99%,35.92%,12.50%,Quarterly,-,19,4.00%,8.45%
BAK,Braskem S.A.,616.66M,0,-,-,-,-,-,-,22.51%,17.71%
SGMT,Sagimet Biosciences Inc.,616.61M,-,-,-,-,-,-,-,-,-
FLGT,"Fulgent Genetics, Inc.",615.52M,-,-,-,-,-,-,-,-,-
CRMD,CorMedix Inc.,615.37M,-,-,-,-,-,-,-,-,-
GDYN,"Grid Dynamics Holdings, Inc.",614.94M,-,-,-,-,-,-,-,-,-
ISOU,IsoEnergy Ltd.,613.88M,-,-,-,-,-,-,-,-,-
VINP,Vinci Compass Investments Ltd.,612.52M,0.62,6.66%,96.95%,8.20%,Quarterly,-,6,-3.30%,-
MLR,"Miller Industries, Inc.",611.54M,0.84,1.56%,67.76%,5.06%,Quarterly,2,17,4.85%,2.88%
MATW,Matthews International Corporation,608.97M,1.02,5.24%,-,2.00%,Quarterly,28,33,3.50%,3.47%
BTBT,"Bit Digital, Inc.",607.45M,-,-,-,-,-,-,-,-,-
EGY,"VAALCO Energy, Inc.",606.96M,0.25,4.32%,-,-,Quarterly,-,5,4.35%,50.39%
HTZ,"Hertz Global Holdings, Inc.",605.97M,-,-,-,-,-,-,-,-,-
VEL,"Velocity Financial, Inc.",604.46M,-,-,-,-,-,-,-,-,-
GOOD,Gladstone Commercial Corporation,604.13M,1.20,9.60%,476.55%,-,Monthly,-,24,-2.03%,-4.39%
EVAC,EQV Ventures Acquisition Corp. II,602.60M,-,-,-,-,-,-,-,-,-
BCSS,Bain Capital GSS Investment Corp.,602.40M,-,-,-,-,-,-,-,-,-
AHG,Akso Health Group,599.69M,0,-,-,-,-,-,-,-,-
CLMB,"Climb Global Solutions, Inc.",599.65M,0.04,0.13%,3.83%,-,-,-,23,-,-
CXII,Churchill Capital Corp XII,599.38M,-,-,-,-,-,-,-,-,-
AQST,"Aquestive Therapeutics, Inc.",597.44M,-,-,-,-,-,-,-,-,-
NTGR,"NETGEAR, Inc.",596.58M,-,-,-,-,-,-,-,-,-
FWDI,"Forward Industries, Inc.",595.21M,0,-,-,-,-,-,-,3.23%,11.97%
CRD.A,Crawford & Company,594.90M,0.32,2.59%,67.42%,7.02%,Quarterly,3,16,6.85%,5.81%
RMR,The RMR Group Inc.,594.45M,1.80,9.75%,427.11%,-,Quarterly,4,11,4.00%,3.44%
BXC,BlueLinx Holdings Inc.,593.05M,0,-,-,-,-,-,-,-,-
JBI,"Janus International Group, Inc.",592.13M,-,-,-,-,-,-,-,-,-
VTEX,VTEX,591.89M,-,-,-,-,-,-,-,-,-
KELYB,"Kelly Services, Inc.",591.20M,0.30,1.32%,-,-,Quarterly,-,16,-,43.10%
ARRY,"Array Technologies, Inc.",590.62M,-,-,-,-,-,-,-,-,-
KIDS,OrthoPediatrics Corp.,590.08M,-,-,-,-,-,-,-,-,-
WEAV,"Weave Communications, Inc.",589.19M,-,-,-,-,-,-,-,-,-
IBEX,IBEX Limited,588.84M,-,-,-,-,-,-,-,-,-
CBNK,"Capital Bancorp, Inc.",588.66M,0.56,1.55%,14.65%,19.05%,Quarterly,4,6,24.36%,-
CEPF,"Cantor Equity Partners IV, Inc.",588.65M,-,-,-,-,-,-,-,-,-
CTMX,"CytomX Therapeutics, Inc.",587.24M,-,-,-,-,-,-,-,-,-
REAX,Real REMAX Group Inc.,587.21M,-,-,-,-,-,-,-,-,-
AHRT,AH REALTY TRUST INC,586.65M,0.56,9.48%,-,-10.40%,Quarterly,-,14,-10.07%,-0.70%
FBIZ,"First Business Financial Services, Inc.",584.95M,1.36,1.94%,19.98%,16.96%,Quarterly,13,22,14.18%,13.19%
AGNT,"AGNT, Inc",584.91M,0.20,5.71%,-,-,Quarterly,-,6,2.63%,-
OOMA,"Ooma, Inc.",584.71M,-,-,-,-,-,-,-,-,-
PHAT,"Phathom Pharmaceuticals, Inc.",584.61M,-,-,-,-,-,-,-,-,-
DDD,3D Systems Corporation,583.18M,-,-,-,-,-,-,-,-,-
GCBC,"Greene County Bancorp, Inc.",581.76M,0.44,1.29%,18.26%,10.81%,Quarterly,12,27,12.24%,10.85%
LMB,"Limbach Holdings, Inc.",580.27M,-,-,-,-,-,-,-,-,-
MPLT,"MapLight Therapeutics, Inc.",580.21M,-,-,-,-,-,-,-,-,-
SSII,"SS Innovations International, Inc.",580.12M,-,-,-,-,-,-,-,-,-
ALOY,REalloys Inc.,579.50M,-,-,-,-,-,-,-,-,-
KRNY,Kearny Financial Corp.,579.30M,0.44,4.75%,76.28%,-,Quarterly,-,12,-,3.53%
CCB,Coastal Financial Corporation,578.43M,-,-,-,-,-,-,-,-,-
EVO,Evotec SE,578.01M,-,-,-,-,-,-,-,-,-
ENRD,Einride AB,577.96M,-,-,-,-,-,-,-,-,-
GOTU,Gaotu Techedu Inc.,575.88M,-,-,-,-,-,-,-,-,-
ALT,"Altimmune, Inc.",575.77M,-,-,-,-,-,-,-,-,-
BWB,"Bridgewater Bancshares, Inc.",575.24M,-,-,-,-,-,-,-,-,-
VALN,Valneva SE,574.88M,-,-,-,-,-,-,-,-,-
KELYA,"Kelly Services, Inc.",574.47M,0.30,1.83%,-,-,Quarterly,-,16,-,43.10%
NCDL,Nuveen Churchill Direct Lending Corp.,574.37M,1.61,13.83%,-,-15.26%,Quarterly,-,3,-,-
SPT,"Sprout Social, Inc.",573.81M,-,-,-,-,-,-,-,-,-
METC,"Ramaco Resources, Inc.",572.51M,0,-,-,-,-,-,-,-,-
DCBO,Docebo Inc.,571.50M,-,-,-,-,-,-,-,-,-
HY,"Hyster-Yale, Inc.",570.54M,1.46,4.59%,-,2.11%,Quarterly,13,15,3.84%,2.53%
LOT,Lotus Technology Inc.,569.27M,-,-,-,-,-,-,-,-,-
SFST,"Southern First Bancshares, Inc.",568.87M,-,-,-,-,-,-,-,-,-
ELMT,The Elmet Group Co.,568.37M,-,-,-,-,-,-,-,-,-
TMS,Teamshares Inc.,568.27M,-,-,-,-,-,-,-,-,-
GRNT,"Granite Ridge Resources, Inc.",567.83M,0.44,10.14%,-,-,Quarterly,-,5,2.38%,-
NGNE,Neurogene Inc.,567.12M,-,-,-,-,-,-,-,-,-
IIIN,Insteel Industries Inc.,566.62M,0.12,0.41%,6.42%,-,Quarterly,-,22,-19.16%,-7.12%
HNST,"The Honest Company, Inc.",566.46M,-,-,-,-,-,-,-,-,-
MNPR,Monopar Therapeutics Inc.,565.94M,-,-,-,-,-,-,-,-,-
XMAX,XMax Inc.,565.87M,-,-,-,-,-,-,-,-,-
EBF,"Ennis, Inc.",564.91M,1.05,4.69%,68.67%,1.25%,Quarterly,-,54,0.41%,1.28%
CRD.B,Crawford & Company,564.56M,0.32,2.73%,67.42%,7.02%,Quarterly,3,16,6.85%,5.81%
METCB,"Ramaco Resources, Inc.",563.88M,0,-,-,-,-,-,3,-,-
PAR,PAR Technology Corporation,563.77M,-,-,-,-,-,-,-,-,-
MAX,"MediaAlpha, Inc.",563.63M,-,-,-,-,-,-,-,-,-
CTGO,Contango Silver & Gold Inc.,563.56M,-,-,-,-,-,-,-,-,-
UNTY,"Unity Bancorp, Inc.",561.88M,0.64,1.14%,11.13%,14.29%,Quarterly,12,14,10.84%,13.49%
ALLO,"Allogene Therapeutics, Inc.",561.42M,-,-,-,-,-,-,-,-,-
OCS,Oculis Holding AG,560.53M,-,-,-,-,-,-,-,-,-
CARS,Cars.com Inc.,559.42M,-,-,-,-,-,-,-,-,-
FBRT,"Franklin BSP Realty Trust, Inc.",559.31M,0.80,11.70%,216.82%,-32.75%,Quarterly,-,6,-12.39%,-
YB,Yuanbao Inc.,558.03M,1.26,10.43%,-,-,-,-,1,-,-
CIVB,"Civista Bancshares, Inc.",555.41M,0.72,2.67%,26.72%,5.97%,Quarterly,14,16,6.37%,7.70%
TMQ,Trilogy Metals Inc.,554.72M,-,-,-,-,-,-,-,-,-
ADTN,"ADTRAN Holdings, Inc.",553.94M,0,-,-,-,-,-,-,-,-
ITRG,Integra Resources Corp.,553.89M,-,-,-,-,-,-,-,-,-
AEXA,American Exceptionalism Acquisition Corp. A,551.49M,-,-,-,-,-,-,-,-,-
TLRY,"Tilray Brands, Inc.",551.39M,-,-,-,-,-,-,-,-,-
RYAM,Rayonier Advanced Materials Inc.,551.30M,0,-,-,-,-,-,-,-,-
DCTH,"Delcath Systems, Inc.",548.24M,-,-,-,-,-,-,-,-,-
MSIF,"MSC Income Fund, Inc.",547.77M,1.44,11.93%,50.62%,-,Monthly,-,2,-,-
NVRI,Enviri Corporation,546.82M,15.00,77.32%,-,-,-,-,1,182.37%,86.42%
ENVX,Enovix Corporation,546.80M,-,-,-,-,-,-,-,-,-
NOAH,Noah Holdings Limited,546.74M,0.69,8.77%,106.68%,16.40%,Annual,-,4,53.90%,29.52%
NRIM,"Northrim BanCorp, Inc.",545.66M,0.68,2.75%,22.38%,2.36%,Quarterly,16,32,4.17%,12.08%
ITIC,Investors Title Company,545.63M,10.56,3.67%,49.49%,-33.33%,Quarterly,-,44,29.70%,-8.87%
BMM,Blue Moon Metals Inc.,545.15M,-,-,-,-,-,-,-,-,-
NRDS,"NerdWallet, Inc.",544.95M,-,-,-,-,-,-,-,-,-
AUXX,Gold X2 Mining Inc.,543.92M,-,-,-,-,-,-,-,-,-
HUYA,HUYA Inc.,542.37M,0.13,5.23%,-,-94.98%,Annual,-,3,-,-
GAU,Galiano Gold Inc.,540.28M,-,-,-,-,-,-,-,-,-
TITN,Titan Machinery Inc.,538.96M,-,-,-,-,-,-,-,-,-
UHT,Universal Health Realty Income Trust,538.16M,3.00,7.76%,215.10%,1.36%,Quarterly,42,42,1.37%,1.39%
WTI,"W&T Offshore, Inc.",537.36M,0.04,1.12%,-,-,Quarterly,-,4,58.74%,31.95%
CMDB,Costamare Bulkers Holdings Limited,537.06M,-,-,-,-,-,-,-,-,-
MTC,"MMTec, Inc.",535.78M,-,-,-,-,-,-,-,-,-
ETD,Ethan Allen Interiors Inc.,535.30M,1.81,8.51%,308.33%,165.75%,Quarterly,-,31,37.26%,12.16%
CWH,"Camping World Holdings, Inc.",535.21M,0.13,2.41%,-,-,-,-,10,-41.52%,-19.47%
BSVN,Bank7 Corp.,533.45M,1.20,2.14%,27.46%,12.12%,Quarterly,5,8,17.17%,20.33%
PACB,"Pacific Biosciences of California, Inc.",533.07M,-,-,-,-,-,-,-,-,-
SDHC,Smith Douglas Homes Corp.,530.65M,-,-,-,-,-,-,-,-,-
BWAY,BrainsWay Ltd.,530.61M,-,-,-,-,-,-,-,-,-
ROMA,Roma Green Finance Limited,530.12M,-,-,-,-,-,-,-,-,-
LAES,SEALSQ Corp,529.98M,-,-,-,-,-,-,-,-,-
HBCP,"Home Bancorp, Inc.",529.62M,1.28,1.90%,20.90%,14.68%,Quarterly,11,13,8.08%,6.79%
EPRX,Eupraxia Pharmaceuticals Inc.,527.23M,-,-,-,-,-,-,-,-,-
HKD,AMTD Digital Inc.,526.42M,-,-,-,-,-,-,-,-,-
NVEC,NVE Corporation,525.61M,4.00,3.66%,107.51%,-,Quarterly,-,12,-,-
EOLS,"Evolus, Inc.",524.77M,-,-,-,-,-,-,-,-,-
WRN,Western Copper and Gold Corporation,524.72M,-,-,-,-,-,-,-,-,-
PANL,Pangaea Logistics Solutions Ltd.,524.44M,0.40,4.99%,34.47%,-16.67%,Quarterly,-,6,-14.50%,22.67%
FVR,"FrontView REIT, Inc.",523.38M,0.86,4.85%,-,-,Quarterly,1,3,-,-
NPB,"Northpointe Bancshares, Inc.",522.53M,0.10,0.66%,4.31%,-,Quarterly,-,2,-,-
OPFI,OppFi Inc.,521.47M,0,-,-,-,-,1,2,-,-
SENS,"Senseonics Holdings, Inc.",519.75M,-,-,-,-,-,-,-,-,-
SBC,SBC Medical Group Holdings Incorporated,518.35M,-,-,-,-,-,-,-,-,-
TCMD,"Tactile Systems Technology, Inc.",517.15M,-,-,-,-,-,-,-,-,-
BWFG,"Bankwell Financial Group, Inc.",516.92M,0.80,1.20%,14.85%,-,Quarterly,-,12,-,5.92%
SLDP,"Solid Power, Inc.",516.83M,-,-,-,-,-,-,-,-,-
WNC,Wabash National Corporation,516.55M,0.32,2.53%,-,-,Quarterly,-,10,-,-
DRUG,Bright Minds Biosciences Inc.,515.74M,-,-,-,-,-,-,-,-,-
ONT,"Onterris, Inc.",514.47M,-,-,-,-,-,-,-,-,-
PRME,"Prime Medicine, Inc.",513.25M,-,-,-,-,-,-,-,-,-
BRSP,"BrightSpire Capital, Inc.",512.42M,0.64,15.73%,-,-,Quarterly,-,9,-7.17%,9.86%
FWRD,Forward Air Corporation,512.12M,0,-,-,-,-,-,-,8.58%,8.79%
SGHT,"Sight Sciences, Inc.",509.56M,-,-,-,-,-,-,-,-,-
BSRR,Sierra Bancorp,509.04M,1.08,2.72%,30.56%,5.05%,Quarterly,2,31,4.17%,4.36%
NXRT,"NexPoint Residential Trust, Inc.",508.69M,2.12,10.69%,-,3.92%,Quarterly,10,12,8.06%,9.20%
PBYI,"Puma Biotechnology, Inc.",507.94M,-,-,-,-,-,-,-,-,-
NB,NioCorp Developments Ltd.,506.83M,-,-,-,-,-,-,-,-,-
OBT,"Orange County Bancorp, Inc.",506.42M,0.72,1.91%,20.30%,39.81%,Quarterly,4,19,16.11%,12.47%
CAPR,"Capricor Therapeutics, Inc.",506.39M,-,-,-,-,-,-,-,-,-
HBB,Hamilton Beach Brands Holding Company,506.37M,0.50,1.34%,11.76%,4.26%,Quarterly,8,10,4.45%,4.67%
OIO,OIO Group,506.37M,-,-,-,-,-,-,-,-,-
SD,"SandRidge Energy, Inc.",504.42M,0.52,3.79%,23.21%,11.11%,Quarterly,-,4,-,-
MCTA,Charming Medical Limited,504.26M,-,-,-,-,-,-,-,-,-
SWRD,Stewards Inc.,502.54M,-,-,-,-,-,-,-,-,-
DNUT,"Krispy Kreme, Inc.",502.28M,0,-,-,-,-,-,5,-,-
NWAX,New America Acquisition I Corp.,501.98M,-,-,-,-,-,-,-,-,-
MEI,"Methode Electronics, Inc.",500.81M,0.20,1.43%,-,-50.00%,Quarterly,-,45,-29.05%,-16.74%
BBCP,"Concrete Pumping Holdings, Inc.",500.41M,0.52,5.32%,78.58%,-,-,-,1,-,-
OIS,"Oil States International, Inc.",499.47M,-,-,-,-,-,-,-,-,-
CSV,"Carriage Services, Inc.",498.86M,0.45,1.44%,16.09%,-,Quarterly,-,16,-,2.38%
AAC,Ares Acquisition Corporation III,498.39M,-,-,-,-,-,-,-,-,-
XIII,Churchill Capital Corp XIII,498.01M,-,-,-,-,-,-,-,-,-
YORW,The York Water Company,497.57M,0.91,2.99%,56.69%,4.01%,Quarterly,29,53,4.00%,4.00%
AMCX,AMC Global Media Inc.,497.47M,-,-,-,-,-,-,-,-,-
KRSP,Rice Acquisition Corporation 3,496.83M,-,-,-,-,-,-,-,-,-
KMDA,Kamada Ltd.,496.72M,0.42,4.86%,110.25%,-,Semi-Annual,-,1,-,-
MTLS,Materialise NV,496.16M,-,-,-,-,-,-,-,-,-
GFUZ,General Fusion Group Ltd.,496.00M,-,-,-,-,-,-,-,-,-
YDES,YD Bio Limited,495.82M,-,-,-,-,-,-,-,-,-
AUTL,Autolus Therapeutics plc,495.06M,-,-,-,-,-,-,-,-,-
COFS,"ChoiceOne Financial Services, Inc.",494.43M,1.16,3.51%,31.96%,3.57%,Quarterly,5,33,3.71%,4.97%
ESEA,Euroseas Ltd.,493.51M,3.20,4.56%,15.64%,17.31%,Quarterly,3,5,15.10%,43.57%
RGNX,REGENXBIO Inc.,493.45M,-,-,-,-,-,-,-,-,-
BDN,Brandywine Realty Trust,492.89M,0.32,11.37%,-,-39.62%,Quarterly,-,33,-23.69%,-15.89%
WTBA,"West Bancorporation, Inc.",492.73M,1.04,3.60%,46.19%,1.00%,Quarterly,-,16,0.33%,2.11%
ORBS,Eightco Holdings Inc.,492.10M,-,-,-,-,-,-,-,-,-
AGMB,AgomAb Therapeutics NV,491.99M,-,-,-,-,-,-,-,-,-
PBAM,"Private Bancorp of America, Inc.",491.96M,-,-,-,-,-,-,-,-,-
TKNO,"Alpha Teknova, Inc.",491.78M,-,-,-,-,-,-,-,-,-
CERS,Cerus Corporation,491.72M,-,-,-,-,-,-,-,-,-
ARVN,"Arvinas, Inc.",491.38M,-,-,-,-,-,-,-,-,-
MLAA,Mountain Lake Acquisition Corp. II,490.29M,-,-,-,-,-,-,-,-,-
OWLS,Obook Holdings Inc.,490.25M,-,-,-,-,-,-,-,-,-
AII,"American Integrity Insurance Group, Inc.",488.27M,1.02,4.08%,22.52%,-,-,-,1,-,-
NEXN,Nexxen International Ltd.,488.11M,-,-,-,-,-,-,-,-,-
PDLB,"Ponce Financial Group, Inc.",488.11M,-,-,-,-,-,-,-,-,-
MFI,mF International Limited,486.71M,-,-,-,-,-,-,-,-,-
TRTX,"TPG RE Finance Trust, Inc.",486.33M,0.96,15.12%,175.00%,-,Quarterly,-,10,-,-1.21%
XRN,Chiron Real Estate Inc.,485.70M,1.92,5.41%,66.65%,-,Monthly,-,13,-16.33%,-9.71%
PROK,ProKidney Corp.,485.23M,-,-,-,-,-,-,-,-,-
NPCE,"NeuroPace, Inc.",484.32M,-,-,-,-,-,-,-,-,-
ILPT,Industrial Logistics Properties Trust,483.91M,0.40,5.54%,-,212.50%,Quarterly,1,9,84.20%,-28.31%
GLRE,"Greenlight Capital Re, Ltd.",483.74M,-,-,-,-,-,-,-,-,-
MCFT,"MasterCraft Boat Holdings, Inc.",483.62M,0,-,-,-,-,-,-,-,-
JKS,"JinkoSolar Holding Co., Ltd.",483.38M,1.50,16.20%,-,15.63%,Annual,-,4,-,-
OVID,Ovid Therapeutics Inc.,482.39M,-,-,-,-,-,-,-,-,-
OLP,"One Liberty Properties, Inc.",481.68M,1.80,8.15%,113.71%,-,Quarterly,-,36,-,-
MASS,908 Devices Inc.,481.12M,-,-,-,-,-,-,-,-,-
ASMB,"Assembly Biosciences, Inc.",480.92M,-,-,-,-,-,-,-,-,-
QUAD,"Quad/Graphics, Inc.",480.65M,0.40,4.25%,59.42%,36.36%,Quarterly,2,3,95.74%,-16.06%
ALTI,"AlTi Global, Inc.",479.39M,-,-,-,-,-,-,-,-,-
CTNM,"Contineum Therapeutics, Inc.",478.16M,-,-,-,-,-,-,-,-,-
BRTM,B&R Technology Merger Corp.,478.14M,-,-,-,-,-,-,-,-,-
ARKO,Arko Corp.,476.23M,0.12,2.82%,148.27%,-,Quarterly,-,5,-,-
SPCE,"Virgin Galactic Holdings, Inc.",475.25M,-,-,-,-,-,-,-,-,-
CRAN,Crane Harbor Acquisition Corp. II,473.69M,-,-,-,-,-,-,-,-,-
KRUS,"Kura Sushi USA, Inc.",473.60M,-,-,-,-,-,-,-,-,-
FMAO,"Farmers & Merchants Bancorp, Inc.",473.17M,0.92,2.63%,31.62%,3.67%,Quarterly,16,30,2.99%,6.17%
GTEN,"Gores Holdings X, Inc.",472.84M,-,-,-,-,-,-,-,-,-
CIX,CompX International Inc.,471.88M,2.20,5.75%,67.20%,-45.45%,Quarterly,-,28,6.27%,11.38%
DDL,Dingdong (Cayman) Limited,470.83M,-,-,-,-,-,-,-,-,-
FPI,Farmland Partners Inc.,468.95M,0.36,3.36%,96.15%,-61.87%,Quarterly,-,13,30.22%,21.52%
GCGR,General Catalyst Global Resilience Merger Corp.,467.40M,-,-,-,-,-,-,-,-,-
CMCO,Columbus McKinnon Corporation,467.21M,0.28,1.71%,-,-,Quarterly,-,13,-,3.13%
ENTX,Entera Bio Ltd.,466.62M,-,-,-,-,-,-,-,-,-
CLPT,"ClearPoint Neuro, Inc.",466.41M,-,-,-,-,-,-,-,-,-
PWRL,Powerlaw Corp.,466.16M,0.08,0.75%,-,-,-,-,1,-,-
TATT,TAT Technologies Ltd.,466.05M,0,-,-,-,-,-,-,43.50%,19.15%
APXT,Apex Treasury Corporation,466.03M,-,-,-,-,-,-,-,-,-
ULH,"Universal Logistics Holdings, Inc.",465.92M,0.42,2.46%,-,-,Quarterly,-,16,-,-
RWT,"Redwood Trust, Inc.",464.77M,0.72,19.38%,-,-,Quarterly,1,32,-2.63%,0.85%
SRTA,"Strata Critical Medical, Inc.",464.45M,-,-,-,-,-,-,-,-,-
GRVY,"Gravity Co., Ltd.",463.91M,-,-,-,-,-,-,-,-,-
LXFR,Luxfer Holdings PLC,462.27M,0.52,3.01%,147.82%,-,Quarterly,-,9,-,0.79%
MBUU,"Malibu Boats, Inc.",461.59M,-,-,-,-,-,-,-,-,-
ECC,Eagle Point Credit Company,461.55M,0.72,20.75%,-,-42.86%,Monthly,-,13,-19.79%,-3.38%
CLB,Core Laboratories Inc.,460.22M,0.04,0.39%,7.68%,-,Quarterly,-,19,-,-
ASTL,Algoma Steel Group Inc.,459.63M,0,-,-,-,-,-,4,-,-
SPIR,"Spire Global, Inc.",459.60M,-,-,-,-,-,-,-,-,-
SLI,Standard Lithium Ltd.,459.07M,-,-,-,-,-,-,-,-,-
TECX,"Tectonic Therapeutic, Inc.",458.82M,-,-,-,-,-,-,-,-,-
VHI,"Valhi, Inc.",458.24M,0.32,2.02%,-,-,Quarterly,-,40,-,-
CZNC,Citizens & Northern Corporation,458.06M,1.12,4.37%,76.03%,-,Quarterly,-,40,-,0.36%
BCCQ,Bleichroeder Acquisition Corp. III,457.70M,-,-,-,-,-,-,-,-,-
JOUT,Johnson Outdoors Inc.,457.69M,1.32,2.98%,-,-,Quarterly,-,14,1.56%,7.26%
IDR,"Idaho Strategic Resources, Inc.",456.74M,-,-,-,-,-,-,-,-,-
GTN.A,"Gray Media, Inc.",455.24M,0.32,6.56%,-,-,Quarterly,-,6,-,5.92%
KDK,"Kodiak AI, Inc.",453.40M,-,-,-,-,-,-,-,-,-
VRRM,Verra Mobility Corporation,452.15M,-,-,-,-,-,-,-,-,-
GHXI,"Gores Holdings XI, Inc.",451.49M,-,-,-,-,-,-,-,-,-
ZKH,ZKH Group Limited,451.33M,-,-,-,-,-,-,-,-,-
TWI,"Titan International, Inc.",451.15M,0,-,-,-,-,-,-,-,-
ADUR,Aduro Clean Technologies Inc.,450.28M,-,-,-,-,-,-,-,-,-
URG,Ur-Energy Inc.,450.26M,-,-,-,-,-,-,-,-,-
GTN,"Gray Media, Inc.",449.22M,0.32,6.97%,-,-,Quarterly,-,6,-,5.92%
CMCL,Caledonia Mining Corporation Plc,448.77M,0.56,2.41%,16.13%,-,Quarterly,-,14,-,4.01%
PRTA,Prothena Corporation plc,447.66M,-,-,-,-,-,-,-,-,-
DMAC,DiaMedica Therapeutics Inc.,446.50M,-,-,-,-,-,-,-,-,-
CDRO,"Codere Online Luxembourg, S.A.",446.06M,-,-,-,-,-,-,-,-,-
RBB,RBB Bancorp,445.90M,0.64,2.42%,26.24%,-,Quarterly,-,10,1.06%,6.37%
IEAG,Infinite Eagle Acquisition Corp.,444.77M,-,-,-,-,-,-,-,-,-
TRC,Tejon Ranch Co.,443.56M,0,-,-,-,-,-,-,-,-
MRAM,"Everspin Technologies, Inc.",443.41M,-,-,-,-,-,-,-,-,-
KBON,Karbon Capital Partners Corp.,443.23M,-,-,-,-,-,-,-,-,-
NRC,NRC Health,442.61M,0.64,3.18%,266.23%,33.33%,Quarterly,1,13,10.06%,12.20%
WEYS,"Weyco Group, Inc.",442.25M,1.12,2.39%,30.73%,1.31%,Quarterly,3,56,46.80%,26.42%
CWCO,Consolidated Water Co. Ltd.,441.63M,0.56,2.03%,55.68%,12.00%,Quarterly,1,30,16.96%,10.49%
MBVI,M3-Brigade Acquisition Vi Corp.,441.60M,-,-,-,-,-,-,-,-,-
AMSF,"AMERISAFE, Inc.",439.75M,2.64,11.11%,105.62%,-42.29%,Quarterly,-,14,-21.08%,-10.80%
BMRC,Bank of Marin Bancorp,439.34M,1.00,3.64%,-,-,Quarterly,-,22,-,1.46%
FRBA,First Bank,439.14M,0.36,2.04%,19.30%,37.50%,Quarterly,-,10,11.20%,22.42%
RZLT,"Rezolute, Inc.",438.99M,-,-,-,-,-,-,-,-,-
CBK,"Commercial Bancgroup, Inc.",438.44M,0.48,1.50%,10.86%,-,Quarterly,-,1,-,-
IMSR,Terrestrial Energy Inc.,437.51M,-,-,-,-,-,-,-,-,-
IACO,Idea Acquisition Corp.,437.50M,-,-,-,-,-,-,-,-,-
CBAN,"Colony Bankcorp, Inc.",436.73M,0.48,2.34%,28.82%,3.83%,Quarterly,8,10,2.78%,3.11%
HVT.A,"Haverty Furniture Companies, Inc.",436.01M,1.24,4.46%,89.90%,3.33%,Quarterly,1,17,-15.15%,-14.79%
INDP,"Indaptus Therapeutics, Inc.",435.70M,-,-,-,-,-,-,-,-,-
NMG,Nouveau Monde Graphite Inc.,435.36M,-,-,-,-,-,-,-,-,-
GLAD,Gladstone Capital Corporation,435.26M,1.80,9.34%,95.47%,-20.16%,Monthly,-,26,1.65%,4.88%
MESH,Meshflow Acquisition Corp.,434.70M,-,-,-,-,-,-,-,-,-
HVT,"Haverty Furniture Companies, Inc.",434.44M,1.32,4.74%,95.70%,3.13%,Quarterly,1,52,-15.14%,-14.80%
PLBC,Plumas Bancorp,434.03M,1.32,2.12%,25.99%,10.26%,Quarterly,5,11,12.34%,19.03%
PBFS,"Pioneer Bancorp, Inc.",434.00M,-,-,-,-,-,-,-,-,-
DBCA,D. Boral Acquisition I Corp.,433.58M,-,-,-,-,-,-,-,-,-
ACIC,American Coastal Insurance Corporation,433.06M,0.75,8.08%,37.12%,50.00%,-,1,2,46.20%,25.59%
DGXX,Digi Power X Inc.,431.71M,-,-,-,-,-,-,-,-,-
KRAQ,KRAKacquisition Corp.,431.68M,-,-,-,-,-,-,-,-,-
CAL,"Caleres, Inc.",431.31M,0.28,2.24%,18.15%,-,Quarterly,-,56,-,-
ASPN,"Aspen Aerogels, Inc.",430.71M,-,-,-,-,-,-,-,-,-
MEC,"Mayville Engineering Company, Inc.",429.43M,-,-,-,-,-,-,-,-,-
XRX,Xerox Holdings Corporation,429.40M,0.10,3.06%,-,-76.47%,Quarterly,-,20,-53.58%,-36.90%
EIKN,"Eikon Therapeutics, Inc.",428.99M,-,-,-,-,-,-,-,-,-
IPI,"Intrepid Potash, Inc.",428.93M,0,-,-,-,-,-,-,-,-
LOCO,"El Pollo Loco Holdings, Inc.",428.80M,0,-,-,-,-,-,-,-,-
ECX,ECARX Holdings Inc.,428.69M,-,-,-,-,-,-,-,-,-
GLOO,"Gloo Holdings, Inc.",428.37M,-,-,-,-,-,-,-,-,-
ASIX,AdvanSix Inc.,426.89M,0.64,4.00%,-,-,Quarterly,-,6,2.46%,-
ATNI,"ATN International, Inc.",426.42M,1.16,4.07%,11.19%,9.71%,Quarterly,4,29,10.39%,10.69%
MAGN,Magnera Corporation,425.30M,-,-,-,-,-,-,-,-,-
AGEN,Agenus Inc.,425.22M,-,-,-,-,-,-,-,-,-
NGS,"Natural Gas Services Group, Inc.",423.32M,0.60,1.82%,32.50%,-,Quarterly,-,2,-,-
SMC,Summit Midstream Corporation,422.74M,0,-,-,-,-,-,-,-24.56%,-14.17%
ALLT,Allot Ltd.,422.71M,-,-,-,-,-,-,-,-,-
KYTX,"Kyverna Therapeutics, Inc.",421.77M,-,-,-,-,-,-,-,-,-
GNE,Genie Energy Ltd.,420.85M,0.30,1.88%,31.12%,-,Quarterly,-,5,-,31.95%
IRD,"Opus Genetics, Inc.",420.55M,-,-,-,-,-,-,-,-,-
ACTG,Acacia Research Corporation,420.11M,0,-,-,-,-,-,-,-,-
EVGO,"EVgo, Inc.",419.88M,-,-,-,-,-,-,-,-,-
SGU,"Star Group, L.P.",419.66M,0.79,6.16%,35.54%,6.99%,Quarterly,13,18,6.69%,6.82%
MNRO,"Monro, Inc.",419.25M,1.12,8.35%,500.40%,-,Quarterly,-,22,-,3.57%
TRX,TRX Gold Corporation,419.24M,-,-,-,-,-,-,-,-,-
KFII,K&F Growth Acquisition Corp. II,418.86M,-,-,-,-,-,-,-,-,-
AVIR,"Atea Pharmaceuticals, Inc.",417.87M,-,-,-,-,-,-,-,-,-
USCB,"USCB Financial Holdings, Inc.",417.62M,0.50,2.22%,30.94%,35.71%,Quarterly,1,3,-,-
CLFD,"Clearfield, Inc.",417.43M,-,-,-,-,-,-,-,-,-
VITL,"Vital Farms, Inc.",416.87M,-,-,-,-,-,-,-,-,-
NATH,"Nathan's Famous, Inc.",415.73M,2.00,1.97%,93.15%,125.00%,Quarterly,1,9,33.30%,26.30%
SCTX,Scribe Therapeutics Inc.,414.60M,-,-,-,-,-,-,-,-,-
CTRN,"Citi Trends, Inc.",413.75M,0,-,-,-,-,-,-,10.06%,-
ARCT,Arcturus Therapeutics Holdings Inc.,412.13M,-,-,-,-,-,-,-,-,-
EVH,"Evolent Health, Inc.",411.54M,-,-,-,-,-,-,-,-,-
SPRY,"ARS Pharmaceuticals, Inc.",410.22M,-,-,-,-,-,-,-,-,-
RLGT,"Radiant Logistics, Inc.",410.09M,-,-,-,-,-,-,-,-,-
ADV,Advantage Solutions Inc.,410.05M,-,-,-,-,-,-,-,-,-
QNC,Quantum eMotion Corp.,409.72M,-,-,-,-,-,-,-,-,-
ARQQ,Arqit Quantum Inc.,409.38M,-,-,-,-,-,-,-,-,-
CLBR,Colombier Acquisition Corp. III,408.17M,-,-,-,-,-,-,-,-,-
FRPH,"FRP Holdings, Inc.",404.89M,-,-,-,-,-,-,-,-,-
RLMD,"Relmada Therapeutics, Inc.",404.81M,-,-,-,-,-,-,-,-,-
MYGN,"Myriad Genetics, Inc.",404.60M,-,-,-,-,-,-,-,-,-
ISTR,Investar Holding Corporation,404.36M,0.48,1.64%,19.38%,6.98%,Quarterly,11,13,5.66%,9.29%
LAND,Gladstone Land Corporation,403.54M,0.56,5.99%,-,-,Monthly,11,14,0.52%,0.75%
OSPR,Osprey Acquisition Corp. III,402.98M,-,-,-,-,-,-,-,-,-
NPAC,New Providence Acquisition Corp. III,402.72M,-,-,-,-,-,-,-,-,-
BTQ,BTQ Technologies Corp.,402.60M,-,-,-,-,-,-,-,-,-
MNTK,"Montauk Renewables, Inc.",402.52M,-,-,-,-,-,-,-,-,-
PRLD,Prelude Therapeutics Incorporated,401.68M,-,-,-,-,-,-,-,-,-
OFIX,Orthofix Medical Inc.,401.22M,-,-,-,-,-,-,-,-,-
CGC,Canopy Growth Corporation,400.95M,-,-,-,-,-,-,-,-,-
ASPI,ASP Isotopes Inc.,400.90M,-,-,-,-,-,-,-,-,-
AVBC,"Avidia Bancorp, Inc.",400.56M,0.24,1.11%,16.94%,-,Quarterly,-,1,-,-
MEVO,M Evo Global Acquisition Corp II,400.40M,-,-,-,-,-,-,-,-,-
BOC,Boston Omaha Corporation,399.18M,-,-,-,-,-,-,-,-,-
GMTL,Guardian Metal Resources PLC,398.51M,-,-,-,-,-,-,-,-,-
OPTU,"Optimum Communications, Inc.",398.45M,0,-,-,-,-,-,-,-,-
ACCO,ACCO Brands Corporation,397.85M,0.30,6.95%,48.30%,-,Quarterly,-,9,-,2.90%
PHOE,Phoenix Asia Holdings Limited,397.66M,-,-,-,-,-,-,-,-,-
GALT,Galectin Therapeutics Inc.,397.35M,-,-,-,-,-,-,-,-,-
PKBK,"Parke Bancorp, Inc.",396.36M,0.80,2.37%,20.80%,5.56%,Quarterly,-,13,1.82%,3.50%
FSTR,L.B. Foster Company,395.12M,0,-,-,-,-,-,-,11.64%,16.36%
CYH,"Community Health Systems, Inc.",394.38M,0,-,-,-,-,-,-,-,-
ZURA,Zura Bio Limited,394.34M,-,-,-,-,-,-,-,-,-
RMNI,"Rimini Street, Inc.",393.96M,-,-,-,-,-,-,-,-,-
CZFS,"Citizens Financial Services, Inc.",392.97M,2.04,2.52%,23.63%,2.53%,Quarterly,4,34,2.20%,2.58%
CHMG,Chemung Financial Corporation,392.95M,1.36,1.67%,19.98%,6.98%,Quarterly,1,53,3.63%,3.90%
VGZ,Vista Gold Corp.,392.66M,-,-,-,-,-,-,-,-,-
ZKP,Lafayette Digital Acquisition Corp. I,392.11M,-,-,-,-,-,-,-,-,-
TACO,Berto Acquisition Corp.,392.07M,-,-,-,-,-,-,-,-,-
RDAG,Republic Digital Acquisition Company,391.50M,-,-,-,-,-,-,-,-,-
FCBM,"First Carolina Financial Services, Inc.",391.47M,-,-,-,-,-,-,-,-,-
WENN,Wen Acquisition Corp.,390.57M,-,-,-,-,-,-,-,-,-
GUAC,Berto Acquisition Corp. II,390.33M,-,-,-,-,-,-,-,-,-
KPLT,"Katapult Holdings, Inc.",390.25M,-,-,-,-,-,-,-,-,-
TRVG,trivago N.V.,389.48M,0,-,-,-,-,-,-,-,-
ALF,Centurion Acquisition Corp.,388.48M,-,-,-,-,-,-,-,-,-
OXM,"Oxford Industries, Inc.",388.09M,2.80,10.81%,-,1.82%,Quarterly,5,56,3.73%,13.83%
CARL,"Carlsmed, Inc.",387.43M,-,-,-,-,-,-,-,-,-
EDIT,"Editas Medicine, Inc.",387.02M,-,-,-,-,-,-,-,-,-
MVBF,MVB Financial Corp.,386.95M,0.68,2.27%,22.95%,-,Quarterly,-,19,-,8.61%
BMBL,Bumble Inc.,386.87M,-,-,-,-,-,-,-,-,-
CHCT,Community Healthcare Trust Incorporated,386.76M,1.92,13.46%,265.22%,-6.00%,Quarterly,10,12,-0.61%,0.55%
BNED,"Barnes & Noble Education, Inc.",386.51M,0.32,2.87%,24.80%,-,Quarterly,-,1,-,-
CPS,Cooper-Standard Holdings Inc.,385.59M,-,-,-,-,-,-,-,-,-
VFF,"Village Farms International, Inc.",385.20M,-,-,-,-,-,-,-,-,-
SERV,Serve Robotics Inc.,384.76M,-,-,-,-,-,-,-,-,-
TWIN,"Twin Disc, Incorporated",384.12M,0.16,0.61%,9.14%,6.25%,Quarterly,-,4,61.98%,33.56%
FNLC,"The First Bancorp, Inc.",384.05M,1.52,4.46%,45.11%,2.74%,Quarterly,7,28,2.82%,3.55%
VTVT,vTv Therapeutics Inc.,384.05M,-,-,-,-,-,-,-,-,-
PCB,PCB Bancorp,384.01M,0.88,3.17%,30.33%,10.26%,Quarterly,7,11,9.22%,15.41%
FRST,Primis Financial Corp.,383.89M,0.40,2.58%,18.58%,-,Quarterly,-,15,-,-
FENC,Fennec Pharmaceuticals Inc.,383.63M,-,-,-,-,-,-,-,-,-
PRE,Prenetics Global Limited,383.30M,-,-,-,-,-,-,-,-,-
CCCC,"C4 Therapeutics, Inc.",381.99M,-,-,-,-,-,-,-,-,-
OPRT,Oportun Financial Corporation,381.69M,-,-,-,-,-,-,-,-,-
TTRX,Turn Therapeutics Inc.,381.29M,-,-,-,-,-,-,-,-,-
GCO,Genesco Inc.,380.98M,0,-,-,-,-,-,-,-,-
IIIV,"i3 Verticals, Inc.",380.88M,-,-,-,-,-,-,-,-,-
YICC,Yorkville International Capital Corp.,380.27M,-,-,-,-,-,-,-,-,-
CTEV,Claritev Corporation,380.13M,-,-,-,-,-,-,-,-,-
GRRR,Gorilla Technology Group Inc.,379.91M,-,-,-,-,-,-,-,-,-
KEYY,Keystone Acquisition Corp.,379.88M,-,-,-,-,-,-,-,-,-
TBCV,"Thunder Bridge Capital Partners V, Ltd.",379.60M,-,-,-,-,-,-,-,-,-
TCI,"Transcontinental Realty Investors, Inc.",378.60M,0,-,-,-,-,-,-,35.07%,59.58%
OTLY,Oatly Group AB,378.16M,-,-,-,-,-,-,-,-,-
VOXR,Vox Royalty Corp.,378.00M,0.06,1.12%,8.17%,16.16%,Quarterly,3,5,10.17%,-
GBLI,"Global Indemnity Group, LLC",377.81M,1.40,5.80%,59.28%,-,Quarterly,-,9,11.87%,6.96%
NKLR,Terra Innovatum Global N.V.,376.81M,-,-,-,-,-,-,-,-,-
HFRO.PRB,Highland Funds I - Highland Opportunities and Income Fund,376.21M,1.34,8.61%,-,-,Quarterly,-,2,-,-
VALU,"Value Line, Inc.",375.71M,1.40,3.42%,66.32%,8.00%,Quarterly,11,44,8.40%,9.44%
HACQ,HCM IV Acquisition Corp.,375.25M,-,-,-,-,-,-,-,-,-
ALOV,"Aldabra 4 Liquidity Opportunity Vehicle, Inc.",375.19M,-,-,-,-,-,-,-,-,-
MZYX,MOZAYYX Acquisition Corp.,375.00M,-,-,-,-,-,-,-,-,-
USDE,StablecoinX Inc.,374.02M,-,-,-,-,-,-,-,-,-
SLP,"Simulations Plus, Inc.",373.65M,0,-,-,-,-,-,-,-,-
IKT,"Inhibikase Therapeutics, Inc.",373.25M,-,-,-,-,-,-,-,-,-
AUNA,Auna S.A.,373.03M,-,-,-,-,-,-,-,-,-
SI,"Shoulder Innovations, Inc.",371.62M,-,-,-,-,-,-,-,-,-
FVAV,Fortress Value Acquisition Corp. V,371.49M,-,-,-,-,-,-,-,-,-
PACK,Ranpak Holdings Corp.,371.33M,-,-,-,-,-,-,-,-,-
HTT,High Templar Tech Limited,371.13M,-,-,-,-,-,-,-,-,-
GIW,GigCapital8 Corp.,370.56M,-,-,-,-,-,-,-,-,-
WDH,Waterdrop Inc.,370.08M,0.06,5.83%,23.27%,20.00%,Semi-Annual,-,3,-,-
CINT,CI&T Inc.,369.89M,-,-,-,-,-,-,-,-,-
ENTA,"Enanta Pharmaceuticals, Inc.",369.02M,-,-,-,-,-,-,-,-,-
FDMM,Freedom Metals Acquisition Corp.,368.73M,-,-,-,-,-,-,-,-,-
FCRS,FutureCrest Acquisition Corp.,368.00M,-,-,-,-,-,-,-,-,-
NWFL,Norwood Financial Corp.,367.95M,1.28,3.77%,44.51%,3.23%,Quarterly,27,29,3.34%,4.24%
SDHI,Siddhi Acquisition Corp.,367.54M,-,-,-,-,-,-,-,-,-
KREF,KKR Real Estate Finance Trust Inc.,366.99M,0.40,6.38%,-,-30.00%,Quarterly,-,10,-25.89%,-16.46%
OIM,OneIM Acquisition Corp.,366.80M,-,-,-,-,-,-,-,-,-
STRZ,Starz Entertainment Corp.,366.29M,-,-,-,-,-,-,-,-,-
GIX,GigCapital9 Corp.,365.65M,-,-,-,-,-,-,-,-,-
DIN,"Dine Brands Global, Inc.",365.03M,0.76,2.65%,158.13%,-62.75%,Quarterly,-,14,-28.04%,13.70%
OPI,Office Properties Income Trust,363.99M,-,-,-,-,-,-,-,-,-
WSBF,"Waterstone Financial, Inc.",363.90M,0.68,3.36%,39.30%,10.00%,Quarterly,-,13,-4.17%,-16.23%
ALUB,Alussa Energy Acquisition Corp. II,363.69M,-,-,-,-,-,-,-,-,-
RCEL,"AVITA Medical, Inc.",363.08M,-,-,-,-,-,-,-,-,-
KNOP,KNOT Offshore Partners LP,362.98M,0.30,2.85%,84.84%,70.19%,Quarterly,-,14,-33.36%,-38.91%
TACH,Titan Acquisition Corp,362.94M,-,-,-,-,-,-,-,-,-
JILL,"J.Jill, Inc.",361.02M,0.36,1.48%,20.12%,12.90%,Quarterly,1,3,-,-
FLXS,"Flexsteel Industries, Inc.",360.89M,1.00,1.14%,14.83%,21.62%,Quarterly,2,56,14.47%,10.35%
BKKT,"Bakkt, Inc.",360.78M,-,-,-,-,-,-,-,-,-
RR,Richtech Robotics Inc.,359.04M,-,-,-,-,-,-,-,-,-
SVRE,SaverOne 2014 Ltd.,358.72M,-,-,-,-,-,-,-,-,-
KCHV,Kochav Defense Acquisition Corp.,357.99M,-,-,-,-,-,-,-,-,-
SHOE,Shoe Station Group Inc.,357.87M,0.68,5.13%,77.08%,12.82%,Quarterly,12,15,17.20%,20.95%
NREF,"NexPoint Real Estate Finance, Inc.",357.49M,2.00,12.87%,89.15%,-,Quarterly,-,7,-,1.85%
MOVE,"Corvex, Inc.",357.49M,-,-,-,-,-,-,-,-,-
RNGR,"Ranger Energy Services, Inc.",357.35M,0.24,1.57%,39.60%,4.35%,Quarterly,2,4,-,-
CCII,Cohen Circle Acquisition Corp. II,357.34M,-,-,-,-,-,-,-,-,-
CYPH,Cypherpunk Technologies Inc.,357.24M,-,-,-,-,-,-,-,-,-
CCOI,"Cogent Communications Holdings, Inc.",357.05M,0.08,1.07%,-,-98.01%,Quarterly,-,15,-72.19%,-51.78%
BRCB,"Black Rock Coffee Bar, Inc.",357.02M,-,-,-,-,-,-,-,-,-
ACAA,Averin Capital Acquisition Corp.,356.83M,-,-,-,-,-,-,-,-,-
SOUL,Soulpower Acquisition Corporation,356.42M,-,-,-,-,-,-,-,-,-
ARCI,Archimedes Tech SPAC Partners III Co.,356.15M,-,-,-,-,-,-,-,-,-
SHIP,Seanergy Maritime Holdings Corp.,355.58M,0.43,2.64%,30.74%,91.30%,Quarterly,-,5,39.38%,28.62%
HCIC,Hennessy Capital Investment Corp. VIII,354.42M,-,-,-,-,-,-,-,-,-
CRNC,Cerence Inc.,353.25M,-,-,-,-,-,-,-,-,-
NPWR,NET Power Inc.,353.03M,-,-,-,-,-,-,-,-,-
VELO,"Velo3D, Inc.",353.00M,-,-,-,-,-,-,-,-,-
BDCI,BTC Development Corp.,352.85M,-,-,-,-,-,-,-,-,-
IMXI,"International Money Express, Inc.",352.72M,-,-,-,-,-,-,-,-,-
IHRT,"iHeartMedia, Inc.",352.66M,-,-,-,-,-,-,-,-,-
OYSE,Oyster Enterprises II Acquisition Corp,352.62M,-,-,-,-,-,-,-,-,-
OBIO,"Orchestra BioMed Holdings, Inc.",352.22M,-,-,-,-,-,-,-,-,-
CLNE,Clean Energy Fuels Corp.,351.61M,-,-,-,-,-,-,-,-,-
CURR,CURRENC Group Inc.,351.44M,-,-,-,-,-,-,-,-,-
BLZR,Trailblazer Acquisition Corp.,351.31M,-,-,-,-,-,-,-,-,-
EBS,Emergent BioSolutions Inc.,351.22M,-,-,-,-,-,-,-,-,-
OCGN,"Ocugen, Inc.",350.98M,-,-,-,-,-,-,-,-,-
SBXE,SilverBox Corp V,350.42M,-,-,-,-,-,-,-,-,-
TSBK,"Timberland Bancorp, Inc.",349.44M,1.20,2.67%,29.07%,13.73%,Quarterly,2,14,4.72%,2.41%
CCAP,"Crescent Capital BDC, Inc.",349.30M,1.45,15.28%,-,-34.97%,Quarterly,-,7,-5.27%,-1.45%
ARTC,Art Technology Acquisition Corp.,349.03M,-,-,-,-,-,-,-,-,-
LSAK,"Lesaka Technologies, Inc.",348.45M,-,-,-,-,-,-,-,-,-
CION,CION Investment Corporation,348.11M,1.20,16.81%,"2,262.23%",-19.46%,Monthly,-,6,-8.37%,-
SORN,Soren Acquisition Corp.,348.03M,-,-,-,-,-,-,-,-,-
SRZN,"Surrozen, Inc.",347.96M,-,-,-,-,-,-,-,-,-
TLNC,Talon Capital Corp.,347.94M,-,-,-,-,-,-,-,-,-
AIOT,"PowerFleet, Inc.",347.80M,-,-,-,-,-,-,-,-,-
API,"Agora, Inc.",347.67M,-,-,-,-,-,-,-,-,-
LND,BrasilAgro - Companhia Brasileira de Propriedades Agrícolas,347.15M,0.12,3.51%,-,-51.33%,Annual,-,11,-50.08%,0.98%
HCMA,HCM III Acquisition Corp.,347.12M,-,-,-,-,-,-,-,-,-
LZM,Lifezone Metals Limited,347.07M,-,-,-,-,-,-,-,-,-
VMD,"Viemed Healthcare, Inc.",346.98M,-,-,-,-,-,-,-,-,-
SNDL,SNDL Inc.,346.88M,-,-,-,-,-,-,-,-,-
BNTC,Benitec Biopharma Inc.,346.73M,0,-,-,-,-,-,-,-,-
ARTV,"Artiva Biotherapeutics, Inc.",345.65M,-,-,-,-,-,-,-,-,-
CV,"CapsoVision, Inc.",345.32M,-,-,-,-,-,-,-,-,-
AVBH,"Avidbank Holdings, Inc.",344.99M,-,-,-,-,-,-,-,-,-
DSAC,Daedalus Special Acquisition Corp.,344.95M,-,-,-,-,-,-,-,-,-
NL,"NLI Holdings, Inc.",344.00M,0.40,5.67%,-,-30.36%,Quarterly,-,7,11.68%,12.13%
SVIA,"Silvia, Inc.",343.76M,-,-,-,-,-,-,-,-,-
AMAC,AMR Resources Acquisition Corp,343.05M,-,-,-,-,-,-,-,-,-
ERII,"Energy Recovery, Inc.",342.77M,-,-,-,-,-,-,-,-,-
GTE,Gran Tierra Energy Inc.,342.48M,-,-,-,-,-,-,-,-,-
SUJA,"Suja Life, Inc.",342.41M,-,-,-,-,-,-,-,-,-
FOSL,"Fossil Group, Inc.",342.38M,-,-,-,-,-,-,-,-,-
AACI,Armada Acquisition Corp. III,342.00M,-,-,-,-,-,-,-,-,-
REI,"Ring Energy, Inc.",341.31M,-,-,-,-,-,-,-,-,-
SOHU,Sohu.com Limited,340.46M,-,-,-,-,-,-,-,-,-
FIP,FTAI Infrastructure Inc.,340.36M,0.12,4.07%,-,-,Quarterly,-,5,-,-
CGCF,Cartesian Growth Corporation IV,340.28M,-,-,-,-,-,-,-,-,-
BRBS,"Blue Ridge Bankshares, Inc.",339.77M,0.85,22.14%,900.81%,-,Semi-Annual,1,2,32.25%,17.16%
TREE,"LendingTree, Inc.",339.62M,0,-,-,-,-,-,-,-,-
IPFX,Inflection Point Acquisition Corp. VI,339.02M,-,-,-,-,-,-,-,-,-
RCKY,"Rocky Brands, Inc.",338.90M,0.68,1.51%,17.86%,4.84%,Quarterly,-,14,1.59%,2.48%
CAII,Collective Acquisition Corp. II,338.89M,-,-,-,-,-,-,-,-,-
ORN,"Orion Group Holdings, Inc.",338.54M,-,-,-,-,-,-,-,-,-
ARTNA,Artesian Resources Corporation,338.52M,1.28,3.90%,55.57%,4.06%,Quarterly,32,34,4.05%,4.10%
IA,"Innovative Aerosystems, Inc.",338.47M,0,-,-,-,-,-,-,-,-
KCAC,Kensington Capital Acquisition Corp. VI,338.43M,-,-,-,-,-,-,-,-,-
PTOR,Praetorian Acquisition Corp.,337.87M,-,-,-,-,-,-,-,-,-
LTRX,"Lantronix, Inc.",337.68M,-,-,-,-,-,-,-,-,-
CABA,"Cabaletta Bio, Inc.",337.40M,-,-,-,-,-,-,-,-,-
PPHC,"Public Policy Holding Company, Inc.",336.48M,0.36,3.25%,-,-,Semi-Annual,-,1,-,-
BCML,BayCom Corp,335.81M,1.20,3.88%,100.07%,60.00%,Quarterly,3,5,50.79%,-
EMBC,Embecta Corp.,335.71M,0.04,0.68%,21.78%,-46.67%,Quarterly,-,5,-18.90%,-
BLUW,Blue Water Acquisition Corp. III,335.11M,-,-,-,-,-,-,-,-,-
BEAG,Bold Eagle Acquisition Corp.,335.10M,-,-,-,-,-,-,-,-,-
TCPC,BlackRock TCP Capital Corp.,334.77M,0.68,17.02%,-,-41.98%,Quarterly,-,15,-19.74%,-8.73%
XRPN,Armada Acquisition Corp. II,334.70M,-,-,-,-,-,-,-,-,-
EH,EHang Holdings Limited,333.72M,-,-,-,-,-,-,-,-,-
CVEO,Civeo Corporation,333.00M,0,-,-,-,-,-,-,58.74%,31.95%
NOA,North American Construction Group Ltd.,332.57M,0.35,2.83%,43.83%,0.56%,Quarterly,7,13,7.22%,22.13%
PERI,Perion Network Ltd.,331.95M,0,-,-,-,-,-,-,-,-
PESI,"Perma-Fix Environmental Services, Inc.",331.75M,-,-,-,-,-,-,-,-,-
RPAY,Repay Holdings Corporation,331.57M,-,-,-,-,-,-,-,-,-
OEC,Orion S.A.,331.51M,0.08,1.41%,-,-,Quarterly,-,5,-,32.86%
LRMR,"Larimar Therapeutics, Inc.",330.89M,-,-,-,-,-,-,-,-,-
RREV,RRE Ventures Acquisition Corp.,330.67M,-,-,-,-,-,-,-,-,-
GASS,StealthGas Inc.,330.21M,0,-,-,-,-,-,-,-,-
NNDM,Nano Dimension Ltd.,329.96M,-,-,-,-,-,-,-,-,-
PNRG,PrimeEnergy Resources Corporation,329.89M,-,-,-,-,-,-,-,-,-
DRDB,Roman DBDR Acquisition Corp. II,329.36M,-,-,-,-,-,-,-,-,-
CEPV,"Cantor Equity Partners V, Inc.",329.34M,-,-,-,-,-,-,-,-,-
FERA,Fifth Era Acquisition Corp I,329.24M,-,-,-,-,-,-,-,-,-
PCAP,ProCap Acquisition Corp,328.84M,-,-,-,-,-,-,-,-,-
NECB,"Northeast Community Bancorp, Inc.",328.71M,1.00,3.73%,28.93%,-5.26%,Quarterly,2,20,55.36%,40.43%
BIOA,"BioAge Labs, Inc.",328.62M,-,-,-,-,-,-,-,-,-
VOGX,"Vogenx, Inc.",328.59M,-,-,-,-,-,-,-,-,-
AGCC,Agencia Comercial Spirits Ltd,328.35M,-,-,-,-,-,-,-,-,-
SFIX,"Stitch Fix, Inc.",328.00M,-,-,-,-,-,-,-,-,-
SZZL,Sizzle Acquisition Corp. II,327.99M,-,-,-,-,-,-,-,-,-
PACH,Pioneer Acquisition I Corp,327.24M,-,-,-,-,-,-,-,-,-
AIV,Apartment Investment and Management Company,327.23M,1.64,76.64%,128.68%,-,Semi-Annual,1,2,-,-
OBA,Oxley Bridge Acquisition Limited,327.00M,-,-,-,-,-,-,-,-,-
MPTI,"M-tron Industries, Inc.",326.64M,-,-,-,-,-,-,-,-,-
CRAQ,Cal Redwood Acquisition Corp.,325.79M,-,-,-,-,-,-,-,-,-
RTAC,Renatus Tactical Acquisition Corp I,325.32M,-,-,-,-,-,-,-,-,-
JMSB,"John Marshall Bancorp, Inc.",325.13M,0.40,1.73%,16.24%,-6.67%,Quarterly,2,4,-,-
NEWT,"NewtekOne, Inc.",324.09M,0.76,6.79%,34.76%,-,Quarterly,-,12,-15.06%,-21.63%
EVOX,Evolution Global Acquisition Corp,323.84M,-,-,-,-,-,-,-,-,-
CLW,Clearwater Paper Corporation,323.68M,-,-,-,-,-,-,-,-,-
KOYN,"CSLM Digital Asset Acquisition Corp III, Ltd",323.31M,-,-,-,-,-,-,-,-,-
ALDF,Aldel Financial II Inc.,323.17M,-,-,-,-,-,-,-,-,-
FSBW,"FS Bancorp, Inc.",322.92M,1.16,2.61%,26.28%,-13.53%,Quarterly,12,14,6.58%,17.66%
SMTI,Sanara MedTech Inc.,322.55M,-,-,-,-,-,-,-,-,-
LVWR,"LiveWire Group, Inc.",322.50M,-,-,-,-,-,-,-,-,-
ABAT,American Battery Technology Company,322.23M,-,-,-,-,-,-,-,-,-
FDBC,"Fidelity D & D Bancorp, Inc.",321.85M,1.72,3.10%,32.70%,7.50%,Quarterly,11,32,6.10%,7.47%
PMTR,Perimeter Acquisition Corp. I,321.20M,-,-,-,-,-,-,-,-,-
LWAY,"Lifeway Foods, Inc.",321.09M,0,-,-,-,-,-,-,-,-
BDSX,"Biodesix, Inc.",321.07M,-,-,-,-,-,-,-,-,-
DBI,Designer Brands Inc.,321.05M,0.20,3.19%,58.84%,-,Quarterly,-,5,-,31.95%
CAES,"Cantor Equity Partners VII, Inc.",321.05M,-,-,-,-,-,-,-,-,-
EGHT,"8x8, Inc.",320.65M,-,-,-,-,-,-,-,-,-
MLP,"Maui Land & Pineapple Company, Inc.",320.53M,0,-,-,-,-,-,-,115.44%,-12.94%
FVCB,"FVCBankcorp, Inc.",320.47M,0.28,1.57%,18.18%,-,Quarterly,-,2,-,-
IACQ,Irenic Acquisition Corp.,320.07M,-,-,-,-,-,-,-,-,-
DSX,Diana Shipping Inc.,319.86M,0.04,1.43%,8.27%,-,Quarterly,-,6,-60.00%,-16.74%
FISN,"Deep Fission, Inc.",319.86M,-,-,-,-,-,-,-,-,-
GEVO,"Gevo, Inc.",319.63M,-,-,-,-,-,-,-,-,-
JACS,Jackson Acquisition Company II,319.57M,-,-,-,-,-,-,-,-,-
PSBD,Palmer Square Capital BDC Inc.,319.12M,1.57,16.07%,-,-8.19%,Quarterly,-,3,-,-
RNGT,Range Capital Acquisition Corp II,318.59M,-,-,-,-,-,-,-,-,-
PINE,"Alpine Income Property Trust, Inc.",318.28M,1.20,7.11%,508.72%,6.17%,Quarterly,6,8,3.09%,4.54%
FTW,Presidio Production Company,318.27M,1.35,13.17%,-,-,Quarterly,-,1,-,-
ELA,Envela Corporation,317.79M,-,-,-,-,-,-,-,-,-
COSO,"CoastalSouth Bancshares, Inc.",317.51M,0.20,0.75%,6.77%,-,Quarterly,-,1,-,-
ELVA,Electrovaya Inc.,317.22M,-,-,-,-,-,-,-,-,-
TVA,Texas Ventures Acquisition III Corp,317.10M,-,-,-,-,-,-,-,-,-
SAC,Safeguard Acquisition Corp.,316.80M,-,-,-,-,-,-,-,-,-
POLE,Andretti Acquisition Corp. II,316.35M,-,-,-,-,-,-,-,-,-
ATII,Archimedes Tech SPAC Partners II Co.,316.02M,-,-,-,-,-,-,-,-,-
AEAQ,Activate Energy Acquisition Corp.,315.93M,-,-,-,-,-,-,-,-,-
IPXG,Inflection Point Acquisition Corp. VII,314.73M,-,-,-,-,-,-,-,-,-
SAAQ,Space Asset Acquisition Corp.,314.68M,-,-,-,-,-,-,-,-,-
HYAC,Haymaker Acquisition Corp V,314.06M,-,-,-,-,-,-,-,-,-
PSFE,Paysafe Limited,313.81M,-,-,-,-,-,-,-,-,-
AACO,Abony Acquisition Corp. I,313.62M,-,-,-,-,-,-,-,-,-
RAC,Rithm Acquisition Corp.,313.22M,-,-,-,-,-,-,-,-,-
MKTW,"MarketWise, Inc.",312.81M,1.80,8.96%,200.17%,2.94%,Quarterly,2,4,-,-
LEGO,Legato Merger Corp. IV,312.59M,-,-,-,-,-,-,-,-,-
ILLU,Illumination Acquisition Corp I,312.29M,-,-,-,-,-,-,-,-,-
VNDA,Vanda Pharmaceuticals Inc.,312.29M,-,-,-,-,-,-,-,-,-
LWAC,LightWave Acquisition Corp.,312.24M,-,-,-,-,-,-,-,-,-
OPAL,OPAL Fuels Inc.,311.94M,-,-,-,-,-,-,-,-,-
CAQ,Cambridge Acquisition Corp.,311.93M,-,-,-,-,-,-,-,-,-
MTAL,Metals Acquisition Corp. II,311.73M,-,-,-,-,-,-,-,-,-
LPBB,Launch Two Acquisition Corp.,311.36M,-,-,-,-,-,-,-,-,-
XNET,Xunlei Limited,310.42M,-,-,-,-,-,-,-,-,-
RBBN,Ribbon Communications Inc.,309.36M,-,-,-,-,-,-,-,-,-
SVIV,Spring Valley Acquisition Corp. IV,309.12M,-,-,-,-,-,-,-,-,-
CBNA,"Chain Bridge Bancorp, Inc.",308.57M,-,-,-,-,-,-,-,-,-
VHCP,Vine Hill Capital Investment Corp. II,308.53M,-,-,-,-,-,-,-,-,-
ITHA,ITHAX Acquisition Corp III,308.51M,-,-,-,-,-,-,-,-,-
CCCT,Columbus Circle Capital Corp III,308.30M,-,-,-,-,-,-,-,-,-
NNBR,"NN, Inc.",308.03M,0,-,-,-,-,-,-,-,0.73%
LE,"Lands' End, Inc.",307.85M,-,-,-,-,-,-,-,-,-
VII,Viking Acquisition Corp. II,307.69M,-,-,-,-,-,-,-,-,-
FCCO,First Community Corporation,307.56M,0.68,2.06%,25.28%,6.56%,Quarterly,4,25,5.73%,6.25%
TMTS,Spartacus Acquisition Corp. II,307.43M,-,-,-,-,-,-,-,-,-
BBW,"Build-A-Bear Workshop, Inc.",307.12M,0.92,3.62%,22.81%,5.81%,Quarterly,1,3,-,-
FVRR,Fiverr International Ltd.,307.02M,-,-,-,-,-,-,-,-,-
FNKO,"Funko, Inc.",306.80M,-,-,-,-,-,-,-,-,-
BBOT,"BridgeBio Oncology Therapeutics, Inc.",305.86M,-,-,-,-,-,-,-,-,-
CFFI,C&F Financial Corporation,305.66M,1.92,2.03%,21.42%,4.40%,Quarterly,1,29,2.98%,4.02%
PHOS,First Phosphate Corp.,304.17M,-,-,-,-,-,-,-,-,-
HRZN,Horizon Technology Finance Corporation,304.00M,0.72,15.88%,"1,037.65%",-20.45%,Monthly,-,17,-8.49%,-3.43%
CDZI,Cadiz Inc.,303.99M,-,-,-,-,-,-,-,-,-
EVMN,"Evommune, Inc.",303.95M,-,-,-,-,-,-,-,-,-
NODK,"NI Holdings, Inc.",303.83M,-,-,-,-,-,-,-,-,-
BIXI,Bitcoin Infrastructure Acquisition Corp Ltd.,303.74M,-,-,-,-,-,-,-,-,-
OTGA,OTG Acquisition Corp. I,303.22M,-,-,-,-,-,-,-,-,-
TLS,Telos Corporation,303.06M,-,-,-,-,-,-,-,-,-
ABEO,Abeona Therapeutics Inc.,302.50M,-,-,-,-,-,-,-,-,-
IPSC,"Century Therapeutics, Inc.",302.40M,-,-,-,-,-,-,-,-,-
SUPX,SuperX AI Technology Limited,302.28M,-,-,-,-,-,-,-,-,-
EFTY,"Etoiles Capital Group Co., Ltd",302.05M,-,-,-,-,-,-,-,-,-
HVMC,Highview Merger Corp.,301.75M,-,-,-,-,-,-,-,-,-
GOGO,Gogo Inc.,301.50M,-,-,-,-,-,-,-,-,-
JENA,Jena Acquisition Corporation II,301.05M,-,-,-,-,-,-,-,-,-
QLEP,Quantum Leap Acquisition Corp,300.92M,-,-,-,-,-,-,-,-,-
GSRF,GSR IV Acquisition Corp.,300.82M,-,-,-,-,-,-,-,-,-
GSRV,GSR V Acquisition Corp.,300.79M,-,-,-,-,-,-,-,-,-
AFRI,Forafric Global PLC,300.09M,-,-,-,-,-,-,-,-,-
BRBI,BRBI BR Partners S.A.,299.46M,0.97,8.65%,83.37%,-,Semi-Annual,-,2,-,-
XFOR,"X4 Pharmaceuticals, Inc.",298.93M,-,-,-,-,-,-,-,-,-
MYFW,"First Western Financial, Inc.",297.84M,-,-,-,-,-,-,-,-,-
NXH,"Neighborhood Intelligence, Inc.",297.43M,-,-,-,-,-,-,-,-,-
UXIN,Uxin Limited,296.97M,-,-,-,-,-,-,-,-,-
GPAC,General Purpose Acquisition Corp.,296.75M,-,-,-,-,-,-,-,-,-
BPRN,"Princeton Bancorp, Inc.",296.44M,1.40,3.22%,36.94%,16.67%,Quarterly,1,9,6.78%,19.27%
SEG,Seaport Entertainment Group Inc.,296.41M,-,-,-,-,-,-,-,-,-
SVAQ,Silicon Valley Acquisition Corp.,296.14M,-,-,-,-,-,-,-,-,-
DSC,DSC Holdings Ltd.,295.93M,-,-,-,-,-,-,-,-,-
AIRJ,AirJoule Technologies Corporation,295.59M,-,-,-,-,-,-,-,-,-
HCAC,Hall Chadwick Acquisition Corp.,295.18M,-,-,-,-,-,-,-,-,-
IRHO,Iron Horse Acquisitions Corp. II,294.96M,-,-,-,-,-,-,-,-,-
SILC,Silicom Ltd.,294.38M,0,-,-,-,-,-,-,-,-
RFAI,RF Acquisition Corp II,293.70M,-,-,-,-,-,-,-,-,-
BACC,Blue Acquisition Corp.,293.32M,-,-,-,-,-,-,-,-,-
SABS,"SAB Biotherapeutics, Inc.",292.98M,-,-,-,-,-,-,-,-,-
ACGC,ACP Holdings Acquisition Corp.,292.75M,-,-,-,-,-,-,-,-,-
MOBI,"Mobia Medical, Inc.",292.63M,-,-,-,-,-,-,-,-,-
MTNE,CH4 Natural Solutions Corporation,292.38M,-,-,-,-,-,-,-,-,-
TBI,"TrueBlue, Inc.",291.96M,-,-,-,-,-,-,-,-,-
CNCK,Coincheck Group N.V.,291.53M,-,-,-,-,-,-,-,-,-
TMCR,The Metals Royalty Company Inc.,291.29M,-,-,-,-,-,-,-,-,-
RCMT,"RCM Technologies, Inc.",290.97M,0,-,-,-,-,-,-,-20.63%,-
UPB,"Upstream Bio, Inc.",290.29M,-,-,-,-,-,-,-,-,-
FGII,FG Imperii Acquisition Corp.,290.27M,-,-,-,-,-,-,-,-,-
TMCI,"Treace Medical Concepts, Inc.",290.05M,-,-,-,-,-,-,-,-,-
ZH,Zhihu Inc.,289.94M,-,-,-,-,-,-,-,-,-
SLNH,"Soluna Holdings, Inc.",289.84M,0,-,-,-,-,-,-,-,-
LPCV,Launchpad Cadenza Acquisition Corp I,289.80M,-,-,-,-,-,-,-,-,-
KPET,KPET Ultra Paceline Corporation,289.56M,-,-,-,-,-,-,-,-,-
HLLY,Holley Inc.,289.54M,-,-,-,-,-,-,-,-,-
ADAC,American Drive Acquisition Company,289.51M,-,-,-,-,-,-,-,-,-
IPHX,Inflection Point Acquisition Corp. VIII,289.51M,-,-,-,-,-,-,-,-,-
ISBA,Isabella Bank Corporation,289.46M,1.12,2.93%,41.17%,-,Quarterly,-,19,-,0.73%
CUVL,Clinuvel Pharmaceuticals Limited,289.34M,0.03,0.50%,6.15%,7.89%,Annual,-,9,-0.11%,15.85%
TDUP,ThredUp Inc.,288.93M,-,-,-,-,-,-,-,-,-
JAKK,"JAKKS Pacific, Inc.",288.76M,1.00,3.95%,73.42%,33.33%,Quarterly,-,2,58.74%,31.95%
ALCO,"Alico, Inc.",288.62M,0.20,0.51%,102.21%,-,Quarterly,-,22,-,-31.84%
UCFI,CN Healthy Food Tech Group Corp.,287.81M,-,-,-,-,-,-,-,-,-
TJGC,TJGC Group Limited,287.55M,-,-,-,-,-,-,-,-,-
PMTS,CPI Card Group Inc.,286.79M,0,-,-,-,-,-,-,-,-
SHOT,RMG ML Sports Holdings,286.55M,-,-,-,-,-,-,-,-,-
CATX,"Perspective Therapeutics, Inc.",286.52M,-,-,-,-,-,-,-,-,-
RCKT,"Rocket Pharmaceuticals, Inc.",286.51M,-,-,-,-,-,-,-,-,-
OPTX,"Syntec Optics Holdings, Inc.",285.99M,-,-,-,-,-,-,-,-,-
ELLO,Ellomay Capital Ltd.,285.45M,0,-,-,-,-,-,-,-,-
ZIP,"ZipRecruiter, Inc.",285.32M,-,-,-,-,-,-,-,-,-
CUB,Lionheart Holdings,285.17M,-,-,-,-,-,-,-,-,-
ALTO,"Alto Ingredients, Inc.",285.06M,-,-,-,-,-,-,-,-,-
LAB,Standard BioTools Inc.,285.05M,-,-,-,-,-,-,-,-,-
EYPT,"EyePoint, Inc.",284.93M,-,-,-,-,-,-,-,-,-
SWMR,"Swarmer, Inc",284.56M,-,-,-,-,-,-,-,-,-
NC,"NACCO Industries, Inc.",284.36M,1.05,2.79%,45.87%,7.29%,Quarterly,7,56,6.61%,5.72%
FULC,"Fulcrum Therapeutics, Inc.",283.83M,-,-,-,-,-,-,-,-,-
FTRA,FutureCorp Space Acquisition 1,283.62M,-,-,-,-,-,-,-,-,-
ATLQ,JAB Acquisition Corp I,283.60M,-,-,-,-,-,-,-,-,-
QNBC,QNB Corp.,283.56M,1.56,3.42%,47.25%,2.65%,Quarterly,1,30,1.78%,2.20%
FATE,"Fate Therapeutics, Inc.",283.38M,-,-,-,-,-,-,-,-,-
DUOT,"Duos Technologies Group, Inc.",283.25M,-,-,-,-,-,-,-,-,-
TII,Titan Mining Corporation,282.84M,0,-,-,-,-,-,-,-,-
TVAI,Thayer Ventures Acquisition Corporation II,282.84M,-,-,-,-,-,-,-,-,-
FNRN,First Northern Community Bancorp,282.82M,-,-,-,-,-,-,-,-,-
SAMO,Samos Energy Acquisition Corporation,282.61M,-,-,-,-,-,-,-,-,-
OVLY,Oak Valley Bancorp,282.47M,0.75,2.21%,26.60%,25.00%,Semi-Annual,12,13,32.83%,20.93%
FRAF,Franklin Financial Services Corporation,282.35M,1.36,2.18%,24.82%,3.08%,Quarterly,1,43,1.54%,1.73%
WLCO,Wilco 63 Corporation,282.33M,-,-,-,-,-,-,-,-,-
AXIN,Axiom Intelligence Acquisition Corp 1,281.98M,-,-,-,-,-,-,-,-,-
PAII,Pyrophyte Acquisition Corp. II,281.94M,-,-,-,-,-,-,-,-,-
JONE,Jones Ventures INTL Acquisition1 Corp,281.90M,-,-,-,-,-,-,-,-,-
XCBE,X3 Acquisition Corp. Ltd.,281.81M,-,-,-,-,-,-,-,-,-
RM,Regional Management Corp.,281.66M,1.20,3.93%,25.22%,-,Quarterly,-,7,-,5.92%
FUNC,First United Corporation,281.39M,1.12,2.57%,29.02%,15.22%,Quarterly,8,9,10.77%,12.82%
BKTI,BK Technologies Corporation,281.20M,0,-,-,-,-,-,-,14.47%,-11.42%
ATLO,Ames National Corporation,281.04M,0.96,3.03%,35.53%,15.00%,Quarterly,-,29,-5.20%,-2.04%
IVVD,"Invivyd, Inc.",280.40M,-,-,-,-,-,-,-,-,-
RWAY,Runway Growth Finance Corp.,280.38M,1.35,20.12%,640.21%,-10.20%,Quarterly,-,6,-8.27%,-
FRD,"Friedman Industries, Incorporated",279.71M,0.16,0.40%,4.17%,-,Quarterly,2,54,25.99%,14.87%
AMRN,Amarin Corporation plc,278.93M,-,-,-,-,-,-,-,-,-
ISNR,Snow Rothschild Acquisition Corp,277.70M,-,-,-,-,-,-,-,-,-
ASYS,"Amtech Systems, Inc.",277.50M,-,-,-,-,-,-,-,-,-
CAN,Canaan Inc.,277.42M,-,-,-,-,-,-,-,-,-
WNEB,"Western New England Bancorp, Inc.",277.03M,0.28,1.98%,33.72%,-,Quarterly,-,25,1.22%,6.96%
MTAK,Market Technology Acquisition Corp,276.53M,-,-,-,-,-,-,-,-,-
SVCO,"Silvaco Group, Inc.",276.51M,-,-,-,-,-,-,-,-,-
XSLL,Xsolla SPAC 1,276.25M,-,-,-,-,-,-,-,-,-
ANIK,"Anika Therapeutics, Inc.",276.22M,-,-,-,-,-,-,-,-,-
NHIV,NewHold Investment Corp IV,276.12M,-,-,-,-,-,-,-,-,-
GBFH,GBank Financial Holdings Inc.,276.10M,-,-,-,-,-,-,-,-,-
GLSI,"Greenwich LifeSciences, Inc.",275.95M,-,-,-,-,-,-,-,-,-
NEGG,"Newegg Commerce, Inc.",275.91M,-,-,-,-,-,-,-,-,-
TDAC,Translational Development Acquisition Corp.,275.38M,-,-,-,-,-,-,-,-,-
QTTB,Q32 Bio Inc.,275.37M,-,-,-,-,-,-,-,-,-
USNA,"USANA Health Sciences, Inc.",275.30M,-,-,-,-,-,-,-,-,-
CEPO,"Cantor Equity Partners I, Inc.",274.64M,-,-,-,-,-,-,-,-,-
TSSI,"TSS, Inc.",274.57M,-,-,-,-,-,-,-,-,-
SAR,Saratoga Investment Corp.,274.34M,3.00,17.85%,305.87%,-7.41%,Monthly,-,20,2.08%,5.09%
HQI,"HireQuest, Inc.",274.06M,0.24,1.22%,41.31%,-,Quarterly,-,7,-,1.76%
NNNN,Anbio Biotechnology,273.88M,-,-,-,-,-,-,-,-,-
OSUR,"OraSure Technologies, Inc.",273.46M,-,-,-,-,-,-,-,-,-
MGPI,"MGP Ingredients, Inc.",273.46M,0.48,3.76%,-,-,Quarterly,-,17,-,-
REFI,"Chicago Atlantic Real Estate Finance, Inc.",273.38M,1.88,17.60%,138.27%,-8.74%,Quarterly,-,6,-4.67%,-
MUZE,Muzero Acquisition Corp,273.20M,-,-,-,-,-,-,-,-,-
TTGT,"TechTarget, Inc.",273.06M,-,-,-,-,-,-,-,-,-
MTRX,Matrix Service Company,271.89M,-,-,-,-,-,-,-,-,-
TLSI,"TriSalus Life Sciences, Inc.",270.62M,-,-,-,-,-,-,-,-,-
NKSH,"National Bankshares, Inc.",270.49M,1.51,3.54%,47.97%,1.32%,Semi-Annual,-,32,0.44%,1.50%
LAW,"CS Disco, Inc.",270.39M,-,-,-,-,-,-,-,-,-
SY,So-Young International Inc.,270.02M,0.03,0.99%,-,-,-,-,2,-,-
DNMX,Dynamix Corporation III,269.81M,-,-,-,-,-,-,-,-,-
IMRX,Immuneering Corporation,269.79M,-,-,-,-,-,-,-,-,-
IFRX,InflaRx N.V.,268.21M,-,-,-,-,-,-,-,-,-
VCRE,Vicore Pharma Holding AB (publ),268.02M,-,-,-,-,-,-,-,-,-
PTLO,Portillo's Inc.,267.70M,-,-,-,-,-,-,-,-,-
HWBK,"Hawthorn Bancshares, Inc.",267.54M,0.84,2.18%,22.89%,6.41%,Quarterly,14,27,7.56%,10.30%
MFIN,Medallion Financial Corp.,267.51M,0.56,4.65%,39.01%,13.04%,Quarterly,3,5,17.57%,45.41%
XTER,Karman Line Acquisition Corp.,267.16M,-,-,-,-,-,-,-,-,-
KWY,Kingsway Corporation,267.03M,0,-,-,-,-,-,-,-4.88%,-
STRO,"Sutro Biopharma, Inc.",266.96M,-,-,-,-,-,-,-,-,-
FXNC,First National Corporation,266.89M,0.68,2.33%,28.46%,9.68%,Quarterly,11,13,4.85%,7.67%
ESCA,"Escalade, Incorporated",266.79M,0.61,3.13%,36.51%,1.25%,Quarterly,-,17,0.41%,1.64%
LCNB,LCNB Corp.,266.57M,0.88,4.67%,50.97%,-,Quarterly,-,27,1.56%,2.98%
CATL,Catalyst Acquisition Corp.,266.27M,-,-,-,-,-,-,-,-,-
ACB,Aurora Cannabis Inc.,266.09M,-,-,-,-,-,-,-,-,-
BRT,BRT Apartments Corp.,265.40M,1.00,7.40%,-,-,Quarterly,-,10,-,2.36%
STRT,Strattec Security Corporation,265.22M,0,-,-,-,-,-,-,0.60%,3.57%
OACC,Oaktree Acquisition Corp. III Life Sciences,265.00M,-,-,-,-,-,-,-,-,-
AIAI,AIAI Holdings Corporation,264.99M,-,-,-,-,-,-,-,-,-
XPER,Xperi Inc.,264.59M,-,-,-,-,-,-,-,-,-
POWW,Outdoor Holding Company,263.93M,-,-,-,-,-,-,-,-,-
DMAA,Drugs Made In America Acquisition Corp.,263.89M,-,-,-,-,-,-,-,-,-
BCBP,"BCB Bancorp, Inc.",263.85M,0.32,3.73%,-,-25.00%,-,-,21,-9.14%,-3.04%
PCYO,Pure Cycle Corporation,263.26M,-,-,-,-,-,-,-,-,-
VABK,Virginia National Bankshares Corporation,263.13M,1.44,2.97%,31.57%,4.35%,Quarterly,1,14,3.73%,3.71%
ONEN,ONE Nuclear Energy Inc.,262.75M,-,-,-,-,-,-,-,-,-
EAF,GrafTech International Ltd.,262.23M,0,-,-,-,-,-,-,-46.76%,-
ALIT,"Alight, Inc.",262.06M,0.80,8.17%,-,-,-,1,2,-,-
MSB,Mesabi Trust,261.88M,1.28,6.39%,180.03%,-87.32%,Quarterly,2,37,36.49%,-13.14%
JACK,Jack in the Box Inc.,261.61M,0,-,-,-,-,-,-,-,1.92%
BCYC,Bicycle Therapeutics plc,261.42M,-,-,-,-,-,-,-,-,-
NTWO,Newbury Street II Acquisition Corp,261.42M,-,-,-,-,-,-,-,-,-
CMRC,"Commerce.com, Inc.",261.01M,-,-,-,-,-,-,-,-,-
PDYN,Palladyne AI Corp.,260.75M,-,-,-,-,-,-,-,-,-
FACT,FACT II Acquisition Corp,260.75M,-,-,-,-,-,-,-,-,-
PPIH,"Perma-Pipe International Holdings, Inc.",260.44M,-,-,-,-,-,-,-,-,-
KINS,"Kingstone Companies, Inc.",260.43M,0.24,1.33%,8.57%,320.00%,Quarterly,-,2,9.49%,5.59%
III,"Information Services Group, Inc.",260.22M,0.18,3.33%,75.04%,-,Quarterly,-,6,1.92%,-
OFLX,"Omega Flex, Inc.",259.92M,1.36,5.30%,115.80%,-,Quarterly,8,15,1.52%,3.23%
PALI,"Palisade Bio, Inc.",259.66M,-,-,-,-,-,-,-,-,-
AUDC,AudioCodes Ltd.,259.56M,0.40,3.78%,158.25%,5.26%,Semi-Annual,1,9,3.57%,3.92%
ACIU,AC Immune SA,259.50M,-,-,-,-,-,-,-,-,-
LXEO,"Lexeo Therapeutics, Inc.",259.25M,-,-,-,-,-,-,-,-,-
TRGS,TRG Latin America Acquisitions Corp.,259.11M,-,-,-,-,-,-,-,-,-
MGNX,"MacroGenics, Inc.",258.62M,-,-,-,-,-,-,-,-,-
VNME,Vendome Acquisition Corporation I,257.98M,-,-,-,-,-,-,-,-,-
EVI,"EVI Industries, Inc.",257.06M,0.33,1.66%,68.75%,6.45%,Annual,5,3,5.63%,20.48%
BLND,"Blend Labs, Inc.",256.62M,-,-,-,-,-,-,-,-,-
INFU,"InfuSystem Holdings, Inc.",256.53M,-,-,-,-,-,-,-,-,-
ASLE,AerSale Corporation,253.91M,-,-,-,-,-,-,-,-,-
IPVV,"InterPrivate Investment Partners V, Inc.",253.88M,-,-,-,-,-,-,-,-,-
GENC,"Gencor Industries, Inc.",253.43M,0,-,-,-,-,-,-,-,-
SCII,SC II Acquisition Corp.,253.21M,-,-,-,-,-,-,-,-,-
RELL,"Richardson Electronics, Ltd.",252.56M,0.24,1.40%,55.39%,-,Quarterly,-,39,-,-
VLOS,Velos Acquisition I Corp.,252.20M,-,-,-,-,-,-,-,-,-
AVNW,"Aviat Networks, Inc.",252.13M,-,-,-,-,-,-,-,-,-
SHMD,SCHMID Group N.V.,252.01M,-,-,-,-,-,-,-,-,-
ARL,"American Realty Investors, Inc.",251.81M,0,-,-,-,-,-,-,53.78%,29.46%
MVST,"Microvast Holdings, Inc.",250.68M,-,-,-,-,-,-,-,-,-
LOVI,Live Oak Acquisition Corp. VI,250.50M,-,-,-,-,-,-,-,-,-
OHAC,Oceanhawk Acquisition Corp,250.38M,-,-,-,-,-,-,-,-,-
AENT,Alliance Entertainment Holding Corporation,250.31M,-,-,-,-,-,-,-,-,-
SIGA,"SIGA Technologies, Inc.",250.04M,0.60,17.44%,-,-,Annual,-,5,10.06%,-
QADR,QDRO Acquisition Corp.,249.75M,-,-,-,-,-,-,-,-,-
MKLY,McKinley Acquisition Corporation,249.74M,-,-,-,-,-,-,-,-,-
SSP,The E.W. Scripps Company,249.74M,0,-,-,-,-,-,-,58.74%,31.95%
PAMT,PAMT CORP,249.63M,0,-,-,-,-,-,-,-,-
BGS,"B&G Foods, Inc.",249.11M,0.38,12.36%,-,-25.00%,Quarterly,-,20,-9.14%,-21.40%
HITI,High Tide Inc.,249.05M,-,-,-,-,-,-,-,-,-
SBMT,Silver Bow Mining Corp.,248.04M,-,-,-,-,-,-,-,-,-
LFCR,"Lifecore Biomedical, Inc.",247.94M,-,-,-,-,-,-,-,-,-
PNAQ,Pinnacle Acquisition Corporation,247.84M,-,-,-,-,-,-,-,-,-
ONIT,Onity Group Inc.,247.71M,-,-,-,-,-,-,-,-,-
EU,enCore Energy Corp.,247.35M,-,-,-,-,-,-,-,-,-
GTER.A,Globa Terra Acquisition Corporation,247.24M,-,-,-,-,-,-,-,-,-
GTER.R,Globa Terra Acquisition Corporation,247.24M,-,-,-,-,-,-,-,-,-
MIAC,Meridian3 Industrials Acquisition Corp,246.78M,-,-,-,-,-,-,-,-,-
AKBA,"Akebia Therapeutics, Inc.",246.46M,-,-,-,-,-,-,-,-,-
ZNTL,"Zentalis Pharmaceuticals, Inc.",246.15M,-,-,-,-,-,-,-,-,-
CNDT,Conduent Incorporated,245.72M,-,-,-,-,-,-,-,-,-
FXHO,UTime Limited,245.42M,-,-,-,-,-,-,-,-,-
ALMU,"Aeluma, Inc.",244.87M,-,-,-,-,-,-,-,-,-
USAU,U.S. Gold Corp.,244.79M,-,-,-,-,-,-,-,-,-
EFSI,"Eagle Financial Services, Inc.",244.40M,1.24,2.70%,35.90%,-,Quarterly,22,24,1.10%,2.80%
MCGA,Yorkville Acquisition Corp.,244.07M,-,-,-,-,-,-,-,-,-
LCTX,"Lineage Cell Therapeutics, Inc.",243.93M,-,-,-,-,-,-,-,-,-
SSAC,SPACSphere Acquisition Corp.,243.37M,-,-,-,-,-,-,-,-,-
CAMP,Camp4 Therapeutics Corporation,242.85M,-,-,-,-,-,-,-,-,-
QMLS,"QumulusAI, Inc.",242.57M,-,-,-,-,-,-,-,-,-
SOCA,Solarius Capital Acquisition Corp.,242.47M,-,-,-,-,-,-,-,-,-
IGAC,Invest Green Acquisition Corporation,242.04M,-,-,-,-,-,-,-,-,-
ACU,Acme United Corporation,241.74M,0.64,1.01%,26.84%,3.23%,Quarterly,5,23,4.55%,4.24%
TG,Tredegar Corporation,241.57M,0,-,-,-,-,-,-,2.70%,3.40%
HCKT,"The Hackett Group, Inc.",241.56M,0.48,4.93%,76.15%,2.13%,Quarterly,1,15,2.94%,3.97%
RDNW,"RideNow Group, Inc.",241.48M,-,-,-,-,-,-,-,-,-
DYNC,Dynamix Corporation,241.14M,-,-,-,-,-,-,-,-,-
PYXS,"Pyxis Oncology, Inc.",241.05M,-,-,-,-,-,-,-,-,-
ZSQR,Z Squared Inc.,240.62M,-,-,-,-,-,-,-,-,-
DAAQ,Digital Asset Acquisition Corp.,240.58M,-,-,-,-,-,-,-,-,-
RMBI,"Richmond Mutual Bancorporation, Inc.",240.51M,0.60,3.97%,49.14%,1.69%,Quarterly,1,7,4.89%,18.20%
IMMR,Immersion Corporation,240.41M,0.30,4.15%,89.70%,-21.05%,Quarterly,2,4,35.72%,-
CURV,Torrid Holdings Inc.,240.32M,-,-,-,-,-,-,-,-,-
KLC,"KinderCare Learning Companies, Inc.",239.40M,-,-,-,-,-,-,-,-,-
IONR,ioneer Ltd,238.53M,-,-,-,-,-,-,-,-,-
TDWD,Tailwind 2.0 Acquisition Corp.,238.51M,-,-,-,-,-,-,-,-,-
LYEL,"Lyell Immunopharma, Inc.",238.44M,-,-,-,-,-,-,-,-,-
FBLA,"FB Bancorp, Inc.",238.27M,-,-,-,-,-,-,-,-,-
GPRO,"GoPro, Inc.",238.17M,-,-,-,-,-,-,-,-,-
YSG,Yatsen Holding Limited,237.78M,-,-,-,-,-,-,-,-,-
AZ,A2Z Cust2Mate Solutions Corp.,237.30M,-,-,-,-,-,-,-,-,-
MAGH,Magnitude International Ltd,236.60M,-,-,-,-,-,-,-,-,-
AACP,Apogee Acquisition Corp,236.58M,-,-,-,-,-,-,-,-,-
UTMD,"Utah Medical Products, Inc.",236.43M,1.24,1.67%,37.78%,1.64%,Quarterly,3,23,1.67%,1.70%
NAGE,"Niagen Bioscience, Inc.",236.29M,-,-,-,-,-,-,-,-,-
TWLV,Twelve Seas Investment Company III,236.02M,-,-,-,-,-,-,-,-,-
ELMD,"Electromed, Inc.",235.84M,-,-,-,-,-,-,-,-,-
CHPT,"ChargePoint Holdings, Inc.",234.40M,-,-,-,-,-,-,-,-,-
LATA,Galata Acquisition Corp. II,234.14M,-,-,-,-,-,-,-,-,-
COPL,Copley Acquisition Corp,234.12M,-,-,-,-,-,-,-,-,-
HLXC,Helix Acquisition Corp. III,233.84M,-,-,-,-,-,-,-,-,-
VUZI,Vuzix Corporation,233.83M,-,-,-,-,-,-,-,-,-
SUMA,SUMA Acquisition Corporation,233.29M,-,-,-,-,-,-,-,-,-
AIBZ,Bitzero Holdings Inc.,233.18M,-,-,-,-,-,-,-,-,-
DYOR,Insight Digital Partners II,232.99M,-,-,-,-,-,-,-,-,-
PRQR,ProQR Therapeutics N.V.,232.85M,-,-,-,-,-,-,-,-,-
RAIL,"FreightCar America, Inc.",232.82M,0,-,-,-,-,-,-,14.47%,14.87%
BLRK,Bluerock Acquisition Corp.,232.76M,-,-,-,-,-,-,-,-,-
BNC,CEA Industries Inc.,232.63M,-,-,-,-,-,-,-,-,-
FUFU,BitFuFu Inc.,232.54M,-,-,-,-,-,-,-,-,-
SVCC,Stellar V Capital Corp.,231.71M,-,-,-,-,-,-,-,-,-
CMTV,Community Bancorp,231.60M,1.04,2.52%,31.62%,4.12%,Quarterly,5,32,3.16%,3.51%
SION,"Sionna Therapeutics, Inc.",231.49M,-,-,-,-,-,-,-,-,-
EXOD,"Exodus Movement, Inc.",231.36M,-,-,-,-,-,-,-,-,-
BIII,Black Spade Acquisition III Co,231.15M,-,-,-,-,-,-,-,-,-
SLGL,Sol-Gel Technologies Ltd.,230.52M,-,-,-,-,-,-,-,-,-
PEBK,"Peoples Bancorp of North Carolina, Inc.",230.15M,1.01,2.34%,27.47%,5.26%,Quarterly,4,42,3.57%,9.34%
PDEX,"Pro-Dex, Inc.",230.03M,-,-,-,-,-,-,-,-,-
LTGR,Long Table Growth Corp.,229.77M,-,-,-,-,-,-,-,-,-
SMHI,SEACOR Marine Holdings Inc.,229.68M,-,-,-,-,-,-,-,-,-
GWRS,"Global Water Resources, Inc.",229.21M,0.30,3.82%,275.85%,0.16%,Monthly,9,11,0.72%,0.83%
INBK,First Internet Bancorp,228.99M,0.24,0.92%,-,-,Quarterly,-,15,-,-
SMRT,"SmartRent, Inc.",228.98M,-,-,-,-,-,-,-,-,-
MRBK,Meridian Corporation,228.92M,0.56,2.92%,30.88%,9.00%,Quarterly,-,7,4.69%,-6.19%
IRAB,Iris Acquisition Corp II,228.82M,-,-,-,-,-,-,-,-,-
CRAC,Crown Reserve Acquisition Corp. I,228.61M,-,-,-,-,-,-,-,-,-
KGEI,Kolibri Global Energy Inc.,228.50M,-,-,-,-,-,-,-,-,-
TVIV,Texas Ventures Acquisition IV Corp.,228.39M,-,-,-,-,-,-,-,-,-
SNFCA,Security National Financial Corporation,228.36M,-,-,-,-,-,-,-,-,-
LTBR,Lightbridge Corporation,228.16M,-,-,-,-,-,-,-,-,-
AMWL,American Well Corporation,228.09M,-,-,-,-,-,-,-,-,-
TBCH,Turtle Beach Corporation,227.27M,-,-,-,-,-,-,-,-,-
ACRE,Ares Commercial Real Estate Corporation,227.01M,0.60,14.63%,-,-14.29%,Quarterly,-,15,-24.24%,-15.34%
MRCO,Mercator Acquisition Corp.,226.78M,-,-,-,-,-,-,-,-,-
BRCC,BRC Inc.,226.76M,-,-,-,-,-,-,-,-,-
NUS,"Nu Skin Enterprises, Inc.",226.35M,0.24,5.15%,-,-,Quarterly,-,26,-46.36%,-30.82%
NATR,"Nature's Sunshine Products, Inc.",226.10M,0,-,-,-,-,-,-,-40.51%,51.57%
OPBK,OP Bancorp,226.08M,0.56,3.70%,26.67%,8.33%,Quarterly,-,8,2.70%,10.90%
IMPP,Imperial Petroleum Inc.,225.62M,-,-,-,-,-,-,-,-,-
ANGI,Angi Inc.,224.68M,-,-,-,-,-,-,-,-,-
RGCO,"RGC Resources, Inc.",224.54M,0.87,4.06%,64.29%,4.56%,Quarterly,22,33,2.98%,3.33%
TRDA,"Entrada Therapeutics, Inc.",224.27M,-,-,-,-,-,-,-,-,-
FF,FutureFuel Corp.,224.14M,0.04,0.78%,-,-62.50%,Quarterly,-,19,-27.89%,-49.50%
ASUR,"Asure Software, Inc.",224.10M,-,-,-,-,-,-,-,-,-
SND,"Smart Sand, Inc.",223.44M,0.25,4.74%,100.28%,150.00%,Semi-Annual,1,3,-,-
YARW,"Yarrow Bioscience, Inc.",223.30M,0,-,-,-,-,-,1,-,-
PLAY,"Dave & Buster's Entertainment, Inc.",223.26M,0,-,-,-,-,-,-,-,-
ONCH,1RT Acquisition Corp.,222.74M,-,-,-,-,-,-,-,-,-
OSS,"One Stop Systems, Inc.",222.72M,-,-,-,-,-,-,-,-,-
LOVE,The Lovesac Company,222.41M,-,-,-,-,-,-,-,-,-
CFBK,CF Bankshares Inc.,222.03M,0.36,1.05%,12.37%,20.69%,Quarterly,5,7,16.74%,23.87%
KROS,"Keros Therapeutics, Inc.",221.27M,-,-,-,-,-,-,-,-,-
RILY,"BRC Group Holdings, Inc.",221.10M,0,-,-,-,-,-,-,-25.40%,30.26%
CGEN,Compugen Ltd.,220.71M,-,-,-,-,-,-,-,-,-
DGAC,Disciplined Growth Acquisition Corporation,220.41M,-,-,-,-,-,-,-,-,-
MBI,MBIA Inc.,220.39M,0,-,-,-,-,-,-,12.31%,14.87%
AIRO,"AIRO Group Holdings, Inc.",219.63M,-,-,-,-,-,-,-,-,-
PTAC,Patriot Acquisition Corp.,219.63M,-,-,-,-,-,-,-,-,-
LIEN,"Chicago Atlantic BDC, Inc.",219.53M,1.36,14.20%,97.97%,-,Quarterly,2,4,-,-
LMNR,Limoneira Company,218.67M,0.15,1.24%,-,-,-,-,18,-,-
TONX,TON Strategy Company,218.64M,-,-,-,-,-,-,-,-,-
AVXL,Anavex Life Sciences Corp.,218.30M,-,-,-,-,-,-,-,-,-
RNAC,"Cartesian Therapeutics, Inc.",218.14M,-,-,-,-,-,-,-,-,-
PLX,"Protalix BioTherapeutics, Inc.",217.54M,-,-,-,-,-,-,-,-,-
AOUT,"American Outdoor Brands, Inc.",216.39M,-,-,-,-,-,-,-,-,-
SPOK,"Spok Holdings, Inc.",216.35M,1.25,12.05%,218.26%,-,Quarterly,-,22,-,20.11%
ZUMZ,Zumiez Inc.,216.31M,-,-,-,-,-,-,-,-,-
CCAQ,Collective Acquisition Corp.,216.29M,-,-,-,-,-,-,-,-,-
GSHR,Gesher Acquisition Corp. II,216.20M,-,-,-,-,-,-,-,-,-
MAMK,MaxsMaking Inc.,216.13M,-,-,-,-,-,-,-,-,-
RC,Ready Capital Corporation,215.99M,0.04,3.07%,-,-93.60%,Quarterly,-,11,-70.51%,-52.12%
FORR,"Forrester Research, Inc.",215.14M,0,-,-,-,-,-,-,5.57%,5.92%
WHWK,"Whitehawk Therapeutics, Inc.",214.92M,-,-,-,-,-,-,-,-,-
PNNT,PennantPark Investment Corporation,214.82M,0.48,14.59%,438.29%,-29.17%,Monthly,4,20,-3.64%,7.21%
ELDN,"Eledon Pharmaceuticals, Inc.",214.74M,-,-,-,-,-,-,-,-,-
HDSN,"Hudson Technologies, Inc.",214.44M,-,-,-,-,-,-,-,-,-
ALEC,"Alector, Inc.",214.38M,-,-,-,-,-,-,-,-,-
CNTN,"Canton Strategic Holdings, Inc.",214.34M,-,-,-,-,-,-,-,-,-
SCM,Stellus Capital Investment Corporation,214.17M,1.36,18.01%,128.70%,-16.88%,Monthly,-,15,-4.77%,3.68%
EGHA,EGH Acquisition Corp.,213.61M,-,-,-,-,-,-,-,-,-
ADAG,Adagene Inc.,213.52M,-,-,-,-,-,-,-,-,-
OPHC,"OptimumBank Holdings, Inc.",213.36M,-,-,-,-,-,-,-,-,-
AESP,Aeon Acquisition I Corp.,213.25M,-,-,-,-,-,-,-,-,-
IDAC,Iron Dome Acquisition I Corp.,213.06M,-,-,-,-,-,-,-,-,-
HAVA,Harvard Ave Acquisition Corporation,211.90M,-,-,-,-,-,-,-,-,-
LCUT,"Lifetime Brands, Inc.",211.84M,0.17,1.87%,11.81%,-,Quarterly,-,16,-,-
GLDG,GoldMining Inc.,211.18M,-,-,-,-,-,-,-,-,-
PROF,Profound Medical Corp.,211.11M,-,-,-,-,-,-,-,-,-
RICK,"RCI Hospitality Holdings, Inc.",211.10M,0.32,1.15%,-,10.71%,Quarterly,7,11,10.46%,14.14%
PALO,Paloma Acquisition Corp I,210.28M,-,-,-,-,-,-,-,-,-
FHTX,Foghorn Therapeutics Inc.,209.93M,-,-,-,-,-,-,-,-,-
TAYD,"Taylor Devices, Inc.",209.69M,-,-,-,-,-,-,-,-,-
BGIN,Bgin Blockchain Limited,209.30M,-,-,-,-,-,-,-,-,-
FOCL,EDAP TMS S.A.,209.09M,-,-,-,-,-,-,-,-,-
OVBC,Ohio Valley Banc Corp.,208.84M,1.00,2.26%,33.16%,6.67%,Quarterly,1,33,-1.68%,2.71%
NCMI,"National CineMedia, Inc.",208.84M,0.09,4.14%,-,100.00%,-,-,2,-57.83%,-45.07%
VACI,Viking Acquisition Corp. I,208.64M,-,-,-,-,-,-,-,-,-
GSIT,"GSI Technology, Inc.",208.30M,-,-,-,-,-,-,-,-,-
ESOA,Energy Services of America Corporation,207.86M,0.16,1.43%,23.62%,16.67%,Quarterly,1,4,32.64%,18.47%
NSLR,Neostellar Capital Corp.,207.81M,1.00,12.77%,5.89%,-,-,1,1,-59.65%,-8.27%
TROO,"TROOPS, Inc.",207.67M,-,-,-,-,-,-,-,-,-
LDI,"loanDepot, Inc.",207.66M,0,-,-,-,-,-,-,-,-
FIRY,Firy Inc.,207.28M,-,-,-,-,-,-,-,-,-
WLII,Willow Lane Acquisition Corp. II,206.53M,-,-,-,-,-,-,-,-,-
REA,"Rare Earths Americas, Inc.",206.42M,-,-,-,-,-,-,-,-,-
XGN,Exagen Inc.,205.67M,-,-,-,-,-,-,-,-,-
NVA,Nova Minerals Corp,205.49M,-,-,-,-,-,-,-,-,-
XLAB,Exascale Labs Holdings Inc.,203.38M,-,-,-,-,-,-,-,-,-
CZWI,"Citizens Community Bancorp, Inc.",203.23M,0.42,2.00%,23.97%,-,Quarterly,6,14,-0.52%,6.49%
NGEN,NervGen Pharma Corp.,203.22M,-,-,-,-,-,-,-,-,-
SIDU,"Sidus Space, Inc.",202.96M,-,-,-,-,-,-,-,-,-
BRRK,Bluerock Acquisition Corp. II,202.70M,-,-,-,-,-,-,-,-,-
USBC,"USBC, Inc.",202.61M,-,-,-,-,-,-,-,-,-
KTWO,K2 Capital Acquisition Corporation,202.01M,-,-,-,-,-,-,-,-,-
GCTS,"GCT Semiconductor Holding, Inc.",200.95M,-,-,-,-,-,-,-,-,-
BEBE,TGE Value Creative Solutions Corp,200.80M,-,-,-,-,-,-,-,-,-
CRDL,Cardiol Therapeutics Inc.,200.79M,-,-,-,-,-,-,-,-,-
SGC,"Superior Group of Companies, Inc.",200.43M,0.56,4.46%,100.46%,-,Quarterly,-,50,-,4.94%
DEFT,DeFi Technologies Inc.,200.39M,-,-,-,-,-,-,-,-,-
FIGX,FIGX Capital Acquisition Corp.,200.25M,-,-,-,-,-,-,-,-,-
QUIK,QuickLogic Corporation,200.03M,-,-,-,-,-,-,-,-,-
FCAP,"First Capital, Inc.",200.01M,1.28,2.13%,23.19%,5.93%,Quarterly,3,28,5.32%,4.15%
ENHA,Enhanced Group Inc.,199.91M,-,-,-,-,-,-,-,-,-
CHCI,"Comstock Holding Companies, Inc.",199.47M,-,-,-,-,-,-,-,-,-
ETSS,Energy Transition Special Opportunities,199.00M,-,-,-,-,-,-,-,-,-
CMPX,"Compass Therapeutics, Inc.",199.00M,-,-,-,-,-,-,-,-,-
MPAA,"Motorcar Parts of America, Inc.",198.99M,-,-,-,-,-,-,-,-,-
APMC,AmperCap Acquisition Company,198.96M,-,-,-,-,-,-,-,-,-
CUE,"Cue Biopharma, Inc.",198.39M,-,-,-,-,-,-,-,-,-
LFAC,Leapfrog Acquisition Corporation,198.16M,-,-,-,-,-,-,-,-,-
AIIA,AI Infrastructure Acquisition Corp.,198.11M,-,-,-,-,-,-,-,-,-
ORMP,Oramed Pharmaceuticals Inc.,198.00M,0.25,5.25%,6.03%,-,-,-,1,-,-
XYF,X Financial,197.97M,0.56,10.95%,25.55%,5.84%,Semi-Annual,2,4,49.75%,27.41%
SES,SES AI Corporation,197.82M,-,-,-,-,-,-,-,-,-
THEO,BOA Acquisition Corp. II,197.34M,-,-,-,-,-,-,-,-,-
DPRO,Draganfly Inc.,197.07M,-,-,-,-,-,-,-,-,-
VLN,Valens Semiconductor Ltd.,197.06M,-,-,-,-,-,-,-,-,-
CHAD,DeFi Development Corp.,197.03M,0.09,0.99%,-,-,Weekly,-,1,-,-
KLTR,"Kaltura, Inc.",196.79M,-,-,-,-,-,-,-,-,-
AREC,American Resources Corporation,196.29M,0.04,2.34%,6.79%,-,-,-,1,-,-
EXFY,"Expensify, Inc.",196.05M,-,-,-,-,-,-,-,-,-
LARK,"Landmark Bancorp, Inc.",195.83M,0.84,2.62%,25.61%,5.00%,Quarterly,24,33,5.00%,6.03%
STIM,"Neuronetics, Inc.",195.83M,-,-,-,-,-,-,-,-,-
CXDO,"Crexendo, Inc.",195.53M,0,-,-,-,-,-,-,58.74%,31.95%
VRXA,Veraxa Biotech AG,195.14M,-,-,-,-,-,-,-,-,-
GDEV,GDEV Inc.,195.12M,0,-,-,-,-,-,-,-,-
RBKB,"Rhinebeck Bancorp, Inc.",194.73M,-,-,-,-,-,-,-,-,-
RXST,"RxSight, Inc.",194.24M,-,-,-,-,-,-,-,-,-
TPVG,TriplePoint Venture Growth BDC Corp.,194.19M,0.92,19.21%,81.58%,-25.00%,Quarterly,-,13,-20.30%,-10.87%
CPSS,"Consumer Portfolio Services, Inc.",193.99M,-,-,-,-,-,-,-,-,-
ALXO,ALX Oncology Holdings Inc.,193.59M,-,-,-,-,-,-,-,-,-
GLND,Greenland Energy Company,193.51M,-,-,-,-,-,-,-,-,-
PERF,Perfect Corp.,193.00M,-,-,-,-,-,-,-,-,-
NKTX,"Nkarta, Inc.",192.67M,-,-,-,-,-,-,-,-,-
CMT,"Core Molding Technologies, Inc.",192.50M,0,-,-,-,-,-,-,58.74%,31.95%
MITT,"TPG Mortgage Investment Trust, Inc.",192.41M,0.96,15.89%,130.43%,17.28%,Quarterly,2,16,9.68%,6.60%
TARA,"Protara Therapeutics, Inc.",192.36M,-,-,-,-,-,-,-,-,-
XPOF,"Xponential Fitness, Inc.",192.09M,-,-,-,-,-,-,-,-,-
SRI,"Stoneridge, Inc.",191.96M,-,-,-,-,-,-,-,-,-
ESP,Espey Mfg. & Electronics Corp.,191.93M,1.00,1.52%,44.99%,-,Quarterly,2,4,71.00%,11.84%
DHX,"DHI Group, Inc.",191.54M,-,-,-,-,-,-,-,-,-
ANTX,"AN2 Therapeutics, Inc.",191.32M,-,-,-,-,-,-,-,-,-
BETR,Better Home & Finance Holding Company,191.32M,-,-,-,-,-,-,-,-,-
FC,Franklin Covey Co.,190.98M,-,-,-,-,-,-,-,-,-
BID,Tribeca Strategic Acquisition Corp.,190.84M,-,-,-,-,-,-,-,-,-
ALTG,Alta Equipment Group Inc.,188.81M,0,-,-,-,-,-,4,-,-
CRNT,Ceragon Networks Ltd.,187.70M,-,-,-,-,-,-,-,-,-
SBFG,"SB Financial Group, Inc.",187.65M,0.64,2.13%,23.56%,6.78%,Quarterly,12,14,7.30%,9.00%
MSLE,Satellos Bioscience Inc.,187.58M,-,-,-,-,-,-,-,-,-
NUCL,Eagle Nuclear Energy Corp.,187.54M,-,-,-,-,-,-,-,-,-
LEDR,Leader's Advantage Acquisition Corp.,186.94M,-,-,-,-,-,-,-,-,-
CBFV,"CB Financial Services, Inc.",186.90M,1.12,3.05%,82.00%,8.91%,Quarterly,1,33,3.57%,2.76%
BNR,Burning Rock Biotech Limited,186.56M,-,-,-,-,-,-,-,-,-
ECBK,"ECB Bancorp, Inc.",184.80M,-,-,-,-,-,-,-,-,-
MINE,Mayfair Gold Corp.,184.73M,-,-,-,-,-,-,-,-,-
OSG,"Octave Specialty Group, Inc.",184.71M,0,-,-,-,-,-,-,-43.35%,-24.95%
OMSE,OMS Energy Technologies Inc.,184.65M,-,-,-,-,-,-,-,-,-
ACOG,Alpha Cognition Inc.,184.46M,-,-,-,-,-,-,-,-,-
LODE,Comstock Inc.,183.90M,-,-,-,-,-,-,-,-,-
FNWD,Finward Bancorp,183.81M,0.48,1.13%,21.16%,-,Quarterly,-,29,-27.12%,-17.29%
DFDV,DeFi Development Corp.,182.51M,-,-,-,-,-,-,-,-,-
HNVR,"Hanover Bancorp, Inc.",182.35M,0.40,1.54%,31.52%,-,Quarterly,-,5,-,-
CIA,"Citizens, Inc.",182.32M,0,-,-,-,-,-,-,-,-
DERM,Journey Medical Corporation,182.05M,-,-,-,-,-,-,-,-,-
AP,Ampco-Pittsburgh Corporation,182.00M,0,-,-,-,-,-,-,-20.63%,-12.94%
EPSN,Epsilon Energy Ltd.,180.49M,0.25,4.19%,-,-,Quarterly,-,5,-,-
TOYO,"TOYO Co., Ltd.",180.06M,-,-,-,-,-,-,-,-,-
CMTG,"Claros Mortgage Trust, Inc.",179.88M,0,-,-,-,-,-,-,-,-
MDWD,MediWound Ltd.,179.71M,-,-,-,-,-,-,-,-,-
ARCL,ARC Group Acquisition I Corp,179.69M,-,-,-,-,-,-,-,-,-
BZUN,Baozun Inc.,179.66M,-,-,-,-,-,-,-,-,-
PEPG,PepGen Inc.,179.04M,-,-,-,-,-,-,-,-,-
HLP,Hongli Group Inc.,178.63M,-,-,-,-,-,-,-,-,-
PAAC,Proem Acquisition Corp I,178.56M,-,-,-,-,-,-,-,-,-
GPAT,GP-Act III Acquisition Corp.,177.77M,-,-,-,-,-,-,-,-,-
CHEC,Chenghe Acquisition III Co.,177.76M,-,-,-,-,-,-,-,-,-
MRT,"Marti Technologies, Inc.",177.60M,-,-,-,-,-,-,-,-,-
MRLN,"Merlin, Inc.",177.37M,-,-,-,-,-,-,-,-,-
BWIV,Blue Water Acquisition Corp. IV,177.05M,-,-,-,-,-,-,-,-,-
SPMC,"Sound Point Meridian Capital, Inc.",176.49M,3.00,35.84%,-,-21.21%,Monthly,1,3,-,-
ORGO,Organogenesis Holdings Inc.,175.00M,-,-,-,-,-,-,-,-,-
BAFN,BayFirst Financial Corp.,174.99M,0,-,-,-,-,-,10,2.17%,3.71%
QSI,Quantum-Si incorporated,174.69M,-,-,-,-,-,-,-,-,-
CHRS,"Coherus Oncology, Inc.",174.59M,-,-,-,-,-,-,-,-,-
AMPY,Amplify Energy Corp.,174.53M,0,-,-,-,-,-,-,-,-
PONO,"Pono Capital Four, Inc.",174.00M,-,-,-,-,-,-,-,-,-
SJT,San Juan Basin Royalty Trust,173.85M,0,-,-,-,-,-,-,3.00%,-0.85%
NUTR,NusaTrip Incorporated,173.74M,-,-,-,-,-,-,-,-,-
NEN,New England Realty Associates Limited Partnership,173.41M,1.60,3.20%,-,-66.67%,Quarterly,4,24,-16.21%,4.56%
CURI,CuriosityStream Inc.,173.27M,0.34,11.62%,-,65.00%,Quarterly,1,3,-,-
AMBR,Amber International Holding Limited,172.52M,-,-,-,-,-,-,-,-,-
PED,PEDEVCO Corp.,172.52M,-,-,-,-,-,-,-,-,-
DTIL,"Precision BioSciences, Inc.",172.51M,-,-,-,-,-,-,-,-,-
LAWR,"Robot Consulting Co., Ltd.",172.35M,-,-,-,-,-,-,-,-,-
NAKA,Nakamoto Inc.,172.33M,-,-,-,-,-,-,-,-,-
ANNA,"AleAnna, Inc.",172.02M,-,-,-,-,-,-,-,-,-
OZ,"Belpointe PREP, LLC",171.47M,-,-,-,-,-,-,-,-,-
HSDT,Solana Company,171.10M,-,-,-,-,-,-,-,-,-
AOMR,"Angel Oak Mortgage REIT, Inc.",170.63M,1.28,17.39%,170.28%,-,Quarterly,-,6,-,-
MNSB,"MainStreet Bancshares, Inc.",170.29M,0.40,1.61%,19.71%,-,Quarterly,-,5,-,-
TNXP,Tonix Pharmaceuticals Holding Corp.,169.97M,-,-,-,-,-,-,-,-,-
FLWS,"1-800-FLOWERS.COM, Inc.",169.45M,-,-,-,-,-,-,-,-,-
RDCM,RADCOM Ltd.,169.39M,-,-,-,-,-,-,-,-,-
CTAA,ClearThink 1 Acquisition Corp.,169.17M,-,-,-,-,-,-,-,-,-
PLG,Platinum Group Metals Ltd.,169.15M,-,-,-,-,-,-,-,-,-
EBMT,"Eagle Bancorp Montana, Inc.",168.13M,0.59,2.76%,28.78%,1.75%,Quarterly,14,27,1.78%,6.89%
QTRX,Quanterix Corporation,166.94M,-,-,-,-,-,-,-,-,-
VYGR,"Voyager Therapeutics, Inc.",166.68M,-,-,-,-,-,-,-,-,-
ABOS,"Acumen Pharmaceuticals, Inc.",166.33M,-,-,-,-,-,-,-,-,-
NMP,NMP Acquisition Corp.,165.86M,-,-,-,-,-,-,-,-,-
ONEW,OneWater Marine Inc.,165.32M,0,-,-,-,-,-,-,-,-
AIIO,Robo.ai Inc.,164.86M,-,-,-,-,-,-,-,-,-
BVFL,"BV Financial, Inc.",164.54M,0,-,-,-,-,-,-,44.22%,-5.59%
SEVN,Seven Hills Realty Trust,163.92M,1.12,15.43%,184.97%,-15.79%,Quarterly,-,6,-4.85%,-
WHG,"Westwood Holdings Group, Inc.",163.72M,0.60,3.13%,69.46%,-,Quarterly,-,25,-,14.87%
UIS,Unisys Corporation,163.33M,-,-,-,-,-,-,-,-,-
NERV,"Minerva Neurosciences, Inc.",162.34M,-,-,-,-,-,-,-,-,-
ATOM,Atomera Incorporated,162.14M,-,-,-,-,-,-,-,-,-
QRED,Quasaredge Acquisition Corporation,161.20M,-,-,-,-,-,-,-,-,-
EARN,Ellington Credit Company,161.08M,0.96,22.78%,-,-,Monthly,-,14,-,-3.71%
MRDN,Meridian Holdings Inc.,160.94M,-,-,-,-,-,-,-,-,-
ADCT,ADC Therapeutics SA,160.86M,-,-,-,-,-,-,-,-,-
LKSP,Lake Superior Acquisition Corp.,160.70M,-,-,-,-,-,-,-,-,-
SAGU,Shreya Acquisition Group,160.63M,-,-,-,-,-,-,-,-,-
WENC,West Enclave Merger Corp.,160.50M,-,-,-,-,-,-,-,-,-
NYXH,Nyxoah SA,160.44M,-,-,-,-,-,-,-,-,-
ENGS,Energys Group Limited,160.36M,-,-,-,-,-,-,-,-,-
LAFA,LaFayette Acquisition Corp.,160.28M,-,-,-,-,-,-,-,-,-
GLED,GalaxyEdge Acquisition Corporation,160.14M,-,-,-,-,-,-,-,-,-
FJDI,ARC Group Securities Acquisition I,160.08M,-,-,-,-,-,-,-,-,-
SITC,SITE Centers Corp.,160.05M,3.00,98.04%,124.54%,-36.84%,Quarterly,1,34,12.98%,13.40%
JRVR,"James River Group Holdings, Inc.",159.52M,0.04,1.17%,8.13%,-,Quarterly,-,12,-41.52%,-49.35%
SPEG,Silver Pegasus Acquisition Corp.,159.16M,-,-,-,-,-,-,-,-,-
OBTC,Osprey Bitcoin Trust,159.15M,-,-,-,-,-,-,-,-,-
SKYX,SKYX Platforms Corp.,159.13M,-,-,-,-,-,-,-,-,-
FMAC,Future Money Acquisition Corporation,158.75M,-,-,-,-,-,-,-,-,-
BSET,"Bassett Furniture Industries, Incorporated",158.10M,0.80,4.35%,125.91%,-,Quarterly,5,16,6.62%,9.21%
WPAC,White Pearl Acquisition Corp.,157.92M,-,-,-,-,-,-,-,-,-
NBP,NovaBridge Biosciences,157.76M,-,-,-,-,-,-,-,-,-
FINW,FinWise Bancorp,157.57M,-,-,-,-,-,-,-,-,-
HTLM,HomesToLife Ltd.,156.95M,0.07,3.61%,33.47%,-,-,-,1,-,-
HUHU,HUHUTECH International Group Inc.,155.89M,-,-,-,-,-,-,-,-,-
HUCK,"Huckleberry.ai, Inc.",155.69M,-,-,-,-,-,-,-,-,-
OGI,Organigram Global Inc.,155.59M,-,-,-,-,-,-,-,-,-
JELD,"JELD-WEN Holding, Inc.",154.44M,-,-,-,-,-,-,-,-,-
TONT,Graf Global Corp.,154.34M,-,-,-,-,-,-,-,-,-
MSC,Studio City International Holdings Limited,154.07M,-,-,-,-,-,-,-,-,-
IPHA,Innate Pharma S.A.,153.98M,-,-,-,-,-,-,-,-,-
LUCD,Lucid Diagnostics Inc.,153.64M,-,-,-,-,-,-,-,-,-
SAFX,"XCF Global, Inc.",153.28M,-,-,-,-,-,-,-,-,-
HUMA,"Humacyte, Inc.",153.26M,-,-,-,-,-,-,-,-,-
INAC,Indigo Acquisition Corp.,152.57M,-,-,-,-,-,-,-,-,-
DVLT,Datavault AI Inc.,151.96M,-,-,-,-,-,-,-,-,-
OTLK,"Outlook Therapeutics, Inc.",151.94M,-,-,-,-,-,-,-,-,-
TCGX,TCGX Acquisition Corp.,151.75M,-,-,-,-,-,-,-,-,-
ELME,Elme Communities,151.52M,14.67,862.94%,-,-,-,-,56,181.76%,66.18%
YCY,AA Mission Acquisition Corp. II,151.04M,-,-,-,-,-,-,-,-,-
CEPS,"Cantor Equity Partners VI, Inc.",150.86M,-,-,-,-,-,-,-,-,-
WW,"WW International, Inc.",150.38M,-,-,-,-,-,-,-,-,-
DLTH,Duluth Holdings Inc.,150.12M,-,-,-,-,-,-,-,-,-
SSTK,"Shutterstock, Inc.",150.01M,1.44,35.56%,-,9.52%,Quarterly,5,7,10.60%,12.67%
WHF,"WhiteHorse Finance, Inc.",149.91M,1.05,14.84%,129.45%,-35.87%,Quarterly,-,15,-12.74%,-6.59%
NIU,Niu Technologies,149.03M,-,-,-,-,-,-,-,-,-
LEE,"Lee Enterprises, Incorporated",148.91M,0,-,-,-,-,-,-,1.82%,2.25%
TRAK,"ReposiTrak, Inc.",148.84M,0.08,0.98%,21.62%,7.45%,Quarterly,1,5,10.06%,-
MOLN,Molecular Partners AG,148.83M,-,-,-,-,-,-,-,-,-
EGAN,eGain Corporation,148.78M,-,-,-,-,-,-,-,-,-
OWLT,"Owlet, Inc.",148.45M,-,-,-,-,-,-,-,-,-
APUR,Aperture AC,148.29M,-,-,-,-,-,-,-,-,-
INTT,InTest Corporation,148.18M,0,-,-,-,-,-,-,-,-
NLOP,Net Lease Office Properties,148.14M,0.34,3.42%,-,-,-,1,2,-,-
CAAS,"China Automotive Systems, Inc.",147.99M,0,-,-,-,-,-,-,-,-
CDXS,"Codexis, Inc.",147.83M,-,-,-,-,-,-,-,-,-
SRFM,Surf Air Mobility Inc.,147.75M,-,-,-,-,-,-,-,-,-
TRAD,Apex Tech Acquisition Inc.,147.54M,-,-,-,-,-,-,-,-,-
BYND,"Beyond Meat, Inc.",147.35M,-,-,-,-,-,-,-,-,-
CEPL,"Capstone Energy+, Inc.",147.23M,-,-,-,-,-,-,-,-,-
ALPX,Alpex Acquisition Corporation,147.19M,-,-,-,-,-,-,-,-,-
OPRX,OptimizeRx Corporation,146.92M,-,-,-,-,-,-,-,-,-
ZJYL,Jin Medical International Ltd.,146.67M,-,-,-,-,-,-,-,-,-
EDRY,EuroDry Ltd.,146.65M,-,-,-,-,-,-,-,-,-
NCO,Southern Cross Acquisition I Corp.,145.97M,-,-,-,-,-,-,-,-,-
MENS,Jyong Biotech Ltd.,145.87M,-,-,-,-,-,-,-,-,-
INGN,"Inogen, Inc.",144.63M,-,-,-,-,-,-,-,-,-
EML,The Eastern Company,144.51M,0.44,1.83%,33.24%,-,Quarterly,-,56,-,-
RNA,"Atrium Therapeutics, Inc.",144.20M,-,-,-,-,-,-,-,-,-
ONL,Orion Properties Inc.,143.18M,0.08,3.19%,-,-50.00%,Quarterly,-,5,-41.52%,-
NAUT,"Nautilus Biotechnology, Inc.",142.53M,-,-,-,-,-,-,-,-,-
NSAI,Northstrive Acquisition Corp I.,142.44M,-,-,-,-,-,-,-,-,-
LFMD,"LifeMD, Inc.",141.95M,-,-,-,-,-,-,-,-,-
PLUN,Plutonian Acquisition Corp II,141.84M,-,-,-,-,-,-,-,-,-
KRMD,"KORU Medical Systems, Inc.",141.52M,-,-,-,-,-,-,-,-,-
HURC,"Hurco Companies, Inc.",141.12M,0,-,-,-,-,-,-,6.49%,7.30%
CLPR,Clipper Realty Inc.,141.02M,0.38,11.45%,-,-,Quarterly,-,10,-,-
BRLT,"Brilliant Earth Group, Inc.",140.75M,0,-,-,-,-,-,1,-,-
AGPU,Axe Compute Inc.,140.72M,-,-,-,-,-,-,-,-,-
BHAV,BHAV Acquisition Corp,140.61M,-,-,-,-,-,-,-,-,-
MYX,Maywood Acquisition Corp. 2,140.60M,-,-,-,-,-,-,-,-,-
ARMP,"Armata Pharmaceuticals, Inc.",140.36M,-,-,-,-,-,-,-,-,-
RRGB,"Red Robin Gourmet Burgers, Inc.",140.36M,-,-,-,-,-,-,-,-,-
KRRO,"Korro Bio, Inc.",140.19M,-,-,-,-,-,-,-,-,-
GRO,Brazil Potash Corp.,140.00M,-,-,-,-,-,-,-,-,-
XFLH,XFLH Capital Corporation,139.71M,-,-,-,-,-,-,-,-,-
VNCE,Vince Holding Corp.,139.67M,-,-,-,-,-,-,-,-,-
SRBK,"SR Bancorp, Inc.",139.65M,0.24,1.25%,50.00%,-,Quarterly,-,2,-,-
HOST,Host Digital Inc.,139.59M,-,-,-,-,-,-,-,-,-
DOYU,DouYu International Holdings Limited,139.43M,0,-,-,-,-,-,-,-,-
RFAM,RF Acquisition Corp III,139.19M,-,-,-,-,-,-,-,-,-
TUSK,"Mammoth Energy Services, Inc.",139.09M,0,-,-,-,-,-,-,-,-
SIF,"SIFCO Industries, Inc.",138.97M,0,-,-,-,-,-,-,-,14.87%
SCPQ,Social Commerce Partners Corporation,138.61M,-,-,-,-,-,-,-,-,-
DOUG,Douglas Elliman Inc.,138.15M,0,-,-,-,-,-,-,-,-
UAC,United Acquisition Corp. I,138.12M,-,-,-,-,-,-,-,-,-
GHI,Greystone Housing Impact Investors LP,138.08M,0.56,9.54%,-,-50.00%,Quarterly,-,41,-24.52%,-8.92%
HOFT,Hooker Furnishings Corporation,138.07M,0.46,3.55%,-,-50.00%,Quarterly,-,27,-19.45%,-8.57%
ZJK,"ZJK Industrial Co., Ltd.",137.65M,-,-,-,-,-,-,-,-,-
AIRS,"AirSculpt Technologies, Inc.",137.34M,0,-,-,-,-,-,-,-,-
OXSQ,Oxford Square Capital Corp.,137.33M,0.42,33.07%,-,-,Monthly,-,23,-,-
MX,Magnachip Semiconductor Corporation,137.28M,-,-,-,-,-,-,-,-,-
TLAC,Three Lions Acquisition Corp.,137.10M,-,-,-,-,-,-,-,-,-
DIBS,"1stdibs.Com, Inc.",136.81M,-,-,-,-,-,-,-,-,-
FTHA,Forefront Tech Holdings Acquisition Corp.,136.76M,-,-,-,-,-,-,-,-,-
TLYS,"Tilly's, Inc.",136.73M,0,-,-,-,-,-,-,25.99%,-
SPRB,"Spruce Biosciences, Inc.",136.30M,-,-,-,-,-,-,-,-,-
EPM,Evolution Petroleum Corporation,136.30M,0.48,13.83%,-,-,Quarterly,-,14,-,21.67%
WALD,Waldencast plc,135.96M,-,-,-,-,-,-,-,-,-
OCAC,Ocean Capital Acquisition Corporation,135.86M,-,-,-,-,-,-,-,-,-
OTAI,Starlink AI Acquisition Corporation,134.88M,-,-,-,-,-,-,-,-,-
ZKIN,"ZK International Group Co., Ltd.",134.78M,-,-,-,-,-,-,-,-,-
CRBP,"Corbus Pharmaceuticals Holdings, Inc.",134.42M,-,-,-,-,-,-,-,-,-
CLAR,Clarus Corporation,134.39M,0.10,2.87%,-,-,Quarterly,-,9,-,-
DH,Definitive Healthcare Corp.,134.27M,-,-,-,-,-,-,-,-,-
AMTX,"Aemetis, Inc.",133.87M,-,-,-,-,-,-,-,-,-
KVHI,"KVH Industries, Inc.",133.34M,-,-,-,-,-,-,-,-,-
HURA,"TuHURA Biosciences, Inc.",133.19M,-,-,-,-,-,-,-,-,-
TORO,Toro Corp.,133.18M,2.65,51.06%,-,-,Semi-Annual,-,1,-,-
OCC,Optical Cable Corporation,132.98M,0,-,-,-,-,-,-,10.06%,-
CRBU,"Caribou Biosciences, Inc.",132.94M,-,-,-,-,-,-,-,-,-
LSBK,"Lake Shore Bancorp, Inc.",132.85M,0.36,2.00%,31.58%,1.21%,Quarterly,-,3,-10.48%,-1.65%
FGBI,"First Guaranty Bancshares, Inc.",132.81M,0.04,0.50%,-,-,Quarterly,-,21,-60.31%,-41.46%
RTB,"RTB Digital, Inc.",132.80M,-,-,-,-,-,-,-,-,-
HYNE,"Hoyne Bancorp, Inc.",132.79M,-,-,-,-,-,-,-,-,-
NEOV,NeoVolta Inc.,132.65M,-,-,-,-,-,-,-,-,-
HCAT,"Health Catalyst, Inc.",132.45M,-,-,-,-,-,-,-,-,-
UP,Wheels Up Experience Inc.,132.04M,-,-,-,-,-,-,-,-,-
TNYA,"Tenaya Therapeutics, Inc.",131.98M,-,-,-,-,-,-,-,-,-
KZIA,Kazia Therapeutics Limited,131.76M,-,-,-,-,-,-,-,-,-
ACNT,Ascent Industries Co.,131.36M,0,-,-,-,-,-,-,-5.90%,-0.78%
ENGN,enGene Therapeutics Inc.,131.35M,-,-,-,-,-,-,-,-,-
EWAV,East West Ave Acquisition Corp.,131.03M,-,-,-,-,-,-,-,-,-
STEX,Streamex Corp.,130.37M,-,-,-,-,-,-,-,-,-
IMUX,"Immunic, Inc.",130.17M,-,-,-,-,-,-,-,-,-
NMRA,"Neumora Therapeutics, Inc.",129.93M,-,-,-,-,-,-,-,-,-
RGP,"Resources Connection, Inc.",129.68M,0.28,7.42%,-,-33.33%,Quarterly,-,17,-20.63%,-12.94%
GSIW,Garden Stage Limited,129.62M,-,-,-,-,-,-,-,-,-
CTW,CTW,129.17M,-,-,-,-,-,-,-,-,-
TISI,"Team, Inc.",129.09M,0,-,-,-,-,-,-,-,-
VECA,Vernal Capital Acquisition Corp.,128.77M,-,-,-,-,-,-,-,-,-
VERI,"Veritone, Inc.",128.59M,-,-,-,-,-,-,-,-,-
ZENA,"ZenaTech, Inc.",128.44M,-,-,-,-,-,-,-,-,-
UNCY,"Unicycive Therapeutics, Inc.",128.41M,-,-,-,-,-,-,-,-,-
TLSA,Tiziana Life Sciences Ltd,128.20M,-,-,-,-,-,-,-,-,-
DLNG,Dynagas LNG Partners LP,128.19M,0.20,5.68%,11.84%,2.04%,Quarterly,1,3,59.81%,-20.38%
SMID,Smith-Midland Corporation,128.05M,0,-,-,-,-,-,-,76.52%,9.46%
FWAC,Futurewave Acquisition Corporation,127.62M,-,-,-,-,-,-,-,-,-
FXAC,FortuneX Acquisition Corporation,127.33M,-,-,-,-,-,-,-,-,-
SHIM,Shimmick Corporation,127.31M,-,-,-,-,-,-,-,-,-
PNBK,"Patriot National Bancorp, Inc.",126.64M,0,-,-,-,-,-,-,58.74%,31.95%
MGYR,"Magyar Bancorp, Inc.",125.88M,0.40,2.05%,20.32%,31.03%,Quarterly,2,6,23.86%,-
STXS,"Stereotaxis, Inc.",125.75M,-,-,-,-,-,-,-,-,-
VIVO,VivoPower PLC,125.73M,-,-,-,-,-,-,-,-,-
NRXP,"NRx Pharmaceuticals, Inc.",125.68M,-,-,-,-,-,-,-,-,-
JLHL,Julong Holding Limited,125.47M,-,-,-,-,-,-,-,-,-
OESX,"Orion Energy Systems, Inc.",125.23M,-,-,-,-,-,-,-,-,-
COOK,"Traeger, Inc.",125.08M,-,-,-,-,-,-,-,-,-
FOA,Finance of America Companies Inc.,124.72M,-,-,-,-,-,-,-,-,-
AIB,AIB Data Centers Inc.,124.61M,-,-,-,-,-,-,-,-,-
LENZ,"LENZ Therapeutics, Inc.",124.27M,0,-,-,-,-,-,-,-,-
RYDE,Ryde Group Ltd,124.09M,-,-,-,-,-,-,-,-,-
BOTJ,"Bank of the James Financial Group, Inc.",124.08M,0.40,1.47%,15.82%,-,Quarterly,-,13,7.72%,8.92%
ANPA,Rich Sparkle Holdings Limited,123.99M,-,-,-,-,-,-,-,-,-
FLYX,"flyExclusive, Inc.",123.52M,-,-,-,-,-,-,-,-,-
LX,LexinFintech Holdings Ltd.,123.49M,0.38,50.93%,34.35%,101.90%,Semi-Annual,2,4,-,-
SAMG,Silvercrest Asset Management Group Inc.,123.10M,0.84,8.11%,738.92%,3.70%,Quarterly,8,14,4.79%,5.26%
AKA,a.k.a. Brands Holding Corp.,122.88M,-,-,-,-,-,-,-,-,-
UFI,"Unifi, Inc.",122.87M,1.68,25.30%,-,-,-,-,-,11.87%,5.92%
PLBY,"Playboy, Inc.",122.80M,-,-,-,-,-,-,-,-,-
LANV,Lanvin Group Holdings Limited,122.79M,-,-,-,-,-,-,-,-,-
BEEP,Mobile Infrastructure Corporation,122.59M,-,-,-,-,-,-,-,-,-
BMHL,Bluemount Holdings Limited,122.52M,-,-,-,-,-,-,-,-,-
MED,"Medifast, Inc.",122.51M,0,-,-,-,-,-,-,13.39%,27.97%
CODA,"Coda Octopus Group, Inc.",122.20M,-,-,-,-,-,-,-,-,-
INO,"Inovio Pharmaceuticals, Inc.",122.01M,-,-,-,-,-,-,-,-,-
SUIG,SUI Group Holdings Limited,121.35M,0,-,-,-,-,-,-,-,-
BHR,Braemar Hotels & Resorts Inc.,120.90M,0.05,3.03%,-,-,-,-,4,35.72%,-20.76%
CHAR,Charlton Aria Acquisition Corporation,120.40M,-,-,-,-,-,-,-,-,-
MXCT,"MaxCyte, Inc.",120.24M,-,-,-,-,-,-,-,-,-
BOOM,DMC Global Inc.,119.55M,0,-,-,-,-,-,-,70.28%,19.81%
VRA,"Vera Bradley, Inc.",118.77M,-,-,-,-,-,-,-,-,-
AXR,AMREP Corporation,118.71M,0,-,-,-,-,-,-,35.72%,-
RVSB,"Riverview Bancorp, Inc.",118.52M,0.08,1.35%,-,-,Quarterly,-,12,-30.66%,-16.74%
SFBC,"Sound Financial Bancorp, Inc.",118.39M,0.84,1.83%,26.92%,7.89%,Quarterly,-,14,4.43%,1.53%
HCHL,Happy City Holdings Limited,118.18M,-,-,-,-,-,-,-,-,-
QUMS,Quantumsphere Acquisition Corporation,117.94M,-,-,-,-,-,-,-,-,-
WSBK,"Winchester Bancorp, Inc.",117.87M,-,-,-,-,-,-,-,-,-
BRKH,Burtech Acquisition Corp II,117.78M,-,-,-,-,-,-,-,-,-
NINE,"Nine Energy Service, Inc.",117.74M,-,-,-,-,-,-,-,-,-
COYA,"Coya Therapeutics, Inc.",117.29M,-,-,-,-,-,-,-,-,-
XHG,XChange TEC.INC,117.01M,-,-,-,-,-,-,-,-,-
SANG,Sangoma Technologies Corporation,116.75M,-,-,-,-,-,-,-,-,-
EGG,Enigmatig Limited,116.50M,-,-,-,-,-,-,-,-,-
CPIX,Cumberland Pharmaceuticals Inc.,116.42M,0,-,-,-,-,-,1,-,-
WTF,Waton Financial Limited,116.25M,-,-,-,-,-,-,-,-,-
LGCY,Legacy Education Inc.,116.22M,-,-,-,-,-,-,-,-,-
BHR.PRD,Braemar Hotels & Resorts Inc.,116.07M,2.06,12.40%,-,-,Quarterly,-,9,-,-
AARD,"Aardvark Therapeutics, Inc.",115.55M,-,-,-,-,-,-,-,-,-
UNB,"Union Bankshares, Inc.",115.49M,1.44,6.17%,55.65%,-,Quarterly,-,29,0.23%,1.91%
FEAM,"5E Advanced Materials, Inc.",115.36M,-,-,-,-,-,-,-,-,-
AIOS,AIOS Tech Inc.,114.83M,-,-,-,-,-,-,-,-,-
PLMK,Plum Acquisition Corp. IV,114.73M,-,-,-,-,-,-,-,-,-
EVTL,Vertical Aerospace Ltd.,114.68M,-,-,-,-,-,-,-,-,-
VANI,"Vivani Medical, Inc.",114.56M,-,-,-,-,-,-,-,-,-
BHM,"Bluerock Homes Trust, Inc.",114.42M,0.50,5.88%,-,-,Quarterly,-,2,-,-
PROV,"Provident Financial Holdings, Inc.",114.39M,0.56,3.04%,54.37%,-,Quarterly,-,25,-,-
QUCY,Quantum Cyber N.V.,114.33M,-,-,-,-,-,-,-,-,-
HOVR,New Horizon Aircraft Ltd.,114.27M,-,-,-,-,-,-,-,-,-
CBUS,"Cibus, Inc.",113.88M,-,-,-,-,-,-,-,-,-
KULR,"KULR Technology Group, Inc.",113.80M,-,-,-,-,-,-,-,-,-
BSBK,Bogota Financial Corp.,113.69M,-,-,-,-,-,-,-,-,-
SEER,"Seer, Inc.",113.51M,-,-,-,-,-,-,-,-,-
CVGI,"Commercial Vehicle Group, Inc.",112.47M,-,-,-,-,-,-,-,-,-
MIST,Milestone Pharmaceuticals Inc.,111.88M,-,-,-,-,-,-,-,-,-
OKUR,"OnKure Therapeutics, Inc.",110.96M,-,-,-,-,-,-,-,-,-
GNLX,Genelux Corporation,110.69M,-,-,-,-,-,-,-,-,-
RACD,Research Alliance Corporation IV,110.55M,-,-,-,-,-,-,-,-,-
CTOR,"Citius Oncology, Inc.",109.99M,-,-,-,-,-,-,-,-,-
PBHC,"Pathfinder Bancorp, Inc.",109.88M,0.40,2.29%,"1,465.31%",-,Quarterly,5,31,3.57%,9.00%
DMRC,Digimarc Corporation,109.86M,0,-,-,-,-,-,-,-,-
JYNT,The Joint Corp.,109.66M,-,-,-,-,-,-,-,-,-
TVGN,Tevogen Inc.,109.53M,-,-,-,-,-,-,-,-,-
RANI,"Rani Therapeutics Holdings, Inc.",109.36M,-,-,-,-,-,-,-,-,-
NICM,Nicola Mining Inc.,108.77M,-,-,-,-,-,-,-,-,-
MWC,"Micware Co., Ltd.",108.74M,-,-,-,-,-,-,-,-,-
INVZ,Innoviz Technologies Ltd.,108.53M,-,-,-,-,-,-,-,-,-
APYX,Apyx Medical Corporation,108.47M,-,-,-,-,-,-,-,-,-
PZG,Paramount Gold Nevada Corp.,108.20M,-,-,-,-,-,-,-,-,-
EQ,"Equillium, Inc.",108.11M,-,-,-,-,-,-,-,-,-
PYPD,PolyPid Ltd.,107.86M,-,-,-,-,-,-,-,-,-
QSEA,Quartzsea Acquisition Corporation,107.83M,-,-,-,-,-,-,-,-,-
NRDY,Nerdy Inc.,107.68M,-,-,-,-,-,-,-,-,-
TCX,Tucows Inc.,107.68M,-,-,-,-,-,-,-,-,-
RDZN,"Roadzen, Inc.",107.23M,-,-,-,-,-,-,-,-,-
CNXU,Conexeu Sciences Inc.,106.48M,-,-,-,-,-,-,-,-,-
TENX,"Tenax Therapeutics, Inc.",106.26M,-,-,-,-,-,-,-,-,-
BDTX,"Black Diamond Therapeutics, Inc.",105.71M,-,-,-,-,-,-,-,-,-
BYFC,Broadway Financial Corporation,105.67M,0,-,-,-,-,-,-,-7.17%,-4.36%
MACI,Melar Acquisition Corp. I,105.48M,-,-,-,-,-,-,-,-,-
INSE,"Inspired Entertainment, Inc.",105.17M,-,-,-,-,-,-,-,-,-
FURY,Fury Gold Mines Limited,104.90M,-,-,-,-,-,-,-,-,-
IMDX,Insight Molecular Diagnostics Inc.,104.72M,-,-,-,-,-,-,-,-,-
PLCI,Pelican Acquisition II Corporation,104.70M,-,-,-,-,-,-,-,-,-
RFL,"Rafael Holdings, Inc.",104.52M,-,-,-,-,-,-,-,-,-
CHPG,ChampionsGate Acquisition Corporation,104.37M,-,-,-,-,-,-,-,-,-
VIOT,"Viomi Technology Co., Ltd",104.35M,0.06,3.60%,-,-,-,-,2,20.51%,-
PMVP,"PMV Pharmaceuticals, Inc.",104.21M,-,-,-,-,-,-,-,-,-
CLLS,Cellectis S.A.,103.39M,-,-,-,-,-,-,-,-,-
LAKE,"Lakeland Industries, Inc.",103.39M,0.03,0.29%,-,-,-,-,3,-,-
NFE,New Fortress Energy Inc.,103.23M,0,-,-,-,-,-,-,-,-
CHMI,Cherry Hill Mortgage Investment Corporation,102.87M,0.40,14.63%,222.75%,-27.27%,Quarterly,-,14,-21.91%,-18.02%
CBAT,CBAK Energy Technology Limited,102.83M,-,-,-,-,-,-,-,-,-
ULBI,Ultralife Corporation,102.81M,-,-,-,-,-,-,-,-,-
PLYX,"Polaryx Therapeutics, Inc.",102.68M,-,-,-,-,-,-,-,-,-
HMR,Heidmar Maritime Holdings Corp.,102.65M,-,-,-,-,-,-,-,-,-
VIRC,Virco Mfg. Corporation,102.46M,0.10,1.54%,-,-,Quarterly,2,4,71.00%,37.97%
TP,Ticketplus Ltd.,102.22M,-,-,-,-,-,-,-,-,-
GHG,GreenTree Hospitality Group Ltd.,101.91M,0.06,5.94%,107.13%,-,-,-,2,-54.18%,-
FJET,"Starfighters Space, Inc.",101.74M,-,-,-,-,-,-,-,-,-
MNOV,"MediciNova, Inc.",101.64M,-,-,-,-,-,-,-,-,-
BVC,BitVentures Limited,101.31M,-,-,-,-,-,-,-,-,-
STHO,Star Holdings,101.24M,-,-,-,-,-,-,-,-,-
NIPG,NIP Group Inc.,101.15M,-,-,-,-,-,-,-,-,-
OCLT,OceanLight Acquisition Corporation,100.99M,-,-,-,-,-,-,-,-,-
NTRB,Nutriband Inc.,100.89M,-,-,-,-,-,-,-,-,-
CSTE,Caesarstone Ltd.,100.27M,0,-,-,-,-,-,-,-13.03%,8.57%
FLNT,"Fluent, Inc.",100.19M,-,-,-,-,-,-,-,-,-
SPKL,Spark I Acquisition Corporation,100.18M,-,-,-,-,-,-,-,-,-
ECOR,"electroCore, Inc.",99.90M,-,-,-,-,-,-,-,-,-
VATE,INNOVATE Corp.,99.86M,0,-,-,-,-,-,-,-,-
BWEN,"Broadwind, Inc.",99.60M,-,-,-,-,-,-,-,-,-
AMAN,Amanat Acquisition Corp,99.56M,-,-,-,-,-,-,-,-,-
QXL,Quantum X Labs Inc.,99.54M,-,-,-,-,-,-,-,-,-
SVRN,"SVRN, Inc.",99.42M,0,-,-,-,-,-,-,-,-
PAL,"Proficient Auto Logistics, Inc.",99.31M,-,-,-,-,-,-,-,-,-
RACC,Research Alliance Corporation III,99.26M,-,-,-,-,-,-,-,-,-
SRG,Seritage Growth Properties,99.13M,0,-,-,-,-,-,-,-,-
PUSA,Aureus Greenway Holdings Inc.,98.61M,-,-,-,-,-,-,-,-,-
KEQU,Kewaunee Scientific Corporation,98.50M,0,-,-,-,-,-,-,12.07%,11.05%
ZVIA,Zevia PBC,98.23M,-,-,-,-,-,-,-,-,-
USGO,U.S. GoldMining Inc.,97.69M,-,-,-,-,-,-,-,-,-
WFF,WF Holding Limited,97.53M,-,-,-,-,-,-,-,-,-
BUDA,"Buda Juice, Inc.",97.52M,-,-,-,-,-,-,-,-,-
UPXI,"Upexi, Inc.",97.29M,-,-,-,-,-,-,-,-,-
GCL,GCL Global Holdings Ltd,97.29M,-,-,-,-,-,-,-,-,-
ANIX,"Anixa Biosciences, Inc.",96.99M,-,-,-,-,-,-,-,-,-
RNAQ,Rainier Acquisition Corporation,96.55M,-,-,-,-,-,-,-,-,-
TGEN,Tecogen Inc.,96.30M,-,-,-,-,-,-,-,-,-
PMN,"ProMIS Neurosciences, Inc.",95.86M,-,-,-,-,-,-,-,-,-
SUNS,"Sunrise Realty Trust, Inc.",95.69M,1.20,16.93%,125.72%,-9.09%,Quarterly,1,3,-,-
PARK,"Park Dental Partners, Inc.",95.60M,-,-,-,-,-,-,-,-,-
SLNG,"Stabilis Solutions, Inc.",95.40M,-,-,-,-,-,-,-,-,-
BGM,BGM Group Ltd.,95.35M,-,-,-,-,-,-,-,-,-
FLX,BingEx Limited,94.97M,-,-,-,-,-,-,-,-,-
AMPG,"AmpliTech Group, Inc.",94.79M,-,-,-,-,-,-,-,-,-
TAVI,Tavia Acquisition Corp.,94.28M,-,-,-,-,-,-,-,-,-
CANG,Cango Inc.,93.94M,-,-,-,-,-,-,-,-,-
NRXS,"NeurAxis, Inc.",93.81M,-,-,-,-,-,-,-,-,-
CRDF,"Cardiff Oncology, Inc.",93.74M,-,-,-,-,-,-,-,-,-
AUBN,"Auburn National Bancorporation, Inc.",93.38M,1.08,4.03%,44.98%,-,Quarterly,-,32,0.15%,0.85%
LINK,"Interlink Electronics, Inc.",93.34M,-,-,-,-,-,-,-,-,-
BMEA,"Biomea Fusion, Inc.",93.14M,-,-,-,-,-,-,-,-,-
GRWG,GrowGeneration Corp.,93.09M,-,-,-,-,-,-,-,-,-
ZSTK,ZeroStack Corp.,92.74M,-,-,-,-,-,-,-,-,-
LPA,Logistic Properties of the Americas,92.56M,-,-,-,-,-,-,-,-,-
SIEB,Siebert Financial Corp.,92.48M,0,-,-,-,-,-,-,7.72%,4.56%
HDRN,"Hadron Energy, Inc.",92.23M,-,-,-,-,-,-,-,-,-
TRBG,Turbogen Ltd,92.07M,-,-,-,-,-,-,-,-,-
HERE,Here Group Limited,91.91M,0,-,-,-,-,-,-,-,-
FDSB,"Fifth District Bancorp, Inc.",91.73M,-,-,-,-,-,-,-,-,-
ABLV,Able View Global Inc.,91.11M,-,-,-,-,-,-,-,-,-
AUC,ATIF Holdings Limited,91.07M,-,-,-,-,-,-,-,-,-
LUD,Luda Technology Group Limited,90.76M,-,-,-,-,-,-,-,-,-
FUSB,"First US Bancshares, Inc.",90.55M,0.28,1.70%,21.16%,-,Quarterly,4,13,11.87%,18.47%
CIGL,Concorde International Group Ltd.,90.36M,-,-,-,-,-,-,-,-,-
DWSN,Dawson Geophysical Company,90.06M,0.17,6.00%,-,-,-,-,-,-,-
MMTX,Miluna Acquisition Corp,90.05M,-,-,-,-,-,-,-,-,-
ICCC,ImmuCell Corporation,90.00M,-,-,-,-,-,-,-,-,-
MDIA,MediaCo Holding Inc.,89.90M,-,-,-,-,-,-,-,-,-
RLYB,Rallybio Corporation,89.67M,-,-,-,-,-,-,-,-,-
HYPR,"Hyperfine, Inc.",89.53M,-,-,-,-,-,-,-,-,-
FNWB,First Northwest Bancorp,89.48M,0,-,-,-,-,-,8,1.22%,6.96%
DAVA,Endava plc,89.30M,-,-,-,-,-,-,-,-,-
ORIQ,Origin Investment Corp I,89.27M,-,-,-,-,-,-,-,-,-
SIMA,SIM Acquisition Corp. I,89.26M,-,-,-,-,-,-,-,-,-
CGTX,"Cognition Therapeutics, Inc.",89.05M,-,-,-,-,-,-,-,-,-
ACRV,"Acrivon Therapeutics, Inc.",88.71M,-,-,-,-,-,-,-,-,-
MMLP,Martin Midstream Partners L.P.,88.63M,0.02,0.90%,-,-,Quarterly,-,24,-,-
MNTS,Momentus Inc.,88.40M,-,-,-,-,-,-,-,-,-
MHH,"Mastech Digital, Inc.",88.05M,0,-,-,-,-,-,-,-,-
BZFD,"BuzzFeed, Inc.",87.92M,-,-,-,-,-,-,-,-,-
JATT,JATT II Acquisition Corp.,87.75M,-,-,-,-,-,-,-,-,-
ATGL,Alpha Technology Group Limited,87.75M,-,-,-,-,-,-,-,-,-
PFX,PhenixFIN Corporation,87.27M,1.43,3.18%,3.10%,-,Annual,2,3,-15.41%,-9.55%
SSBI,Summit State Bank,87.15M,0,-,-,-,-,-,-,-3.65%,-1.73%
ALIS,Calisa Acquisition Corp,87.06M,-,-,-,-,-,-,-,-,-
FTLF,"FitLife Brands, Inc.",86.96M,-,-,-,-,-,-,-,-,-
MCAH,Mountain Crest Acquisition 6 Corp.,86.87M,-,-,-,-,-,-,-,-,-
WCT,Wellchange Holdings Company Limited,86.70M,-,-,-,-,-,-,-,-,-
CCLD,"CareCloud, Inc.",86.69M,-,-,-,-,-,-,-,-,-
EP,Empire Petroleum Corporation,86.53M,-,-,-,-,-,-,-,-,-
HFFG,HF Foods Group Inc.,86.24M,-,-,-,-,-,-,-,-,-
RFIL,"RF Industries, Ltd.",85.81M,0,-,-,-,-,-,-,-,-22.16%
YRD,Yiren Digital Ltd.,85.74M,0,-,-,-,-,1,2,33.01%,-25.65%
ONCY,Oncolytics Biotech Inc.,85.70M,-,-,-,-,-,-,-,-,-
UBCP,"United Bancorp, Inc.",85.40M,0.96,6.41%,68.82%,4.40%,Quarterly,6,34,5.68%,6.99%
JTTT,JATT III Acquisition Corp,85.36M,-,-,-,-,-,-,-,-,-
ATRA,"Atara Biotherapeutics, Inc.",85.12M,-,-,-,-,-,-,-,-,-
AEYE,"AudioEye, Inc.",84.97M,-,-,-,-,-,-,-,-,-
CITR,CitroTech Inc.,84.80M,-,-,-,-,-,-,-,-,-
ROC,Rank One Computing Corporation,84.73M,-,-,-,-,-,-,-,-,-
ARQ,"Arq, Inc.",84.72M,-,-,-,-,-,-,-,-,-
PECE,Peace Acquisition Corp,84.50M,-,-,-,-,-,-,-,-,-
SKIN,SkinHealth Systems Inc.,84.47M,-,-,-,-,-,-,-,-,-
LUNG,Pulmonx Corporation,84.39M,-,-,-,-,-,-,-,-,-
PTHS,Pelthos Therapeutics Inc.,84.38M,-,-,-,-,-,-,-,-,-
LNSR,"LENSAR, Inc.",84.34M,-,-,-,-,-,-,-,-,-
DTI,Drilling Tools International Corporation,84.32M,-,-,-,-,-,-,-,-,-
RPT,Rithm Property Trust Inc.,84.25M,1.44,13.28%,-,0.00%,Quarterly,-,12,-36.10%,-20.16%
MGLD,"The Marygold Companies, Inc.",84.14M,-,-,-,-,-,-,-,-,-
LGL,"The LGL Group, Inc.",84.14M,0,-,-,-,-,-,-,-,-
RPT.PRC,Rithm Property Trust Inc.,84.02M,2.47,9.96%,-,-,Quarterly,-,2,-,-
BCIC,BCP Investment Corp.,83.96M,1.11,16.35%,-,-,Monthly,-,20,-25.00%,-13.68%
MBOT,Microbot Medical Inc.,83.96M,-,-,-,-,-,-,-,-,-
TSQ,"Townsquare Media, Inc.",83.87M,0.80,17.39%,-,0.31%,Quarterly,1,4,12.46%,33.67%
EMPD,Empery Digital Inc.,83.77M,-,-,-,-,-,-,-,-,-
BDL,"Flanigan's Enterprises, Inc.",83.71M,0.60,1.33%,16.80%,9.09%,-,2,5,10.06%,-9.71%
WRAP,"Wrap Technologies, Inc.",83.40M,-,-,-,-,-,-,-,-,-
LSE,"Leishen Energy Holding Co., Ltd.",83.08M,-,-,-,-,-,-,-,-,-
ETS,Elite Express Holding Inc.,82.82M,-,-,-,-,-,-,-,-,-
APAC,StoneBridge Acquisition II Corporation,82.60M,-,-,-,-,-,-,-,-,-
CPHC,Canterbury Park Holding Corporation,82.52M,0.28,1.76%,"1,203.99%",-,Quarterly,-,5,-,31.95%
BTCS,BTCS Inc.,82.09M,0,-,-,-,-,-,1,-,-
WSTN,Westin Acquisition Corp,81.76M,-,-,-,-,-,-,-,-,-
JXG,JX Luxventure Group Inc.,81.66M,-,-,-,-,-,-,-,-,-
SPAI,Safe Pro Group Inc.,81.66M,-,-,-,-,-,-,-,-,-
BLNK,Blink Charging Co.,81.48M,-,-,-,-,-,-,-,-,-
LPAA,Launch One Acquisition Corp.,81.25M,-,-,-,-,-,-,-,-,-
CMCM,Cheetah Mobile Inc.,81.01M,0,-,-,-,-,-,-,-,-
TELO,"Telomir Pharmaceuticals, Inc.",80.99M,-,-,-,-,-,-,-,-,-
AFCG,Advanced Flower Capital Inc.,80.89M,0.20,5.63%,-,-82.56%,Quarterly,-,6,-58.38%,-
MAYS,"J.W. Mays, Inc.",80.63M,-,-,-,-,-,-,-,-,-
SERA,"Sera Prognostics, Inc.",80.58M,-,-,-,-,-,-,-,-,-
VENU,Venu Holding Corporation,80.38M,-,-,-,-,-,-,-,-,-
SOTK,Sono-Tek Corporation,80.16M,-,-,-,-,-,-,-,-,-
SDEV,Stablecoin Development Corporation,79.97M,0,-,-,-,-,-,1,-,-
ASRV,"AmeriServ Financial, Inc.",79.97M,0.12,2.55%,23.57%,-,Quarterly,-,14,-,3.71%
NRT,North European Oil Royalty Trust,79.57M,0.81,9.36%,98.70%,94.23%,Quarterly,1,51,-30.43%,23.61%
CPBI,"Central Plains Bancshares, Inc.",79.39M,-,-,-,-,-,-,-,-,-
SSEA,Starry Sea Acquisition Corp,79.34M,-,-,-,-,-,-,-,-,-
NTHI,"NeOnc Technologies Holdings, Inc.",79.29M,-,-,-,-,-,-,-,-,-
VRCA,Verrica Pharmaceuticals Inc.,78.85M,-,-,-,-,-,-,-,-,-
CSPI,CSP Inc.,78.83M,0.12,1.56%,-,-,Quarterly,3,5,19.68%,51.57%
CHGG,"Chegg, Inc.",78.83M,-,-,-,-,-,-,-,-,-
HNNA,"Hennessy Advisors, Inc.",78.73M,0.60,6.02%,57.34%,6.82%,Quarterly,-,22,2.22%,1.33%
LFVN,LifeVantage Corporation,78.30M,0.20,3.22%,50.00%,11.76%,Quarterly,1,5,-28.96%,-
YDDL,One and one Green Technologies. Inc,77.89M,-,-,-,-,-,-,-,-,-
NAAS,NaaS Technology Inc.,77.86M,-,-,-,-,-,-,-,-,-
GANX,"Gain Therapeutics, Inc.",77.69M,-,-,-,-,-,-,-,-,-
WTG,Wintergreen Acquisition Corp.,77.60M,-,-,-,-,-,-,-,-,-
ESYN,EnerSyn Global Inc.,77.59M,-,-,-,-,-,-,-,-,-
NDLS,Noodles & Company,77.57M,-,-,-,-,-,-,-,-,-
SCAT,Southern Cross Acquisition II Corp,77.55M,-,-,-,-,-,-,-,-,-
SRL,Scully Royalty Ltd.,77.50M,1.04,20.43%,-,-,-,-,-,13.04%,7.63%
LNZA,"LanzaTech Global, Inc.",77.36M,-,-,-,-,-,-,-,-,-
GLBS,Globus Maritime Limited,77.26M,0,-,-,-,-,-,-,-,-
AIRT,"Air T, Inc.",77.26M,0,-,-,-,-,-,-,-3.13%,-
GOAI,"Eva Live, Inc.",77.25M,-,-,-,-,-,-,-,-,-
IOR,"Income Opportunity Realty Investors, Inc.",76.89M,0,-,-,-,-,-,-,14.48%,14.87%
BYRN,Byrna Technologies Inc.,76.70M,-,-,-,-,-,-,-,-,-
ARBE,Arbe Robotics Ltd.,76.67M,-,-,-,-,-,-,-,-,-
ISPR,Ispire Technology Inc.,76.24M,-,-,-,-,-,-,-,-,-
ATLX,Atlas Lithium Corporation,76.15M,-,-,-,-,-,-,-,-,-
SLQT,"SelectQuote, Inc.",76.01M,-,-,-,-,-,-,-,-,-
NBRG,Newbridge Acquisition Limited,75.92M,-,-,-,-,-,-,-,-,-
SKYA,"SkyAI, Inc.",75.65M,-,-,-,-,-,-,-,-,-
BPAC,Blueport Acquisition Ltd,75.54M,-,-,-,-,-,-,-,-,-
OSTX,OS Therapies Incorporated,75.42M,-,-,-,-,-,-,-,-,-
FSEA,"First Seacoast Bancorp, Inc.",75.25M,-,-,-,-,-,-,-,-,-
JFIN,Jiayin Group Inc.,74.83M,0.80,55.94%,120.24%,-9.71%,Annual,-,3,-,-
JRSH,"Jerash Holdings (US), Inc.",74.80M,0.20,3.37%,54.31%,-,Quarterly,-,9,-,-
FATN,"FatPipe, Inc.",74.60M,-,-,-,-,-,-,-,-,-
HFBL,"Home Federal Bancorp, Inc. of Louisiana",74.45M,0.60,2.40%,29.70%,5.71%,Quarterly,11,22,4.60%,9.82%
BARK,"BARK, Inc.",74.35M,-,-,-,-,-,-,-,-,-
IBIO,"iBio, Inc.",74.27M,-,-,-,-,-,-,-,-,-
CRT,Cross Timbers Royalty Trust,74.27M,0.57,4.63%,122.28%,-12.60%,Monthly,-,35,-31.12%,-8.78%
GUTS,"Fractyl Health, Inc.",74.23M,-,-,-,-,-,-,-,-,-
FSI,"Flexible Solutions International, Inc.",74.21M,0.10,1.72%,-,-,-,-,3,25.99%,-12.94%
SEV,Aptera Motors Corp.,74.10M,-,-,-,-,-,-,-,-,-
NTIC,Northern Technologies International Corporation,74.07M,0.02,0.26%,-,-85.71%,-,-,10,-47.72%,-9.25%
FVN,Future Vision II Acquisition Corp.,73.93M,-,-,-,-,-,-,-,-,-
AMCI,AMC Robotics Corporation,73.56M,-,-,-,-,-,-,-,-,-
ACR,ACRES Commercial Realty Corp.,73.55M,0,-,-,-,-,-,-,-10.16%,-21.56%
AEC,Anfield Energy Inc.,73.09M,-,-,-,-,-,-,-,-,-
BSIN,Big Sky Industrial Inc.,72.97M,0,-,-,-,-,-,-,58.74%,31.95%
FBIO,"Fortress Biotech, Inc.",72.87M,-,-,-,-,-,-,-,-,-
MEGL,Magic Empire Global Limited,72.87M,0,-,-,-,-,-,-,-,-
SCOR,"comScore, Inc.",72.73M,-,-,-,-,-,-,-,-,-
MAIA,"MAIA Biotechnology, Inc.",72.69M,-,-,-,-,-,-,-,-,-
RANG,Range Capital Acquisition Corp.,72.67M,-,-,-,-,-,-,-,-,-
AVAT,Avalanche Treasury Corporation,72.58M,-,-,-,-,-,-,-,-,-
OPXS,"Optex Systems Holdings, Inc",72.56M,0,-,-,-,-,-,-,-,-
BSEM,"BioStem Technologies, Inc.",72.29M,-,-,-,-,-,-,-,-,-
SSTI,"SoundThinking, Inc.",72.27M,-,-,-,-,-,-,-,-,-
CABO,"Cable One, Inc.",72.12M,0,-,-,-,-,-,-,3.16%,6.16%
WSHP,WeShop Holdings Limited,72.06M,-,-,-,-,-,-,-,-,-
GECC,Great Elm Capital Corp.,72.02M,1.00,19.29%,-,-22.52%,Quarterly,1,11,-7.95%,-15.99%
BZAI,"Blaize Holdings, Inc.",71.95M,-,-,-,-,-,-,-,-,-
DTCX,"Datacentrex, Inc.",71.86M,-,-,-,-,-,-,-,-,-
CLST,"Catalyst Bancorp, Inc.",71.82M,-,-,-,-,-,-,-,-,-
ALDX,"Aldeyra Therapeutics, Inc.",71.79M,-,-,-,-,-,-,-,-,-
THRY,"Thryv Holdings, Inc.",71.77M,-,-,-,-,-,-,-,-,-
NEXM,NexMetals Mining Corp.,71.30M,-,-,-,-,-,-,-,-,-
CPSH,CPS Technologies Corporation,71.15M,-,-,-,-,-,-,-,-,-
ACET,"Adicet Bio, Inc.",71.04M,-,-,-,-,-,-,-,-,-
INTG,The InterGroup Corporation,70.89M,0,-,-,-,-,-,-,38.67%,18.84%
OKYO,OKYO Pharma Limited,70.85M,-,-,-,-,-,-,-,-,-
AMTD,AMTD IDEA Group,70.72M,-,-,-,-,-,-,-,-,-
WATT,Energous Corporation,70.64M,-,-,-,-,-,-,-,-,-
RGS,Regis Corporation,70.34M,0,-,-,-,-,-,-,14.47%,8.45%
PSIG,PS International Group Ltd.,70.29M,-,-,-,-,-,-,-,-,-
PAAI,"Paradium AI, Inc.",70.23M,-,-,-,-,-,-,-,-,-
RNXT,"RenovoRx, Inc.",70.18M,-,-,-,-,-,-,-,-,-
GOSS,"Gossamer Bio, Inc.",70.15M,-,-,-,-,-,-,-,-,-
AIFC,AI Financial Corporation,70.11M,-,-,-,-,-,-,-,-,-
CING,Cingulate Inc.,70.09M,-,-,-,-,-,-,-,-,-
RDIB,"Reading International, Inc.",69.72M,-,-,-,-,-,-,-,-,-
SPRO,"Spero Therapeutics, Inc.",69.59M,-,-,-,-,-,-,-,-,-
RSSS,"Research Solutions, Inc.",69.51M,-,-,-,-,-,-,-,-,-
NSTS,"NSTS Bancorp, Inc.",69.49M,-,-,-,-,-,-,-,-,-
COE,51Talk Online Education Group,69.42M,-,-,-,-,-,-,-,-,-
CSBR,"Champions Oncology, Inc.",69.31M,-,-,-,-,-,-,-,-,-
KBSX,FST Corp.,68.94M,-,-,-,-,-,-,-,-,-
CVRX,"CVRx, Inc.",68.87M,-,-,-,-,-,-,-,-,-
SGLD,Scorpio Gold Corporation,68.56M,-,-,-,-,-,-,-,-,-
PCLA,PicoCELA Inc.,68.35M,-,-,-,-,-,-,-,-,-
KLRS,"Kalaris Therapeutics, Inc.",68.32M,-,-,-,-,-,-,-,-,-
UEIC,Universal Electronics Inc.,68.23M,0.24,4.54%,-,-,-,-,1,-,-
MB,MasterBeef Group,67.76M,-,-,-,-,-,-,-,-,-
NVX,NOVONIX Limited,67.28M,-,-,-,-,-,-,-,-,-
USIO,"Usio, Inc.",67.25M,-,-,-,-,-,-,-,-,-
AIRG,"Airgain, Inc.",67.07M,-,-,-,-,-,-,-,-,-
CNTB,Connect Biopharma Holdings Limited,67.07M,-,-,-,-,-,-,-,-,-
HOUR,"Hour Loop, Inc.",67.06M,-,-,-,-,-,-,-,-,-
CVU,"CPI Aerostructures, Inc.",67.04M,-,-,-,-,-,-,-,-,-
KNDI,"Kandi Technologies Group, Inc.",67.00M,-,-,-,-,-,-,-,-,-
WWR,"Westwater Resources, Inc.",66.88M,-,-,-,-,-,-,-,-,-
PLRX,"Pliant Therapeutics, Inc.",66.88M,-,-,-,-,-,-,-,-,-
GEG,"Great Elm Group, Inc.",66.85M,0,-,-,-,-,-,-,-,-
PXS,Pyxis Tankers Inc.,66.55M,-,-,-,-,-,-,-,-,-
DRIO,DarioHealth Corp.,66.54M,-,-,-,-,-,-,-,-,-
PRTS,"CarParts.com, Inc.",66.46M,-,-,-,-,-,-,-,-,-
XBIT,XBiotech Inc.,66.16M,0,-,-,-,-,-,-,-,-
GNSS,Genasys Inc.,66.04M,0,-,-,-,-,-,-,-,-
TRT,Trio-Tech International,65.94M,0,-,-,-,-,-,-,-,-
DIT,AMCON Distributing Company,65.94M,0.48,0.77%,34.50%,-,Quarterly,-,19,-44.08%,-29.45%
NPT,Texxon Holding Limited,65.89M,-,-,-,-,-,-,-,-,-
YIBO,Planet Image International Limited,65.75M,-,-,-,-,-,-,-,-,-
COHN,Cohen & Company Inc.,65.72M,1.00,10.41%,21.47%,-,Quarterly,-,6,-,31.95%
GGR,Gogoro Inc.,65.24M,-,-,-,-,-,-,-,-,-
FRMM,"Forum Markets, Incorporated",64.81M,-,-,-,-,-,-,-,-,-
WBX,Wallbox N.V.,64.75M,-,-,-,-,-,-,-,-,-
DXR,Daxor Corporation,64.63M,0,-,-,-,-,-,-,-,-31.57%
STKE,Sol Strategies Inc.,64.52M,0,-,-,-,-,-,-,-,-
IPWR,Ideal Power Inc.,64.26M,-,-,-,-,-,-,-,-,-
PODC,"PodcastOne, Inc.",64.14M,-,-,-,-,-,-,-,-,-
WNW,Meiwu Technology Company Limited,64.11M,-,-,-,-,-,-,-,-,-
RML,Resolution Minerals Ltd,64.08M,-,-,-,-,-,-,-,-,-
HYFT,MindWalk Holdings Corp.,64.07M,-,-,-,-,-,-,-,-,-
ZONE,Zone Frontier Inc.,63.87M,-,-,-,-,-,-,-,-,-
GEOS,Geospace Technologies Corporation,63.84M,-,-,-,-,-,-,-,-,-
SPWR,SunPower Inc.,63.81M,-,-,-,-,-,-,-,-,-
CAPN,Cayson Acquisition Corp,63.40M,-,-,-,-,-,-,-,-,-
MYO,"Myomo, Inc.",63.37M,-,-,-,-,-,-,-,-,-
TYGO,"Tigo Energy, Inc.",62.95M,-,-,-,-,-,-,-,-,-
RNTX,Rein Therapeutics Inc.,62.54M,-,-,-,-,-,-,-,-,-
ASPS,Altisource Portfolio Solutions S.A.,62.47M,-,-,-,-,-,-,-,-,-
ALPS,Alps Group Inc,62.40M,-,-,-,-,-,-,-,-,-
NTWK,"NetSol Technologies, Inc.",62.35M,-,-,-,-,-,-,-,-,-
PEW,GrabAGun Digital Holdings Inc.,62.27M,-,-,-,-,-,-,-,-,-
ROLR,"High Roller Technologies, Inc.",62.21M,-,-,-,-,-,-,-,-,-
TLPH,"Talphera, Inc.",62.03M,-,-,-,-,-,-,-,-,-
ATHE,Alterity Therapeutics Limited,62.00M,-,-,-,-,-,-,-,-,-
AISP,"Airship AI Holdings, Inc.",61.99M,-,-,-,-,-,-,-,-,-
INCR,InterCure Ltd.,61.95M,-,-,-,-,-,-,-,-,-
MBAI,MBody AI Ltd.,61.86M,-,-,-,-,-,-,-,-,-
ZYBT,Zhengye Biotechnology Holding Limited,61.61M,-,-,-,-,-,-,-,-,-
INKT,"MiNK Therapeutics, Inc.",61.39M,-,-,-,-,-,-,-,-,-
SMJF,SMJ International Holdings Inc.,61.23M,-,-,-,-,-,-,-,-,-
ZOOZ,ZOOZ Strategy Ltd.,61.19M,-,-,-,-,-,-,-,-,-
KXIN,Kaixin Holdings,61.13M,-,-,-,-,-,-,-,-,-
UAVS,"AgEagle Aerial Systems, Inc.",61.13M,-,-,-,-,-,-,-,-,-
HYPD,"Hyperion DeFi, Inc.",61.07M,-,-,-,-,-,-,-,-,-
ANTA,Antalpha Platform Holding Company,61.00M,-,-,-,-,-,-,-,-,-
ODYS,Odysight.ai Inc.,60.94M,-,-,-,-,-,-,-,-,-
BATL,Battalion Oil Corporation,60.72M,-,-,-,-,-,-,-,-,-
BOF,BranchOut Food Inc.,60.65M,-,-,-,-,-,-,-,-,-
TTEC,"TTEC Holdings, Inc.",60.34M,0,-,-,-,-,-,-,-11.26%,-
DOMH,Dominari Holdings Inc.,60.25M,0.96,38.58%,-,200.81%,Semi-Annual,-,2,44.36%,24.64%
XLO,"Xilio Therapeutics, Inc.",59.88M,-,-,-,-,-,-,-,-,-
NAMM,Namib Minerals,59.76M,-,-,-,-,-,-,-,-,-
PVL,Permianville Royalty Trust,59.73M,0.21,11.59%,120.57%,227.13%,Monthly,1,16,-17.31%,44.07%
INSG,Inseego Corp.,59.61M,-,-,-,-,-,-,-,-,-
MOB,Mobilicom Limited,59.58M,-,-,-,-,-,-,-,-,-
ELOX,"Eloxx Pharmaceuticals, Inc.",59.56M,-,-,-,-,-,-,-,-,-
WFCF,"Where Food Comes From, Inc.",59.51M,0,-,-,-,-,-,-,-,-
FLL,"Full House Resorts, Inc.",59.36M,-,-,-,-,-,-,-,-,-
ANVS,"Annovis Bio, Inc.",59.22M,-,-,-,-,-,-,-,-,-
MREO,Mereo BioPharma Group plc,59.09M,-,-,-,-,-,-,-,-,-
IH,iHuman Inc.,58.78M,0.10,8.70%,41.84%,-,Annual,1,3,-,-
SLSN,"Solesence, Inc.",58.78M,-,-,-,-,-,-,-,-,-
CLNN,Clene Inc.,58.77M,-,-,-,-,-,-,-,-,-
LITB,"LightInTheBox Holding Co., Ltd.",58.62M,-,-,-,-,-,-,-,-,-
BOLD,"Boundless Bio, Inc.",58.57M,-,-,-,-,-,-,-,-,-
VOC,VOC Energy Trust,58.48M,0.44,12.79%,141.98%,13.86%,Quarterly,-,16,-17.79%,7.80%
MCHX,"Marchex, Inc.",58.48M,0,-,-,-,-,-,-,-,-
HIT,"Health In Tech, Inc.",58.32M,-,-,-,-,-,-,-,-,-
INVE,"INVE Technologies, Inc.",58.17M,-,-,-,-,-,-,-,-,-
INV,"Innventure, Inc.",58.06M,-,-,-,-,-,-,-,-,-
VIP,Vulcan Infrastructure and Power Inc.,58.03M,-,-,-,-,-,-,-,-,-
CTM,"Castellum, Inc.",57.82M,-,-,-,-,-,-,-,-,-
ELBM,Electra Battery Materials Corporation,57.79M,-,-,-,-,-,-,-,-,-
WYY,WidePoint Corporation,57.75M,-,-,-,-,-,-,-,-,-
COPR,Idaho Copper Corporation,57.74M,-,-,-,-,-,-,-,-,-
ZEPP,Zepp Health Corporation,57.65M,0,-,-,-,-,-,-,-,-
UYSC,UY Scuti Acquisition Corp.,57.43M,-,-,-,-,-,-,-,-,-
NMAD,"NOMAD Power Solutions, Inc.",57.40M,-,-,-,-,-,-,-,-,-
GRML,Greenland Mines Ltd,56.66M,-,-,-,-,-,-,-,-,-
IBAC,IB Acquisition Corp.,56.59M,-,-,-,-,-,-,-,-,-
TOUR,Tuniu Corporation,56.38M,1.20,23.06%,404.48%,-,-,-,2,-,-
GENK,"GEN Restaurant Group, Inc.",56.31M,0,-,-,-,-,-,1,-,-
TZOO,Travelzoo,56.24M,-,-,-,-,-,-,-,-,-
STI,"Solidion Technology, Inc.",56.18M,-,-,-,-,-,-,-,-,-
SAIH,SAIHEAT Limited,56.16M,-,-,-,-,-,-,-,-,-
YTRA,"Yatra Online, Inc.",56.01M,-,-,-,-,-,-,-,-,-
MYPS,"PLAYSTUDIOS, Inc.",55.96M,-,-,-,-,-,-,-,-,-
APWC,Asia Pacific Wire & Cable Corporation Limited,55.87M,0,-,-,-,-,-,-,-,-
SELF,"Global Self Storage, Inc.",55.74M,0.29,5.84%,161.00%,-,Quarterly,-,13,-,2.21%
EXOZ,"eXoZymes, Inc.",55.69M,-,-,-,-,-,-,-,-,-
INMB,INmune Bio Inc.,55.65M,-,-,-,-,-,-,-,-,-
AIFU,AIFU Inc.,55.58M,-,-,-,-,-,-,-,-,-
PGAC,Pantages Capital Acquisition Corporation,55.58M,-,-,-,-,-,-,-,-,-
LFS,"Leifras Co., Ltd.",55.46M,-,-,-,-,-,-,-,-,-
OM,"Outset Medical, Inc.",55.45M,-,-,-,-,-,-,-,-,-
XPL,Solitario Resources Corp.,55.39M,-,-,-,-,-,-,-,-,-
LIDR,"AEye, Inc.",55.32M,-,-,-,-,-,-,-,-,-
TELA,"TELA Bio, Inc.",55.30M,-,-,-,-,-,-,-,-,-
CAST,"FreeCast, Inc.",55.19M,-,-,-,-,-,-,-,-,-
RPID,"Rapid Micro Biosystems, Inc.",55.18M,-,-,-,-,-,-,-,-,-
GDHG,Golden Heaven Group Holdings Ltd.,55.14M,-,-,-,-,-,-,-,-,-
HRTX,"Heron Therapeutics, Inc.",55.13M,-,-,-,-,-,-,-,-,-
ICG,Intchains Group Limited,55.07M,-,-,-,-,-,-,-,-,-
GRSD,Grandstand Limited,54.82M,-,-,-,-,-,-,-,-,-
ELTK,Eltek Ltd.,54.77M,0.19,2.33%,-,-,-,-,1,-,-
LGO,Largo Inc.,54.71M,-,-,-,-,-,-,-,-,-
AGIG,Abundia Global Impact Group Inc.,54.30M,-,-,-,-,-,-,-,-,-
CRGO,Freightos Limited,54.16M,-,-,-,-,-,-,-,-,-
RENT,"Rent the Runway, Inc.",54.04M,-,-,-,-,-,-,-,-,-
MKDW,MKDWELL Tech Inc.,54.03M,-,-,-,-,-,-,-,-,-
WATR,Air Water Ventures Limited,53.97M,-,-,-,-,-,-,-,-,-
SER,"Serina Therapeutics, Inc.",53.85M,-,-,-,-,-,-,-,-,-
COCH,"Envoy Medical, Inc.",53.75M,-,-,-,-,-,-,-,-,-
SKIL,Skillsoft Corp.,53.65M,-,-,-,-,-,-,-,-,-
STKS,"The ONE Group Hospitality, Inc.",53.55M,-,-,-,-,-,-,-,-,-
FBDT,"First Breach, Inc.",53.55M,-,-,-,-,-,-,-,-,-
SGA,"Saga Communications, Inc.",53.34M,1.00,12.11%,-,-,Quarterly,-,15,-30.66%,25.59%
WKEY,WISeKey International Holding AG,53.13M,-,-,-,-,-,-,-,-,-
AVD,American Vanguard Corporation,53.10M,0,-,-,-,-,-,-,25.99%,8.45%
AACG,ATA Creativity Global,53.09M,0,-,-,-,-,-,-,148.43%,72.63%
REKR,"Rekor Systems, Inc.",53.05M,-,-,-,-,-,-,-,-,-
TPCS,TechPrecision Corporation,52.93M,-,-,-,-,-,-,-,-,-
IMA,"ImageneBio, Inc.",52.90M,-,-,-,-,-,-,-,-,-
SCWO,374Water Inc.,52.76M,-,-,-,-,-,-,-,-,-
LASE,Laser Photonics Corporation,52.71M,-,-,-,-,-,-,-,-,-
ADBT,"Advasa Holdings, Inc.",52.51M,-,-,-,-,-,-,-,-,-
XTNT,"Xtant Medical Holdings, Inc.",52.50M,-,-,-,-,-,-,-,-,-
MDXH,MDxHealth SA,52.48M,-,-,-,-,-,-,-,-,-
NCEW,New Century Logistics (BVI) Limited,52.35M,-,-,-,-,-,-,-,-,-
BGSF,"BGSF, Inc.",52.20M,0,-,-,-,-,-,11,25.99%,-12.94%
MDAI,"Spectral AI, Inc.",51.98M,-,-,-,-,-,-,-,-,-
BRID,Bridgford Foods Corporation,51.92M,0.10,1.70%,-,-,-,-,-,-20.63%,-12.94%
FTEK,"Fuel Tech, Inc.",51.51M,-,-,-,-,-,-,-,-,-
APT,"Alpha Pro Tech, Ltd.",51.34M,-,-,-,-,-,-,-,-,-
NCTY,The9 Limited,51.32M,0,-,-,-,-,-,-,-,-
KAZR,Skyline Builders Group Holding Limited,51.31M,-,-,-,-,-,-,-,-,-
BKHA,Black Hawk Acquisition Corporation,51.13M,-,-,-,-,-,-,-,-,-
SOGP,Sound Group Inc.,51.10M,2.15,17.62%,22.83%,-,Annual,-,2,-,-
ACFN,"Acorn Energy, Inc.",51.06M,0,-,-,-,-,-,-,-,-
VHUB,"VenHub Global, Inc.",50.91M,-,-,-,-,-,-,-,-,-
DLHC,DLH Holdings Corp.,50.87M,-,-,-,-,-,-,-,-,-
SDA,SunCar Technology Group Inc.,50.81M,-,-,-,-,-,-,-,-,-
SORA,AsiaStrategy,50.72M,-,-,-,-,-,-,-,-,-
VRM,"Vroom, Inc.",50.59M,-,-,-,-,-,-,-,-,-
PIII,P3 Health Partners Inc.,50.45M,-,-,-,-,-,-,-,-,-
POCI,"Precision Optics Corporation, Inc.",50.02M,-,-,-,-,-,-,-,-,-
ACH,"Accendra Health, Inc.",49.92M,0,-,-,-,-,-,-,-77.30%,-60.35%
NXB,NextBoat Inc.,49.78M,-,-,-,-,-,-,-,-,-
APLM,"Apollomics, Inc.",49.74M,-,-,-,-,-,-,-,-,-
EDSA,"Edesa Biotech, Inc.",49.59M,-,-,-,-,-,-,-,-,-
EUDA,EUDA Health Holdings Limited,49.41M,-,-,-,-,-,-,-,-,-
TACT,TransAct Technologies Incorporated,49.40M,0,-,-,-,-,-,-,4.00%,3.04%
SRTS,"Sensus Healthcare, Inc.",49.39M,-,-,-,-,-,-,-,-,-
MATH,Metalpha Technology Holding Limited,48.91M,-,-,-,-,-,-,-,-,-
SPCB,SuperCom Ltd.,48.86M,-,-,-,-,-,-,-,-,-
ELTX,"Elicio Therapeutics, Inc.",48.62M,-,-,-,-,-,-,-,-,-
DSWL,"Deswell Industries, Inc.",48.61M,0.20,6.54%,29.97%,-,Semi-Annual,-,31,-,1.03%
NA,Nano Labs Ltd,48.52M,-,-,-,-,-,-,-,-,-
DWTX,"Dogwood Therapeutics, Inc.",48.42M,-,-,-,-,-,-,-,-,-
OFS,OFS Capital Corporation,48.37M,0.68,18.89%,-,-50.00%,Quarterly,-,14,-19.43%,-4.14%
CNVS,Cineverse Corp.,48.26M,-,-,-,-,-,-,-,-,-
KFFB,Kentucky First Federal Bancorp,48.20M,0.20,3.36%,21.18%,-,Semi-Annual,-,1,-50.00%,-34.02%
SLMT,Brera Holdings PLC,48.17M,-,-,-,-,-,-,-,-,-
IBO,Impact BioMedical Inc.,48.11M,-,-,-,-,-,-,-,-,-
YHNA,YHN Acquisition I Limited,48.04M,-,-,-,-,-,-,-,-,-
CULP,"Culp, Inc.",47.76M,0,-,-,-,-,-,-,5.80%,-2.47%
TIL,"Instil Bio, Inc.",47.68M,-,-,-,-,-,-,-,-,-
IDN,"Intellicheck, Inc.",47.53M,-,-,-,-,-,-,-,-,-
COLA,Columbus Acquisition Corp,47.42M,-,-,-,-,-,-,-,-,-
PLCE,"The Children's Place, Inc.",47.36M,0,-,-,-,-,-,-,40.95%,33.41%
VGAS,"Verde Clean Fuels, Inc.",47.10M,-,-,-,-,-,-,-,-,-
AVX,Avax One Technology Ltd.,46.90M,-,-,-,-,-,-,-,-,-
SFWL,Shengfeng Development Limited,46.86M,-,-,-,-,-,-,-,-,-
RYM,"RYTHM, Inc.",46.85M,-,-,-,-,-,-,-,-,-
LITS,"Lite Strategy, Inc.",46.44M,0,-,-,-,-,-,-,-,-
TCBS,"Texas Community Bancshares, Inc.",46.15M,0.24,1.40%,18.15%,37.50%,Quarterly,2,4,-,-
GROV,"Grove Collaborative Holdings, Inc.",45.97M,-,-,-,-,-,-,-,-,-
CATO,The Cato Corporation,45.96M,0,-,-,-,-,-,-,34.42%,-12.42%
PROP,Prairie Operating Co.,45.92M,-,-,-,-,-,-,-,-,-
SCYX,"SCYNEXIS, Inc.",45.87M,-,-,-,-,-,-,-,-,-
MBBC,"Marathon Bancorp, Inc.",45.75M,-,-,-,-,-,-,-,-,-
SPWH,"Sportsman's Warehouse Holdings, Inc.",45.60M,-,-,-,-,-,-,-,-,-
CIRC,"Circle8 Group, Inc.",45.47M,-,-,-,-,-,-,-,-,-
HOWL,"Werewolf Therapeutics, Inc.",45.20M,-,-,-,-,-,-,-,-,-
RDI,"Reading International, Inc.",44.98M,-,-,-,-,-,-,-,-,-
NNOX,Nano-X Imaging Ltd.,44.92M,-,-,-,-,-,-,-,-,-
HAIN,"The Hain Celestial Group, Inc.",44.86M,-,-,-,-,-,-,-,-,-
HGBL,Heritage Global Inc.,44.86M,-,-,-,-,-,-,-,-,-
ELWT,"Elauwit Connection, Inc.",44.62M,-,-,-,-,-,-,-,-,-
BNAI,"Brand Engagement Network, Inc.",44.59M,-,-,-,-,-,-,-,-,-
GRCE,"Grace Therapeutics, Inc.",44.49M,-,-,-,-,-,-,-,-,-
LOAN,"Manhattan Bridge Capital, Inc.",44.33M,0.44,11.34%,107.07%,-3.26%,Quarterly,-,14,-1.28%,-1.09%
SOWG,Sow Good Inc.,44.22M,-,-,-,-,-,-,-,-,-
BAER,"Bridger Aerospace Group Holdings, Inc.",44.04M,-,-,-,-,-,-,-,-,-
VERU,Veru Inc.,43.82M,0,-,-,-,-,-,-,11.87%,-
STEM,"Stem, Inc.",43.80M,-,-,-,-,-,-,-,-,-
NEPH,"Nephros, Inc.",43.77M,-,-,-,-,-,-,-,-,-
BYSI,BeyondSpring Inc.,43.59M,-,-,-,-,-,-,-,-,-
SACH,Sachem Capital Corp.,43.57M,0.20,22.01%,-,-40.00%,Quarterly,-,10,-38.66%,-24.21%
QETA,Quetta Acquisition Corporation,43.47M,-,-,-,-,-,-,-,-,-
BRAG,Bragg Gaming Group Inc.,43.28M,-,-,-,-,-,-,-,-,-
MGX,"Metagenomi Therapeutics, Inc.",43.25M,-,-,-,-,-,-,-,-,-
PRPO,"Precipio, Inc.",43.23M,-,-,-,-,-,-,-,-,-
IZEA,"IZEA Worldwide, Inc.",43.19M,-,-,-,-,-,-,-,-,-
SEAT,Vivid Seats Inc.,42.94M,0,-,-,-,-,-,-,-,-
GPMT,Granite Point Mortgage Trust Inc.,42.90M,0.04,4.43%,-,-20.00%,Quarterly,-,10,-41.52%,-29.97%
RIBB,Ribbon Acquisition Corp.,42.89M,-,-,-,-,-,-,-,-,-
PDSB,PDS Biotechnology Corporation,42.88M,-,-,-,-,-,-,-,-,-
BRIA,BrilliA Inc,42.88M,0.27,19.00%,-,-,-,-,1,-,-
SWVL,Swvl Holdings Corp.,42.65M,-,-,-,-,-,-,-,-,-
VHC,VirnetX Holding Corporation,42.63M,0,-,-,-,-,-,-,-,-
SQNS,Sequans Communications S.A.,42.55M,-,-,-,-,-,-,-,-,-
PXLW,"Pixelworks, Inc.",42.41M,-,-,-,-,-,-,-,-,-
TEAD,Teads Holding Co.,42.39M,-,-,-,-,-,-,-,-,-
PTLE,PTL Limited,42.21M,-,-,-,-,-,-,-,-,-
DTSQ,DT Cloud Star Acquisition Corporation,41.87M,-,-,-,-,-,-,-,-,-
BTMD,biote Corp.,41.87M,-,-,-,-,-,-,-,-,-
ATHR,"Aether Holdings, Inc.",41.73M,-,-,-,-,-,-,-,-,-
KNRX,Knorex Ltd.,41.68M,-,-,-,-,-,-,-,-,-
CMTL,Comtech Telecommunications Corp.,41.65M,0,-,-,-,-,-,-,-,-
AXIL,"AXIL Brands, Inc.",41.62M,-,-,-,-,-,-,-,-,-
AHMA,Ambitions Enterprise Management Co. L.L.C,41.62M,-,-,-,-,-,-,-,-,-
NSRX,Nasus Pharma Ltd.,41.39M,-,-,-,-,-,-,-,-,-
MAMO,Massimo Group,41.33M,-,-,-,-,-,-,-,-,-
FLNA,"Filana Therapeutics, Inc.",41.31M,0,-,-,-,-,-,-,-,-
VTIX,Virtuix Holdings Inc.,41.11M,-,-,-,-,-,-,-,-,-
INDO,Indonesia Energy Corporation Limited,41.08M,-,-,-,-,-,-,-,-,-
LCCC,Lakeshore Acquisition III Corp.,41.06M,-,-,-,-,-,-,-,-,-
OMEX,"Odyssey Marine Exploration, Inc.",41.02M,-,-,-,-,-,-,-,-,-
PHUN,"Phunware, Inc.",40.93M,-,-,-,-,-,-,-,-,-
THCH,TH International Limited,40.69M,-,-,-,-,-,-,-,-,-
GAME,"GameSquare Holdings, Inc.",40.62M,-,-,-,-,-,-,-,-,-
GMHS,Gamehaus Holdings Inc.,40.58M,-,-,-,-,-,-,-,-,-
CRVO,CervoMed Inc.,40.52M,-,-,-,-,-,-,-,-,-
CELU,Celularity Inc.,40.38M,-,-,-,-,-,-,-,-,-
TGE,The Generation Essentials Group,40.22M,-,-,-,-,-,-,-,-,-
DGNX,Diginex Limited,40.16M,-,-,-,-,-,-,-,-,-
JG,Aurora Mobile Limited,40.07M,-,-,-,-,-,-,-,-,-
BCHT,Birchtech Corp.,39.99M,-,-,-,-,-,-,-,-,-
RYOJ,"rYojbaba Co., Ltd.",39.96M,-,-,-,-,-,-,-,-,-
TC,Token Cat Limited,39.77M,-,-,-,-,-,-,-,-,-
IXHL,Incannex Healthcare Inc.,39.77M,-,-,-,-,-,-,-,-,-
RMCO,Royalty Management Holding Corporation,39.75M,0.01,0.37%,-,-,Quarterly,-,2,-,-
YQ,17 Education & Technology Group Inc.,39.73M,-,-,-,-,-,-,-,-,-
FSHP,Flag Ship Acquisition Corporation,39.72M,-,-,-,-,-,-,-,-,-
MLCI,Mount Logan Capital Inc.,39.72M,0.12,3.38%,-,-50.43%,Quarterly,-,8,-21.68%,-14.76%
SYPR,"Sypris Solutions, Inc.",39.61M,0,-,-,-,-,-,-,58.74%,-6.17%
RMCOW,Royalty Management Holding Corporation,39.60M,-,-,-,-,-,-,-,-,-
KG,Kestrel Group Ltd,39.59M,-,-,-,-,-,-,-,-,-
SNWV,"SANUWAVE Health, Inc.",39.48M,-,-,-,-,-,-,-,-,-
ZDGE,"Zedge, Inc.",39.40M,0.08,2.65%,-,-,Quarterly,-,2,-,-
NOEM,CO2 Energy Transition Corp.,39.32M,-,-,-,-,-,-,-,-,-
WAVE,Eco Wave Power Global AB (publ),39.31M,-,-,-,-,-,-,-,-,-
KOSS,Koss Corporation,39.19M,0,-,-,-,-,-,-,-,-1.59%
MIND,"MIND Technology, Inc.",39.13M,-,-,-,-,-,-,-,-,-
NWGL,CL Workshop Group Limited,38.95M,-,-,-,-,-,-,-,-,-
FTCI,"FTC Solar, Inc.",38.93M,-,-,-,-,-,-,-,-,-
AURE,Aurelion Inc.,38.77M,-,-,-,-,-,-,-,-,-
WPRT,Westport Fuel Systems Inc.,38.70M,-,-,-,-,-,-,-,-,-
LSF,"Laird Superfood, Inc.",38.65M,-,-,-,-,-,-,-,-,-
ONMD,OneMedNet Corporation,38.46M,-,-,-,-,-,-,-,-,-
FGC,FG Communities Holdings Inc.,38.37M,-,-,-,-,-,-,-,-,-
SNT,Senstar Technologies Corporation,38.26M,0,-,-,-,-,-,-,202.32%,94.21%
AFJK,"Aimei Health Technology Co., Ltd",38.22M,-,-,-,-,-,-,-,-,-
MIRA,"MIRA Pharmaceuticals, Inc.",37.95M,-,-,-,-,-,-,-,-,-
XBP,"XBP Global Holdings, Inc.",37.90M,-,-,-,-,-,-,-,-,-
QTEX,QTREX Quantum Ltd.,37.90M,-,-,-,-,-,-,-,-,-
ACCL,Acco Group Holdings Limited,37.66M,-,-,-,-,-,-,-,-,-
XOS,"Xos, Inc.",37.39M,-,-,-,-,-,-,-,-,-
STG,Sunlands Technology Group,37.29M,0,-,-,-,-,-,-,-,-
MLSS,Milestone Scientific Inc.,37.27M,-,-,-,-,-,-,-,-,-
ATNM,"Actinium Pharmaceuticals, Inc.",37.26M,-,-,-,-,-,-,-,-,-
BCTX,BriaCell Therapeutics Corp.,37.17M,-,-,-,-,-,-,-,-,-
HOLO,MicroCloud Hologram Inc.,37.12M,-,-,-,-,-,-,-,-,-
KPTI,Karyopharm Therapeutics Inc.,37.08M,-,-,-,-,-,-,-,-,-
PN,PN Smart Energy Limited,36.97M,-,-,-,-,-,-,-,-,-
AERT,"Aeries Technology, Inc",36.89M,-,-,-,-,-,-,-,-,-
PPSI,"Pioneer Power Solutions, Inc.",36.68M,0,-,-,-,-,-,-,-,-
DCGO,DocGo Inc.,36.63M,-,-,-,-,-,-,-,-,-
COSM,Cosmos Health Inc.,36.61M,-,-,-,-,-,-,-,-,-
GAIA,"Gaia, Inc.",36.36M,0,-,-,-,-,-,-,-,-
ARAY,Accuray Incorporated,36.35M,-,-,-,-,-,-,-,-,-
STRR,"Star Equity Holdings, Inc.",36.34M,0,-,-,-,-,-,-,-,-
HBIO,"Harvard Bioscience, Inc.",36.30M,-,-,-,-,-,-,-,-,-
QTI,"QT Imaging Holdings, Inc.",36.30M,-,-,-,-,-,-,-,-,-
YSXT,"YSX Tech. Co., Ltd",36.25M,-,-,-,-,-,-,-,-,-
TREO,Tactical Resources Corp.,36.21M,-,-,-,-,-,-,-,-,-
NTIP,"Network-1 Technologies, Inc.",36.12M,0.10,6.33%,-,-,Semi-Annual,-,10,-,-
GROW,"U.S. Global Investors, Inc.",36.03M,0.09,3.07%,37.50%,-,Monthly,-,20,-,7.57%
TOON,Kartoon Studios Inc.,35.98M,-,-,-,-,-,-,-,-,-
ELUT,Elutia Inc.,35.90M,-,-,-,-,-,-,-,-,-
BDMD,Baird Medical Investment Holdings Limited,35.87M,-,-,-,-,-,-,-,-,-
XTIA,"XTI Aerospace, Inc.",35.60M,-,-,-,-,-,-,-,-,-
FSP,Franklin Street Properties Corp.,35.58M,0.02,5.82%,-,-,-,-,22,-30.66%,-35.56%
MCRB,"Seres Therapeutics, Inc.",35.29M,-,-,-,-,-,-,-,-,-
IMMP,Immutep Limited,35.19M,-,-,-,-,-,-,-,-,-
GETY,"Getty Images Holdings, Inc.",34.90M,-,-,-,-,-,-,-,-,-
PFAI,Pinnacle Food Group Limited,34.86M,-,-,-,-,-,-,-,-,-
MVIS,"MicroVision, Inc.",34.73M,-,-,-,-,-,-,-,-,-
SPRU,Spruce Power Holding Corporation,34.54M,-,-,-,-,-,-,-,-,-
HHS,"Harte Hanks, Inc.",34.36M,0,-,-,-,-,-,-,-7.17%,2.20%
BODI,"The Beachbody Company, Inc.",34.31M,-,-,-,-,-,-,-,-,-
GNTA,Genenta Science S.p.A.,34.26M,-,-,-,-,-,-,-,-,-
YOUL,Youlife Group Inc.,34.21M,-,-,-,-,-,-,-,-,-
MLGO,MicroAlgo Inc.,34.14M,-,-,-,-,-,-,-,-,-
EHLD,Euroholdings Ltd.,34.12M,0.56,4.71%,16.57%,-,Quarterly,-,2,-,-
RMTI,"Rockwell Medical, Inc.",33.96M,-,-,-,-,-,-,-,-,-
NNVC,"NanoViricides, Inc.",33.83M,-,-,-,-,-,-,-,-,-
ALGS,"Aligos Therapeutics, Inc.",33.66M,-,-,-,-,-,-,-,-,-
SPHL,Springview Holdings Ltd,33.48M,-,-,-,-,-,-,-,-,-
CCEL,"Cryo-Cell International, Inc.",33.46M,0,-,-,-,-,1,2,-,-
LVLU,"Lulu's Fashion Lounge Holdings, Inc.",33.45M,-,-,-,-,-,-,-,-,-
FTFT,Future FinTech Group Inc.,33.38M,-,-,-,-,-,-,-,-,-
SLND,"Southland Holdings, Inc.",33.36M,-,-,-,-,-,-,-,-,-
RAVE,"Rave Restaurant Group, Inc.",33.33M,0,-,-,-,-,-,-,-,-
BHST,BioHarvest Sciences Inc.,33.21M,-,-,-,-,-,-,-,-,-
CREX,"Creative Realities, Inc.",33.21M,-,-,-,-,-,-,-,-,-
CNF,CNFinance Holdings Limited,33.04M,-,-,-,-,-,-,-,-,-
BOSC,B.O.S. Better Online Solutions Ltd.,33.04M,-,-,-,-,-,-,-,-,-
AIXC,"AIxCrypto Holdings, Inc.",32.98M,-,-,-,-,-,-,-,-,-
ANGH,Anghami Inc.,32.91M,-,-,-,-,-,-,-,-,-
ITOC,iTonic Holdings Ltd.,32.81M,-,-,-,-,-,-,-,-,-
UG,"United-Guardian, Inc.",32.71M,0.50,7.02%,102.49%,-8.33%,Semi-Annual,-,31,10.29%,-8.12%
RYET,Ruanyun Edai Technology Inc.,32.40M,-,-,-,-,-,-,-,-,-
PLUT,Plutus Financial Group Limited,32.39M,-,-,-,-,-,-,-,-,-
WKHS,"Workhorse Group, Inc.",32.13M,-,-,-,-,-,-,-,-,-
NSPR,"InspireMD, Inc.",32.03M,-,-,-,-,-,-,-,-,-
TAOX,TAO Synergies Inc.,32.03M,-,-,-,-,-,-,-,-,-
QNTM,Quantum BioPharma Ltd.,32.03M,-,-,-,-,-,-,-,-,-
VTSI,"VirTra, Inc.",31.98M,-,-,-,-,-,-,-,-,-
LVO,"LiveOne, Inc.",31.95M,-,-,-,-,-,-,-,-,-
KLXE,"KLX Energy Services Holdings, Inc.",31.80M,-,-,-,-,-,-,-,-,-
SCLX,Scilex Holding Company,31.66M,-,-,-,-,-,-,-,-,-
NOMA,Nomadar Corp.,31.65M,-,-,-,-,-,-,-,-,-
NSYS,Nortech Systems Incorporated,31.39M,-,-,-,-,-,-,-,-,-
TDTH,Trident Digital Tech Holdings Ltd,31.34M,-,-,-,-,-,-,-,-,-
SRXH,SRX Global Inc.,31.13M,0.05,3.15%,-,-,-,-,1,-,-
FIEE,"FiEE, Inc.",31.04M,-,-,-,-,-,-,-,-,-
AEI,Alset Inc.,30.97M,-,-,-,-,-,-,-,-,-
YI,"111, Inc.",30.97M,-,-,-,-,-,-,-,-,-
CPHI,"China Pharma Holdings, Inc.",30.81M,-,-,-,-,-,-,-,-,-
CLPS,CLPS Incorporation,30.74M,0.13,12.75%,-,-,-,-,-,-,-
DRK,DarkHorse Technologies Inc.,30.55M,-,-,-,-,-,-,-,-,-
ARBK,Argo Blockchain plc,30.53M,-,-,-,-,-,-,-,-,-
PC,Premium Catering (Holdings) Limited,30.50M,-,-,-,-,-,-,-,-,-
BGDE,"Big Digital Energy, Inc.",30.42M,-,-,-,-,-,-,-,-,-
JFU,9F Inc.,30.38M,-,-,-,-,-,-,-,-,-
VAI,Valor Energy Inc.,30.21M,-,-,-,-,-,-,-,-,-
MNY,MoneyHero Limited,30.19M,-,-,-,-,-,-,-,-,-
DAIO,Data I/O Corporation,30.13M,-,-,-,-,-,-,-,-,-
IGC,"IGC Pharma, Inc.",29.96M,-,-,-,-,-,-,-,-,-
CVM,CEL-SCI Corporation,29.90M,-,-,-,-,-,-,-,-,-
CNTX,Context Therapeutics Inc.,29.87M,-,-,-,-,-,-,-,-,-
CNTY,"Century Casinos, Inc.",29.83M,-,-,-,-,-,-,-,-,-
CVV,CVD Equipment Corporation,29.75M,-,-,-,-,-,-,-,-,-
RAND,Rand Capital Corporation,29.70M,1.16,11.81%,-,-66.07%,Quarterly,-,7,16.78%,1.08%
PETS,"PetMed Express, Inc.",29.68M,0,-,-,-,-,-,-,2.94%,4.35%
SST,"System1, Inc.",29.68M,-,-,-,-,-,-,-,-,-
LFT,"Lument Finance Trust, Inc.",29.60M,1.60,29.28%,-,-46.67%,Quarterly,-,14,-12.64%,-14.73%
SNSC,SunScout Holding Limited,29.11M,-,-,-,-,-,-,-,-,-
BLNE,"Beeline Holdings, Inc.",29.03M,-,-,-,-,-,-,-,-,-
GNS,Genius Group Limited,28.91M,0.20,133.42%,-,-,Annual,-,2,-,-
ATYR,"aTyr Pharma, Inc.",28.86M,-,-,-,-,-,-,-,-,-
JAGU,Jaguar Uranium Corp.,28.78M,-,-,-,-,-,-,-,-,-
QNCX,"Quince Therapeutics, Inc.",28.66M,-,-,-,-,-,-,-,-,-
NTRP,"NextTrip, Inc.",28.65M,-,-,-,-,-,-,-,-,-
FLD,"Fold Holdings, Inc.",28.65M,-,-,-,-,-,-,-,-,-
BRLS,Borealis Foods Inc.,28.55M,-,-,-,-,-,-,-,-,-
GPUS,"Hyperscale Data, Inc.",28.53M,-,-,-,-,-,-,-,-,-
QRHC,Quest Resource Holding Corporation,28.48M,-,-,-,-,-,-,-,-,-
FKWL,Franklin Wireless Corp.,28.40M,0.04,1.66%,-,-,-,-,1,-,-
KYNB,"Kyntra Bio, Inc.",28.26M,-,-,-,-,-,-,-,-,-
AXG,Solowin Holdings,27.86M,-,-,-,-,-,-,-,-,-
RNAZ,"TransCode Therapeutics, Inc.",27.77M,-,-,-,-,-,-,-,-,-
BIRD,"Smartbird, Inc",27.75M,0,-,-,-,-,-,1,-,-
OPTH,Optimi Health Corp.,27.74M,-,-,-,-,-,-,-,-,-
SJ,Scienjoy Holding Corporation,27.60M,-,-,-,-,-,-,-,-,-
ABVC,"ABVC BioPharma, Inc.",27.48M,-,-,-,-,-,-,-,-,-
PDC,Perpetuals.com Ltd,27.34M,-,-,-,-,-,-,-,-,-
AAME,Atlantic American Corporation,27.33M,0.02,1.49%,-,-,-,-,5,-,-
CRWS,"Crown Crafts, Inc.",27.33M,0.12,4.72%,58.81%,-15.63%,Quarterly,-,17,-5.51%,-13.88%
RCON,"Recon Technology, Ltd.",27.27M,-,-,-,-,-,-,-,-,-
BLIV,BeLive Holdings,27.16M,-,-,-,-,-,-,-,-,-
MCRP,Micropolis AI Robotics,27.11M,-,-,-,-,-,-,-,-,-
ATCH,"AtlasClear Holdings, Inc.",27.03M,-,-,-,-,-,-,-,-,-
PRHI,"Presurance Holdings, Inc.",26.97M,-,-,-,-,-,-,-,-,-
LONA,"LeonaBio, Inc.",26.95M,-,-,-,-,-,-,-,-,-
REFR,Research Frontiers Incorporated,26.94M,-,-,-,-,-,-,-,-,-
EVAX,Evaxion A/S,26.94M,-,-,-,-,-,-,-,-,-
DCX,Digital Currency X Technology Inc.,26.78M,-,-,-,-,-,-,-,-,-
ASTI,"Ascent Solar Technologies, Inc.",26.75M,-,-,-,-,-,-,-,-,-
BBGI,"Beasley Broadcast Group, Inc.",26.53M,0,-,-,-,-,-,-,3.57%,2.13%
AIFA,All In FutureTech Alliance Inc.,26.45M,-,-,-,-,-,-,-,-,-
PAVM,PAVmed Inc.,26.29M,-,-,-,-,-,-,-,-,-
SWAG,"Stran & Company, Inc.",26.28M,-,-,-,-,-,-,-,-,-
DXLG,"Destination XL Group, Inc.",26.17M,-,-,-,-,-,-,-,-,-
QNRX,"Quoin Pharmaceuticals, Ltd.",26.04M,-,-,-,-,-,-,-,-,-
AIFF,"Firefly Neuroscience, Inc.",25.89M,-,-,-,-,-,-,-,-,-
EONR,EON Resources Inc.,25.81M,-,-,-,-,-,-,-,-,-
BEEM,Beam Global,25.80M,-,-,-,-,-,-,-,-,-
PLRZ,Polyrizon Ltd.,25.80M,-,-,-,-,-,-,-,-,-
MDBH,"MDB Capital Holdings, LLC",25.78M,-,-,-,-,-,-,-,-,-
FNUC,Frontier Nuclear and Minerals Inc.,25.51M,-,-,-,-,-,-,-,-,-
MDRR,"Medalist Diversified, Inc.",25.49M,0.27,2.37%,5.21%,3.85%,Quarterly,1,9,-30.38%,-3.34%
GRAN,Grande Group Limited,25.40M,-,-,-,-,-,-,-,-,-
JOB,GEE Group Inc.,25.37M,0,-,-,-,-,-,-,-,-16.74%
MF,MindForge Inc.,25.29M,-,-,-,-,-,-,-,-,-
PAPL,Pineapple Financial Inc.,25.27M,-,-,-,-,-,-,-,-,-
MPU,Mega Matrix Inc.,25.26M,0,-,-,-,-,-,-,-,-
ASPC,A SPAC III Acquisition Corp.,25.25M,-,-,-,-,-,-,-,-,-
EURK,Eureka Acquisition Corp,25.06M,-,-,-,-,-,-,-,-,-
CCG,Cheche Group Inc.,25.05M,-,-,-,-,-,-,-,-,-
CLIR,ClearSign Technologies Corporation,25.02M,-,-,-,-,-,-,-,-,-
GRDX,GridAI Technologies Corp.,24.78M,-,-,-,-,-,-,-,-,-
AWRE,"Aware, Inc.",24.65M,0,-,-,-,-,-,-,-,-
NXPL,NextPlat Corp,24.55M,-,-,-,-,-,-,-,-,-
JDZG,JIADE Limited,24.55M,-,-,-,-,-,-,-,-,-
USEA,United Maritime Corporation,24.51M,0.23,8.92%,-,212.00%,Quarterly,-,4,-,-
LOCL,Local Bounti Corporation,24.43M,-,-,-,-,-,-,-,-,-
TXMD,"TherapeuticsMD, Inc.",24.07M,-,-,-,-,-,-,-,-,-
ORIO,Orion Digital Corp.,24.03M,-,-,-,-,-,-,-,-,-
PRT,PermRock Royalty Trust,23.97M,0.21,10.49%,88.35%,-50.73%,Monthly,-,9,-32.25%,-15.03%
VIDA,VIDA Global Inc.,23.92M,-,-,-,-,-,-,-,-,-
DUO,Fangdd Network Group Ltd.,23.91M,-,-,-,-,-,-,-,-,-
AYTU,"Aytu BioPharma, Inc.",23.91M,-,-,-,-,-,-,-,-,-
BIOX,Bioceres Crop Solutions Corp.,23.73M,-,-,-,-,-,-,-,-,-
LIVE,Live Ventures Incorporated,23.47M,0,-,-,-,-,-,-,-,-
IPM,Intelligent Protection Management Corp.,23.46M,-,-,-,-,-,-,-,-,-
KTCC,Key Tronic Corporation,23.46M,-,-,-,-,-,-,-,-,-
TCRX,"TScan Therapeutics, Inc.",23.40M,-,-,-,-,-,-,-,-,-
NXTC,"NextCure, Inc.",23.33M,-,-,-,-,-,-,-,-,-
MRNO,Murano Global Investments Plc,23.26M,-,-,-,-,-,-,-,-,-
VNTG,Vantage Corp,23.24M,-,-,-,-,-,-,-,-,-
INLX,"Intellinetics, Inc.",23.24M,-,-,-,-,-,-,-,-,-
EHTH,"eHealth, Inc.",23.15M,-,-,-,-,-,-,-,-,-
COCP,"Cocrystal Pharma, Inc.",23.12M,-,-,-,-,-,-,-,-,-
JVA,"Coffee Holding Co., Inc.",23.01M,0.08,2.03%,9.68%,-,-,2,1,-23.69%,-14.97%
SKYQ,Sky Quarry Inc.,22.98M,-,-,-,-,-,-,-,-,-
GTEC,Greenland Technologies Holding Corporation,22.83M,-,-,-,-,-,-,-,-,-
BSAA,BEST SPAC I Acquisition Corp.,22.71M,-,-,-,-,-,-,-,-,-
FEDU,Four Seasons Education (Cayman) Inc.,22.61M,0,-,-,-,-,-,-,-,-
HKIT,Hitek Global Inc.,22.57M,-,-,-,-,-,-,-,-,-
TRSG,Tungray Technologies Inc.,22.40M,-,-,-,-,-,-,-,-,-
QNME,"Quanome Technologies, Inc.",22.37M,-,-,-,-,-,-,-,-,-
UTSI,UTStarcom Holdings Corp.,22.36M,-,-,-,-,-,-,-,-,-
GIFT,"Giftify, Inc.",22.32M,-,-,-,-,-,-,-,-,-
PBM,Psyence Biomedical Ltd.,21.93M,-,-,-,-,-,-,-,-,-
CKX,"CKX Lands, Inc.",21.87M,0,-,-,-,-,-,-,-24.61%,-15.59%
LOOP,"Loop Industries, Inc.",21.78M,-,-,-,-,-,-,-,-,-
PSHG,Performance Shipping Inc.,21.76M,0,-,-,-,-,-,-,-97.27%,-88.48%
CHOW,ChowChow Cloud International Holdings Limited,21.72M,-,-,-,-,-,-,-,-,-
MWYN,"Marwynn Holdings, Inc.",21.71M,-,-,-,-,-,-,-,-,-
STAK,STAK Inc.,21.71M,-,-,-,-,-,-,-,-,-
BENF,Beneficient,21.64M,-,-,-,-,-,-,-,-,-
DFNS,T3 Defense Inc.,21.63M,-,-,-,-,-,-,-,-,-
SNAL,"Snail, Inc.",21.58M,-,-,-,-,-,-,-,-,-
TLF,"Tandy Leather Factory, Inc.",21.36M,0.75,29.76%,-,-50.00%,Annual,1,2,-20.63%,-12.94%
RADX,Radiopharm Theranostics Limited,21.32M,-,-,-,-,-,-,-,-,-
JSPR,"Jasper Therapeutics, Inc.",21.27M,-,-,-,-,-,-,-,-,-
BEAT,"HeartBeam, Inc.",21.26M,-,-,-,-,-,-,-,-,-
HSCS,HeartSciences Inc.,21.12M,-,-,-,-,-,-,-,-,-
LIQT,"LiqTech International, Inc.",21.02M,-,-,-,-,-,-,-,-,-
AZIO,"Azio AI Holdings, Inc.",20.91M,-,-,-,-,-,-,-,-,-
MERC,Mercer International Inc.,20.89M,0,-,-,-,-,-,11,2.33%,-8.88%
RVP,"Retractable Technologies, Inc.",20.75M,-,-,-,-,-,-,-,-,-
MXC,Mexco Energy Corporation,20.42M,0.10,1.00%,13.34%,-,-,-,4,-,-
MNDO,MIND C.T.I. Ltd,20.39M,0,-,-,-,-,-,-,-5.42%,-1.73%
ZEO,Zeo Energy Corp.,20.27M,-,-,-,-,-,-,-,-,-
PMEC,Primech Holdings Ltd.,20.21M,-,-,-,-,-,-,-,-,-
CTRM,Castor Maritime Inc.,20.19M,-,-,-,-,-,-,-,-,-
SPPL,Simpple Ltd.,20.16M,-,-,-,-,-,-,-,-,-
MSGM,Motorsport Games Inc.,20.10M,-,-,-,-,-,-,-,-,-
FEMY,Femasys Inc.,20.02M,-,-,-,-,-,-,-,-,-
TGHL,The Growhub Limited,19.89M,-,-,-,-,-,-,-,-,-
NYC,American Strategic Investment Co.,19.87M,0,-,-,-,-,-,-,-,-
BNGO,"Bionano Genomics, Inc.",19.84M,-,-,-,-,-,-,-,-,-
PLSM,Pulsenmore Ltd.,19.82M,-,-,-,-,-,-,-,-,-
NEUP,Neuphoria Therapeutics Inc.,19.81M,-,-,-,-,-,-,-,-,-
KMRK,K-TECH Solutions Company Limited,19.69M,-,-,-,-,-,-,-,-,-
ATOS,"Atossa Therapeutics, Inc.",19.68M,-,-,-,-,-,-,-,-,-
LFWD,Lifeward Ltd.,19.60M,-,-,-,-,-,-,-,-,-
BMR,Beamr Imaging Ltd.,19.57M,-,-,-,-,-,-,-,-,-
AKTX,"Akari Therapeutics, Plc",19.49M,-,-,-,-,-,-,-,-,-
BCG,"Binah Capital Group, Inc.",19.45M,-,-,-,-,-,-,-,-,-
SHPH,"Shuttle Pharmaceuticals Holdings, Inc.",19.44M,-,-,-,-,-,-,-,-,-
KSCP,"Knightscope, Inc.",19.33M,-,-,-,-,-,-,-,-,-
FUSE,Fusemachines Inc.,19.33M,-,-,-,-,-,-,-,-,-
IHT,InnSuites Hospitality Trust,19.28M,0.02,1.44%,-,-,-,-,13,-,-
ESLA,"Estrella Immunopharma, Inc.",19.14M,-,-,-,-,-,-,-,-,-
HTCO,High-Trend International Group,19.06M,-,-,-,-,-,-,-,-,-
YAAS,Youxin Technology Ltd,19.01M,-,-,-,-,-,-,-,-,-
LEDS,SemiLEDs Corporation,18.93M,-,-,-,-,-,-,-,-,-
MRKR,"Marker Therapeutics, Inc.",18.67M,-,-,-,-,-,-,-,-,-
BESS,Bimergen Energy Corporation,18.67M,-,-,-,-,-,-,-,-,-
CCHH,CCH Holdings Ltd,18.64M,-,-,-,-,-,-,-,-,-
RECT,Rectitude Holdings Ltd,18.56M,0.10,7.81%,52.04%,-,-,-,1,-,-
CDLX,"Cardlytics, Inc.",18.49M,-,-,-,-,-,-,-,-,-
DUKR,DUKE Robotics Corp.,18.43M,-,-,-,-,-,-,-,-,-
RDAC,Rising Dragon Acquisition Corp.,18.41M,-,-,-,-,-,-,-,-,-
RKTO,Rocket One Inc.,18.33M,-,-,-,-,-,-,-,-,-
GRNQ,Greenpro Capital Corp.,18.13M,-,-,-,-,-,-,-,-,-
FENG,Phoenix New Media Limited,18.02M,0,-,-,-,-,-,-,-,-
ACCS,ACCESS Newswire Inc.,17.99M,0,-,-,-,-,-,-,88.21%,7.39%
EXYN,"Exyn Technologies, Inc.",17.98M,-,-,-,-,-,-,-,-,-
FTHM,Fathom Holdings Inc.,17.96M,-,-,-,-,-,-,-,-,-
FOXX,Foxx Development Holdings Inc.,17.74M,-,-,-,-,-,-,-,-,-
IDAI,T Stamp Inc.,17.65M,-,-,-,-,-,-,-,-,-
TVRD,"Tvardi Therapeutics, Inc.",17.61M,-,-,-,-,-,-,-,-,-
SOAR,"Volato Group, Inc.",17.54M,-,-,-,-,-,-,-,-,-
JL,J-Long Group Limited,17.49M,-,-,-,-,-,-,-,-,-
JF,J and Friends Holdings Limited,17.42M,-,-,-,-,-,-,-,-,-
LICN,Lichen International Limited,17.42M,-,-,-,-,-,-,-,-,-
LPCN,Lipocine Inc.,17.31M,-,-,-,-,-,-,-,-,-
DYAI,"Dyadic International, Inc.",17.31M,-,-,-,-,-,-,-,-,-
EFOI,"Energy Focus, Inc.",17.29M,-,-,-,-,-,-,-,-,-
PRZO,ParaZero Technologies Ltd.,17.20M,-,-,-,-,-,-,-,-,-
CLRB,"Cellectar Biosciences, Inc.",17.20M,-,-,-,-,-,-,-,-,-
LHAI,Linkhome Holdings Inc.,17.17M,-,-,-,-,-,-,-,-,-
UONE,"Urban One, Inc.",17.17M,-,-,-,-,-,-,-,-,-
LGPS,LogProstyle Inc.,17.14M,0.02,2.99%,33.62%,-,Quarterly,1,2,-,-
MGIH,Millennium Group International Holdings Limited,17.10M,-,-,-,-,-,-,-,-,-
ACTU,"Actuate Therapeutics, Inc.",17.03M,-,-,-,-,-,-,-,-,-
BFRI,Biofrontera Inc.,16.93M,-,-,-,-,-,-,-,-,-
PMA,PMA Graphene Technology Group Inc.,16.89M,-,-,-,-,-,-,-,-,-
PSQH,"PSQ Holdings, Inc.",16.86M,-,-,-,-,-,-,-,-,-
SCAG,Scage Future,16.83M,-,-,-,-,-,-,-,-,-
TLIH,Ten-League International Holdings Limited,16.79M,-,-,-,-,-,-,-,-,-
EPSM,Epsium Enterprise Limited,16.78M,-,-,-,-,-,-,-,-,-
FABC,"Fabric.AI, Inc.",16.74M,-,-,-,-,-,-,-,-,-
KPRX,"Kiora Pharmaceuticals, Inc.",16.74M,-,-,-,-,-,-,-,-,-
EDTK,Skillful Craftsman Education Technology Limited,16.69M,-,-,-,-,-,-,-,-,-
MODD,"Modular Medical, Inc.",16.64M,-,-,-,-,-,-,-,-,-
NCEL,NewcelX Ltd.,16.55M,-,-,-,-,-,-,-,-,-
ARTW,"Art's-Way Manufacturing Co., Inc.",16.52M,0,-,-,-,-,-,-,-5.90%,-3.58%
PTN,"Palatin Technologies, Inc.",16.48M,-,-,-,-,-,-,-,-,-
INTZ,Intrusion Inc.,16.42M,-,-,-,-,-,-,-,-,-
AHT,"Ashford Hospitality Trust, Inc.",16.41M,0,-,-,-,-,-,-,-14.50%,-8.97%
ARKR,Ark Restaurants Corp.,16.34M,0,-,-,-,-,-,-,81.71%,-5.59%
UONEK,"Urban One, Inc.",16.29M,-,-,-,-,-,-,-,-,-
ONEG,OneConstruction Group Limited,16.16M,-,-,-,-,-,-,-,-,-
FOFO,"Hang Feng Technology Innovation Co., Ltd.",16.06M,-,-,-,-,-,-,-,-,-
KTTA,Pasithea Therapeutics Corp.,16.04M,-,-,-,-,-,-,-,-,-
GMM,Global Mofy AI Limited,16.01M,-,-,-,-,-,-,-,-,-
OPAD,Offerpad Solutions Inc.,15.95M,-,-,-,-,-,-,-,-,-
PASW,"Ping An Biomedical Co., Ltd.",15.94M,-,-,-,-,-,-,-,-,-
ALLR,"Allarity Therapeutics, Inc.",15.90M,-,-,-,-,-,-,-,-,-
BCDA,"BioCardia, Inc.",15.90M,-,-,-,-,-,-,-,-,-
YXT,YXT.COM Group Holding Limited,15.87M,-,-,-,-,-,-,-,-,-
TMDE,TMD Energy Limited,15.85M,-,-,-,-,-,-,-,-,-
ATTT,Atlas Trinity Tech Limited,15.78M,-,-,-,-,-,-,-,-,-
DSY,Big Tree Cloud Holdings Limited,15.57M,-,-,-,-,-,-,-,-,-
SUNE,SUNation Energy Inc.,15.57M,-,-,-,-,-,-,-,-,-
GTIM,Good Times Restaurants Inc.,15.52M,-,-,-,-,-,-,-,-,-
UUU,"Universal Safety Products, Inc",15.45M,0,-,-,-,-,1,1,58.74%,31.95%
UFG,Uni-Fuels Holdings Limited,15.41M,-,-,-,-,-,-,-,-,-
FGI,FGI Industries Ltd.,15.39M,-,-,-,-,-,-,-,-,-
MOGU,MOGU Inc.,15.22M,-,-,-,-,-,-,-,-,-
MTEX,"Mannatech, Incorporated",15.20M,0,-,-,-,-,-,-,16.96%,5.06%
CNSY,"Cerenome, Inc.",15.18M,-,-,-,-,-,-,-,-,-
PASG,"Passage Bio, Inc.",15.17M,-,-,-,-,-,-,-,-,-
MYND,"Mynd.ai, Inc.",15.09M,-,-,-,-,-,-,-,-,-
PBK,PowerBank Corporation,15.04M,-,-,-,-,-,-,-,-,-
SMSI,"Smith Micro Software, Inc.",15.01M,-,-,-,-,-,-,-,-,-
OPTT,"Ocean Power Technologies, Inc.",14.89M,-,-,-,-,-,-,-,-,-
ICU,SeaStar Medical Holding Corporation,14.87M,-,-,-,-,-,-,-,-,-
ATCX,Atlas Critical Minerals Corporation,14.84M,-,-,-,-,-,-,-,-,-
NXXT,"NextNRG, Inc.",14.83M,-,-,-,-,-,-,-,-,-
GIGM,GigaMedia Limited,14.81M,0,-,-,-,-,-,-,-,-
BNKK,"Bonk, Inc.",14.80M,-,-,-,-,-,-,-,-,-
NEON,Neonode Inc.,14.79M,-,-,-,-,-,-,-,-,-
BTLN,"Brightline Interactive, Inc.",14.77M,-,-,-,-,-,-,-,-,-
HTOO,Fusion Fuel Green PLC,14.73M,-,-,-,-,-,-,-,-,-
CTXR,"Citius Pharmaceuticals, Inc.",14.63M,-,-,-,-,-,-,-,-,-
ASTC,Astrotech Corporation,14.63M,-,-,-,-,-,-,-,-,-
CCM,Concord Medical Services Holdings Limited,14.59M,0,-,-,-,-,-,-,-,-
HIND,"Vyome Holdings, Inc.",14.53M,-,-,-,-,-,-,-,-,-
EQS,"Equus Total Return, Inc.",14.53M,0,-,-,-,-,-,-,-37.89%,1.00%
MIMI,Mint Incorporation Limited,14.48M,-,-,-,-,-,-,-,-,-
COOT,Australian Oilseeds Holdings Limited,14.48M,-,-,-,-,-,-,-,-,-
LRE,"Lead Real Estate Co., Ltd",14.46M,-,-,-,-,-,-,-,-,-
LTRN,Lantern Pharma Inc.,14.25M,-,-,-,-,-,-,-,-,-
AUST,Austin Gold Corp.,14.24M,-,-,-,-,-,-,-,-,-
HODO,House of Doge Inc.,14.18M,-,-,-,-,-,-,-,-,-
PETZ,"TDH Holdings, Inc.",14.14M,-,-,-,-,-,-,-,-,-
SAGT,Sagtec Global Limited,14.03M,-,-,-,-,-,-,-,-,-
LSTA,"Lisata Therapeutics, Inc.",13.97M,-,-,-,-,-,-,-,-,-
DLPN,"Dolphin Entertainment, Inc.",13.94M,-,-,-,-,-,-,-,-,-
ZTG,Zenta Group Company Limited,13.93M,-,-,-,-,-,-,-,-,-
TULP,"Bloomia Holdings, Inc.",13.91M,0,-,-,-,-,-,-,-,-
SDOT,Sadot Group Inc.,13.91M,-,-,-,-,-,-,-,-,-
TPST,"Tempest Therapeutics, Inc.",13.88M,-,-,-,-,-,-,-,-,-
BIYA,Baiya International Group Inc.,13.85M,-,-,-,-,-,-,-,-,-
NIKI,"Niki BioSolutions, Inc.",13.81M,-,-,-,-,-,-,-,-,-
BRN,"Barnwell Industries, Inc.",13.78M,0,-,-,-,-,-,-,58.74%,31.95%
XCH,XCHG Limited,13.63M,-,-,-,-,-,-,-,-,-
CLRO,"ClearOne, Inc.",13.62M,0,-,-,-,-,-,-,14.47%,39.89%
OFAL,OFA Group,13.61M,-,-,-,-,-,-,-,-,-
CUPR,Cuprina Holdings (Cayman) Limited,13.52M,-,-,-,-,-,-,-,-,-
WETH,Wetouch Technology Inc.,13.52M,0.04,3.98%,5.73%,-,-,-,1,-,-
ZDAI,"DirectBooking Technology Co., Ltd.",13.51M,-,-,-,-,-,-,-,-,-
BRFH,"Barfresh Food Group, Inc.",13.49M,-,-,-,-,-,-,-,-,-
UCL,uCloudlink Group Inc.,13.37M,-,-,-,-,-,-,-,-,-
STKH,Steakholder Foods Ltd.,13.36M,-,-,-,-,-,-,-,-,-
CJMB,Callan JMB Inc.,13.32M,-,-,-,-,-,-,-,-,-
FRTT,Fort Technology Inc.,13.29M,-,-,-,-,-,-,-,-,-
DOGZ,Dogness (International) Corporation,13.28M,-,-,-,-,-,-,-,-,-
RGNT,Regentis Biomaterials Ltd.,13.28M,-,-,-,-,-,-,-,-,-
EBON,Ebang International Holdings Inc.,13.22M,-,-,-,-,-,-,-,-,-
BTCT,BTC Digital Ltd.,13.22M,-,-,-,-,-,-,-,-,-
AEON,"AEON Biopharma, Inc.",13.19M,-,-,-,-,-,-,-,-,-
HUIZ,Huize Holding Limited,13.19M,-,-,-,-,-,-,-,-,-
SINT,"Sintx Technologies, Inc.",13.16M,-,-,-,-,-,-,-,-,-
TURB,"Turbo Energy, S.A.",13.08M,-,-,-,-,-,-,-,-,-
CTSO,Cytosorbents Corporation,13.04M,-,-,-,-,-,-,-,-,-
DFLI,Dragonfly Energy Holdings Corp.,12.85M,-,-,-,-,-,-,-,-,-
NUR,Nuran Wireless Inc.,12.85M,-,-,-,-,-,-,-,-,-
VTGN,"Vistagen Therapeutics, Inc.",12.82M,-,-,-,-,-,-,-,-,-
AIRI,Air Industries Group,12.81M,0,-,-,-,-,-,-,-,-
CABR,"Caring Brands, Inc.",12.80M,-,-,-,-,-,-,-,-,-
SLGB,Smart Logistics Global Limited,12.74M,-,-,-,-,-,-,-,-,-
ALAR,Alarum Technologies Ltd.,12.66M,-,-,-,-,-,-,-,-,-
GYGY,"Game Your Game, Inc.",12.65M,-,-,-,-,-,-,-,-,-
FMST,Foremost Clean Energy Ltd.,12.64M,-,-,-,-,-,-,-,-,-
VRME,"VerifyMe, Inc.",12.64M,0,-,-,-,-,-,1,-,-
DTSS,Datasea Intelligent Technology Ltd.,12.53M,-,-,-,-,-,-,-,-,-
ICMB,"Investcorp Credit Management BDC, Inc.",12.45M,0.14,16.23%,-,-3.70%,-,-,12,-4.66%,-8.02%
GTBP,"GT Biopharma, Inc.",12.43M,-,-,-,-,-,-,-,-,-
REBN,"Reborn Coffee, Inc.",12.41M,-,-,-,-,-,-,-,-,-
CMMB,Chemomab Therapeutics Ltd.,12.32M,-,-,-,-,-,-,-,-,-
INTS,"Intensity Therapeutics, Inc.",12.24M,-,-,-,-,-,-,-,-,-
AEHL,Antelope Enterprise Holdings Limited,12.13M,0,-,-,-,-,-,-,-,-
CETY,"Clean Energy Technologies, Inc.",12.11M,-,-,-,-,-,-,-,-,-
NVNI,Nvni Group Limited,12.10M,-,-,-,-,-,-,-,-,-
RPGL,Republic Power Group Limited,12.09M,-,-,-,-,-,-,-,-,-
DETX,"Liberty Defense Holdings, Ltd.",12.06M,-,-,-,-,-,-,-,-,-
INAB,"IN8bio, Inc.",12.03M,-,-,-,-,-,-,-,-,-
PHIO,Phio Pharmaceuticals Corp.,12.02M,-,-,-,-,-,-,-,-,-
OXBR,Oxbridge Re Holdings Limited,11.96M,0,-,-,-,-,-,-,-,-
NMTC,NeuroOne Medical Technologies Corporation,11.93M,-,-,-,-,-,-,-,-,-
PLUR,Pluri Inc.,11.93M,-,-,-,-,-,-,-,-,-
ASBP,"Aspire-Lakewood Holdings, Inc.",11.92M,-,-,-,-,-,-,-,-,-
YFOR,YYForce Inc.,11.87M,-,-,-,-,-,-,-,-,-
BIVI,BioVie Inc.,11.69M,-,-,-,-,-,-,-,-,-
HPAI,Helport AI Limited,11.69M,-,-,-,-,-,-,-,-,-
BFRG,"Bullfrog AI Holdings, Inc.",11.66M,-,-,-,-,-,-,-,-,-
RCT,RedCloud Holdings plc,11.66M,-,-,-,-,-,-,-,-,-
MEDS,"DataMEDS AI, Inc.",11.64M,-,-,-,-,-,-,-,-,-
BTBD,"BT Brands, Inc.",11.60M,-,-,-,-,-,-,-,-,-
XHLD,"TEN Holdings, Inc.",11.59M,-,-,-,-,-,-,-,-,-
DDC,DDC Enterprise Limited,11.58M,-,-,-,-,-,-,-,-,-
BTOC,Armlogi Holding Corp.,11.56M,-,-,-,-,-,-,-,-,-
GIXI,Gix Internet Ltd.,11.50M,-,-,-,-,-,-,-,-,-
DARE,"Daré Bioscience, Inc.",11.48M,-,-,-,-,-,-,-,-,-
CALC,"CalciMedica, Inc.",11.47M,-,-,-,-,-,-,-,-,-
EPOW,E-Power Inc.,11.46M,-,-,-,-,-,-,-,-,-
MOBX,"Mobix Labs, Inc.",11.42M,-,-,-,-,-,-,-,-,-
HCTI,"Healthcare Triangle, Inc.",11.37M,-,-,-,-,-,-,-,-,-
MMA,Mixed Martial Arts Group Limited,11.36M,-,-,-,-,-,-,-,-,-
BIOT,Instinct Bio Technical Company Holdings Inc.,11.23M,-,-,-,-,-,-,-,-,-
TOMZ,"TOMI Environmental Solutions, Inc.",11.16M,-,-,-,-,-,-,-,-,-
MBRX,"Moleculin Biotech, Inc.",11.10M,-,-,-,-,-,-,-,-,-
EDUC,Educational Development Corporation,11.08M,0,-,-,-,-,-,-,25.99%,17.32%
BLRX,BioLineRx Ltd.,11.08M,-,-,-,-,-,-,-,-,-
STFS,Star Fashion Culture Holdings Limited,11.05M,-,-,-,-,-,-,-,-,-
MTVA,MetaVia Inc.,11.04M,-,-,-,-,-,-,-,-,-
IRIX,IRIDEX Corporation,11.00M,-,-,-,-,-,-,-,-,-
ADVB,Advanced Biomed Inc.,10.97M,-,-,-,-,-,-,-,-,-
SKK,SKK Holdings Limited,10.92M,-,-,-,-,-,-,-,-,-
MSAI,"MultiSensor AI Holdings, Inc.",10.92M,-,-,-,-,-,-,-,-,-
NAII,"Natural Alternatives International, Inc.",10.89M,-,-,-,-,-,-,-,-,-
PMI,"Picard Medical, Inc.",10.87M,-,-,-,-,-,-,-,-,-
SEED,Origin Agritech Limited,10.85M,-,-,-,-,-,-,-,-,-
SCNX,"Scienture Holdings, Inc.",10.85M,-,-,-,-,-,-,-,-,-
QH,Quhuo Limited,10.78M,-,-,-,-,-,-,-,-,-
BMRA,"Biomerica, Inc.",10.76M,-,-,-,-,-,-,-,-,-
IQST,iQSTEL Inc.,10.75M,-,-,-,-,-,-,-,-,-
JBDI,JBDI Holdings Limited,10.70M,-,-,-,-,-,-,-,-,-
CENN,Cenntro Inc.,10.69M,-,-,-,-,-,-,-,-,-
PRPL,"Purple Innovation, Inc.",10.68M,-,-,-,-,-,-,-,-,-
PPBT,Purple Biotech Ltd,10.63M,-,-,-,-,-,-,-,-,-
SMXT,"SolarMax Technology, Inc.",10.62M,-,-,-,-,-,-,-,-,-
GYRO,"Gyrodyne, LLC",10.51M,0,-,-,-,-,-,-,-,-
ADIL,"Adial Pharmaceuticals, Inc.",10.50M,-,-,-,-,-,-,-,-,-
CLWT,Euro Tech Holdings Company Limited,10.49M,0.13,9.42%,-,-,-,-,-,-15.66%,-13.79%
BLIN,"Bridgeline Digital, Inc.",10.46M,-,-,-,-,-,-,-,-,-
ATER,"Aterian, Inc.",10.46M,-,-,-,-,-,-,-,-,-
HUDI,"Huadi International Group Co., Ltd.",10.45M,-,-,-,-,-,-,-,-,-
MLEC,Moolec Science SA,10.35M,-,-,-,-,-,-,-,-,-
BANL,CBL International Limited,10.34M,0.10,2.05%,-,-,-,-,1,-,-
RAIN,"Rain Enhancement Technologies Holdco, Inc.",10.30M,-,-,-,-,-,-,-,-,-
MTEK,Maris-Tech Ltd.,10.25M,-,-,-,-,-,-,-,-,-
GDTC,CytoMed Therapeutics Limited,10.24M,-,-,-,-,-,-,-,-,-
JCTC,Jewett-Cameron Trading Company Ltd.,10.21M,-,-,-,-,-,-,-,-,-
AZTR,"Azitra, Inc.",10.19M,-,-,-,-,-,-,-,-,-
TDIC,Dreamland Limited,10.10M,-,-,-,-,-,-,-,-,-
GFAI,"Guardforce AI Co., Limited",10.08M,-,-,-,-,-,-,-,-,-
LZMH,LZ Technology Holdings Limited,10.06M,-,-,-,-,-,-,-,-,-
AWX,Avalon Holdings Corporation,9.98M,-,-,-,-,-,-,-,-,-
ARAI,Arrive AI Inc.,9.98M,-,-,-,-,-,-,-,-,-
AIMD,"Ainos, Inc.",9.97M,-,-,-,-,-,-,-,-,-
TOVX,"Theriva Biologics, Inc.",9.95M,-,-,-,-,-,-,-,-,-
CLIK,Click Holdings Limited,9.93M,-,-,-,-,-,-,-,-,-
FLUX,"Flux Power Holdings, Inc.",9.93M,-,-,-,-,-,-,-,-,-
IOTR,iOThree Limited,9.87M,-,-,-,-,-,-,-,-,-
PLAG,Planet Green Holdings Corp.,9.82M,0,-,-,-,-,-,-,-,-
NRSN,NeuroSense Therapeutics Ltd.,9.81M,-,-,-,-,-,-,-,-,-
CVR,Chicago Rivet & Machine Co.,9.81M,0.06,0.60%,-,-53.85%,-,-,56,-48.53%,-25.42%
IMRN,Immuron Limited,9.74M,-,-,-,-,-,-,-,-,-
MDCX,Medicus Pharma Ltd.,9.70M,-,-,-,-,-,-,-,-,-
IFBD,"Infobird Co., Ltd",9.66M,-,-,-,-,-,-,-,-,-
SNTI,"Senti Biosciences Holdings, Inc.",9.65M,-,-,-,-,-,-,-,-,-
FBLG,"FibroBiologics, Inc.",9.60M,-,-,-,-,-,-,-,-,-
MYSE,"Myseum.AI, Inc.",9.56M,-,-,-,-,-,-,-,-,-
UPLD,"Upland Software, Inc.",9.55M,-,-,-,-,-,-,-,-,-
APUS,"Apimeds Pharmaceuticals US, Inc.",9.52M,-,-,-,-,-,-,-,-,-
AMS,American Shared Hospital Services,9.51M,0,-,-,-,-,-,-,5.35%,9.63%
FNGR,"FingerMotion, Inc.",9.47M,-,-,-,-,-,-,-,-,-
APRE,"Aprea Therapeutics, Inc.",9.47M,-,-,-,-,-,-,-,-,-
INEO,INNEOVA Holdings Limited,9.46M,-,-,-,-,-,-,-,-,-
CYN,Cyngn Inc.,9.38M,-,-,-,-,-,-,-,-,-
SFHG,Samfine Creation Holdings Group Limited,9.38M,-,-,-,-,-,-,-,-,-
CISO,CISO Global Inc.,9.37M,-,-,-,-,-,-,-,-,-
INUV,"Inuvo, Inc.",9.27M,-,-,-,-,-,-,-,-,-
NIXX,"Nixxy, Inc.",9.25M,-,-,-,-,-,-,-,-,-
WVVI,"Willamette Valley Vineyards, Inc.",9.15M,-,-,-,-,-,-,-,-,-
TPET,Trio Petroleum Corp.,9.10M,-,-,-,-,-,-,-,-,-
ENLV,Enlivex Ltd.,9.07M,-,-,-,-,-,-,-,-,-
INM,InMed Pharmaceuticals Inc.,9.04M,-,-,-,-,-,-,-,-,-
OST,"Ostin Technology Group Co., Ltd.",9.03M,-,-,-,-,-,-,-,-,-
GLE,Global Engine Group Holding Limited,9.02M,-,-,-,-,-,-,-,-,-
AQMS,"Aqua Metals, Inc.",8.99M,-,-,-,-,-,-,-,-,-
CYCU,"Cycurion, Inc.",8.98M,-,-,-,-,-,-,-,-,-
VEEA,Veea Inc.,8.96M,-,-,-,-,-,-,-,-,-
CRMT,"America's Car-Mart, Inc.",8.92M,-,-,-,-,-,-,-,-,-
BURU,"Nuburu, Inc.",8.89M,-,-,-,-,-,-,-,-,-
TRAW,"Traws Pharma, Inc.",8.84M,-,-,-,-,-,-,-,-,-
NHTC,Natural Health Trends Corp.,8.75M,0.40,39.22%,-,-25.00%,-,-,13,-9.14%,-5.59%
MARPS,Marine Petroleum Trust,8.72M,0.36,8.24%,103.85%,-4.58%,Quarterly,-,54,-18.62%,23.79%
EDHL,Everbright Digital Holding Limited,8.71M,-,-,-,-,-,-,-,-,-
NCPL,Netcapital Inc.,8.71M,-,-,-,-,-,-,-,-,-
KALA,"KALA BIO, Inc.",8.70M,-,-,-,-,-,-,-,-,-
GITS,"Global Interactive Technologies, Inc.",8.70M,-,-,-,-,-,-,-,-,-
BGL,Blue Gold Limited,8.69M,-,-,-,-,-,-,-,-,-
NDRA,ENDRA Life Sciences Inc.,8.62M,-,-,-,-,-,-,-,-,-
MSN,Emerson Radio Corp.,8.61M,0,-,-,-,-,-,-,-13.99%,-8.64%
ALZN,"Alzamend Neuro, Inc.",8.59M,-,-,-,-,-,-,-,-,-
LGVN,Longeveron Inc.,8.53M,-,-,-,-,-,-,-,-,-
YJ,Yunji Inc.,8.47M,-,-,-,-,-,-,-,-,-
BAOS,Baosheng Media Group Holdings Limited,8.37M,-,-,-,-,-,-,-,-,-
LOBO,Lobo Technologies Ltd.,8.36M,-,-,-,-,-,-,-,-,-
SNGX,"Soligenix, Inc.",8.34M,-,-,-,-,-,-,-,-,-
LNAI,Lunai Bioworks Inc.,8.30M,-,-,-,-,-,-,-,-,-
TWG,Top Wealth Group Holding Limited,8.28M,-,-,-,-,-,-,-,-,-
RMCF,"Rocky Mountain Chocolate Factory, Inc.",8.27M,0,-,-,-,-,-,-,-,1.30%
XTLB,XTL Biopharmaceuticals Ltd.,8.25M,-,-,-,-,-,-,-,-,-
MGRX,"Mangoceuticals, Inc.",8.17M,-,-,-,-,-,-,-,-,-
THH,TryHard Holdings Limited,8.12M,-,-,-,-,-,-,-,-,-
LUCY,"Lucyd, Inc",8.09M,-,-,-,-,-,-,-,-,-
SEGG,Sports Entertainment Gaming Global Corporation,8.08M,-,-,-,-,-,-,-,-,-
RVSN,Rail Vision Ltd.,8.01M,-,-,-,-,-,-,-,-,-
EEIQ,EpicQuest Education Group International Limited,7.99M,-,-,-,-,-,-,-,-,-
XCUR,"Exicure, Inc.",7.99M,-,-,-,-,-,-,-,-,-
AIRE,reAlpha Tech Corp.,7.98M,-,-,-,-,-,-,-,-,-
CNET,ZW Data Action Technologies Inc.,7.96M,-,-,-,-,-,-,-,-,-
IMNN,"Imunon, Inc.",7.91M,-,-,-,-,-,-,-,-,-
ENSC,"Ensysce Biosciences, Inc.",7.86M,-,-,-,-,-,-,-,-,-
DLXY,Delixy Holdings Limited,7.82M,-,-,-,-,-,-,-,-,-
MTEN,Mingteng International Corporation Inc.,7.80M,-,-,-,-,-,-,-,-,-
AMOD,"Alpha Modus Holdings, Inc.",7.80M,-,-,-,-,-,-,-,-,-
VEEE,Twin Vee Powercats Co.,7.78M,-,-,-,-,-,-,-,-,-
SMX,SMX (Security Matters) Public Limited Company,7.75M,-,-,-,-,-,-,-,-,-
JYD,Jayud Global Logistics Limited,7.72M,-,-,-,-,-,-,-,-,-
XWEL,"XWELL, Inc.",7.69M,-,-,-,-,-,-,-,-,-
SLE,"Super League Enterprise, Inc.",7.68M,-,-,-,-,-,-,-,-,-
ICCM,IceCure Medical Ltd,7.65M,-,-,-,-,-,-,-,-,-
NXTT,Next Technology Holding Inc.,7.62M,-,-,-,-,-,-,-,-,-
DAIC,"CID HoldCo, Inc.",7.60M,-,-,-,-,-,-,-,-,-
ARBB,ARB IOT Group Limited,7.59M,-,-,-,-,-,-,-,-,-
JCSE,JE Cleantech Holdings Limited,7.56M,0.44,30.56%,-,-,-,-,1,-,-
FEBO,Fenbo Holdings Limited,7.51M,-,-,-,-,-,-,-,-,-
BON,Bon Natural Life Limited,7.45M,-,-,-,-,-,-,-,-,-
PRSO,Peraso Inc.,7.43M,-,-,-,-,-,-,-,-,-
UCAR,U Power Limited,7.40M,-,-,-,-,-,-,-,-,-
DTST,Data Storage Corporation,7.40M,-,-,-,-,-,-,-,-,-
REED,"Reed's, Inc.",7.38M,-,-,-,-,-,-,-,-,-
INHD,Inno Holdings Inc.,7.33M,-,-,-,-,-,-,-,-,-
CLGN,CollPlant Biotechnologies Ltd.,7.29M,-,-,-,-,-,-,-,-,-
LHSW,Lianhe Sowell International Group Ltd,7.22M,-,-,-,-,-,-,-,-,-
AUUD,Auddia Inc.,7.20M,-,-,-,-,-,-,-,-,-
SKYE,"Skye Bioscience, Inc.",7.17M,-,-,-,-,-,-,-,-,-
ILLR,Triller Group Inc.,7.17M,-,-,-,-,-,-,-,-,-
CNSP,"CNS Pharmaceuticals, Inc.",7.13M,-,-,-,-,-,-,-,-,-
SURG,"SurgePays, Inc.",7.13M,-,-,-,-,-,-,-,-,-
CHAI,"Core AI Holdings, Inc.",7.08M,-,-,-,-,-,-,-,-,-
EVGN,Evogene Ltd.,7.07M,-,-,-,-,-,-,-,-,-
CGTL,Creative Global Technology Holdings Limited,7.07M,-,-,-,-,-,-,-,-,-
ACXP,"Acurx Pharmaceuticals, Inc.",7.06M,-,-,-,-,-,-,-,-,-
GWAV,"Greenwave Technology Solutions, Inc.",7.04M,-,-,-,-,-,-,-,-,-
NAMI,Jinxin Technology Holding Company,6.99M,-,-,-,-,-,-,-,-,-
CNEY,CN Energy Group. Inc.,6.99M,-,-,-,-,-,-,-,-,-
WKSP,Worksport Ltd.,6.96M,-,-,-,-,-,-,-,-,-
GWH,"ESS Tech, Inc.",6.93M,-,-,-,-,-,-,-,-,-
ACON,"Aclarion, Inc.",6.92M,-,-,-,-,-,-,-,-,-
CODX,"Co-Diagnostics, Inc.",6.91M,-,-,-,-,-,-,-,-,-
TKLF,"Tokyo Lifestyle Co., Ltd.",6.90M,0.24,14.61%,-,-,-,-,-,-,-
OBAI,"Our Bond, Inc.",6.90M,-,-,-,-,-,-,-,-,-
GOW,GOWell Technology Singapore PTE. LTD.,6.89M,-,-,-,-,-,-,-,-,-
CWD,CaliberCos Inc.,6.84M,-,-,-,-,-,-,-,-,-
BOLT,"Bolt Biotherapeutics, Inc.",6.84M,-,-,-,-,-,-,-,-,-
SYNX,Silynxcom Ltd.,6.83M,-,-,-,-,-,-,-,-,-
AMST,Amesite Inc.,6.81M,-,-,-,-,-,-,-,-,-
POM,Pomdoctor Limited,6.78M,-,-,-,-,-,-,-,-,-
MSGY,Masonglory Limited,6.76M,-,-,-,-,-,-,-,-,-
DSS,"DSS, Inc.",6.74M,-,-,-,-,-,-,-,-,-
CELZ,"Creative Medical Technology Holdings, Inc.",6.72M,-,-,-,-,-,-,-,-,-
VSA,VisionSys AI Inc.,6.70M,0,-,-,-,-,-,-,-,-
QCLS,"Q/C Technologies, Inc.",6.68M,-,-,-,-,-,-,-,-,-
AMSS,"AMASS Brands, Inc.",6.65M,-,-,-,-,-,-,-,-,-
CMCT,Creative Media & Community Trust Corporation,6.60M,0,-,-,-,-,-,-,4.26%,-25.68%
VWAV,"VisionWave Holdings, Inc.",6.58M,-,-,-,-,-,-,-,-,-
MWG,Multi Ways Holdings Limited,6.58M,-,-,-,-,-,-,-,-,-
AZI,Autozi Internet Technology (Global) Ltd.,6.55M,-,-,-,-,-,-,-,-,-
ENVB,"Enveric Biosciences, Inc.",6.53M,-,-,-,-,-,-,-,-,-
AUID,authID Inc.,6.51M,-,-,-,-,-,-,-,-,-
BQ,Boqii Holding Limited,6.48M,-,-,-,-,-,-,-,-,-
VS,Versus Systems Inc.,6.46M,-,-,-,-,-,-,-,-,-
SOS,SOS Limited,6.45M,-,-,-,-,-,-,-,-,-
YHGJ,Yunhong Green CTI Ltd.,6.44M,0,-,-,-,-,-,-,-,-
WAFU,Wah Fu Education Group Limited,6.44M,-,-,-,-,-,-,-,-,-
YMAT,"J-Star Holding Co., Ltd.",6.42M,-,-,-,-,-,-,-,-,-
INTJ,Intelligent Group Limited,6.41M,-,-,-,-,-,-,-,-,-
PCSA,"Processa Pharmaceuticals, Inc.",6.33M,-,-,-,-,-,-,-,-,-
SONM,"DNA X, Inc.",6.33M,-,-,-,-,-,-,-,-,-
TWAV,"TaoWeave, Inc.",6.32M,-,-,-,-,-,-,-,-,-
ORKT,Orangekloud Technology Inc.,6.31M,-,-,-,-,-,-,-,-,-
JWEL,Jowell Global Ltd.,6.27M,-,-,-,-,-,-,-,-,-
KRKR,36Kr Holdings Inc.,6.20M,-,-,-,-,-,-,-,-,-
RENX,RenX Enterprises Corp.,6.17M,-,-,-,-,-,-,-,-,-
GELS,Gelteq Limited,6.14M,-,-,-,-,-,-,-,-,-
BGMS,"Bio Green Med Solution, Inc.",6.12M,-,-,-,-,-,-,-,-,-
GXAI,Gaxos.ai Inc.,6.09M,-,-,-,-,-,-,-,-,-
AMBO,Ambow Education Holding Ltd.,6.06M,-,-,-,-,-,-,-,-,-
ELOG,Eastern International Ltd.,6.03M,-,-,-,-,-,-,-,-,-
ILAG,Intelligent Living Application Group Inc.,6.02M,-,-,-,-,-,-,-,-,-
GCDT,Green Circle Decarbonize Technology Limited,6.00M,-,-,-,-,-,-,-,-,-
GLXG,Galaxy Payroll Group Limited,5.96M,-,-,-,-,-,-,-,-,-
SNOA,"Sonoma Pharmaceuticals, Inc.",5.94M,-,-,-,-,-,-,-,-,-
NVNO,enVVeno Medical Corporation,5.92M,-,-,-,-,-,-,-,-,-
GURE,"Gulf Resources, Inc.",5.89M,-,-,-,-,-,-,-,-,-
MITQ,"Moving iMage Technologies, Inc.",5.88M,-,-,-,-,-,-,-,-,-
HXHX,Haoxin Holdings Limited,5.85M,-,-,-,-,-,-,-,-,-
PULM,"Pulmatrix, Inc.",5.81M,-,-,-,-,-,-,-,-,-
CXAI,CXApp Inc.,5.80M,-,-,-,-,-,-,-,-,-
KAPA,"Kairos Pharma, Ltd.",5.77M,-,-,-,-,-,-,-,-,-
ERNA,Ernexa Therapeutics Inc.,5.71M,-,-,-,-,-,-,-,-,-
JTAI,Jet.AI Inc.,5.62M,-,-,-,-,-,-,-,-,-
GAUZ,Gauzy Ltd.,5.61M,-,-,-,-,-,-,-,-,-
NCI,Neo-Concept International Group Holdings Limited,5.60M,-,-,-,-,-,-,-,-,-
CDIO,"Cardio Diagnostics Holdings, Inc.",5.59M,-,-,-,-,-,-,-,-,-
LIMN,"Liminatus Pharma, Inc.",5.57M,-,-,-,-,-,-,-,-,-
AIM,AIM ImmunoTech Inc.,5.57M,-,-,-,-,-,-,-,-,-
NCNA,NuCana plc,5.52M,-,-,-,-,-,-,-,-,-
FBGL,FBS Global Limited,5.51M,-,-,-,-,-,-,-,-,-
BMGL,Basel Medical Group Ltd,5.49M,-,-,-,-,-,-,-,-,-
XBIO,"Xenetic Biosciences, Inc.",5.46M,-,-,-,-,-,-,-,-,-
POLA,"Polar Power, Inc.",5.45M,-,-,-,-,-,-,-,-,-
LEXX,Lexaria Bioscience Corp.,5.42M,-,-,-,-,-,-,-,-,-
NWTG,"Newton Golf Company, Inc.",5.41M,-,-,-,-,-,-,-,-,-
FFAI,Faraday Future Intelligent Electric Inc.,5.40M,-,-,-,-,-,-,-,-,-
GP,GreenPower Motor Company Inc.,5.31M,-,-,-,-,-,-,-,-,-
AIDX,"20/20 Biolabs, Inc.",5.31M,-,-,-,-,-,-,-,-,-
CRE,Cre8 Enterprise Limited,5.30M,-,-,-,-,-,-,-,-,-
GDC,GD Culture Group Limited,5.29M,-,-,-,-,-,-,-,-,-
TRIB,Trinity Biotech plc,5.29M,0,-,-,-,-,-,-,13.62%,-
POAS,Phaos Technology Holdings (Cayman) Limited,5.20M,-,-,-,-,-,-,-,-,-
YCBD,"cbdMD, Inc.",5.15M,-,-,-,-,-,-,-,-,-
MRM,MEDIROM Healthcare Technologies Inc.,5.14M,-,-,-,-,-,-,-,-,-
DFSC,DEFSEC Technologies Inc.,5.13M,-,-,-,-,-,-,-,-,-
CHNR,"China Natural Resources, Inc.",5.05M,-,-,-,-,-,-,-,-,-
CPOP,"Pop Culture Group Co., Ltd",5.04M,-,-,-,-,-,-,-,-,-
INBS,Intelligent Bio Solutions Inc.,5.03M,-,-,-,-,-,-,-,-,-
YDKG,Yueda Digital Holding,4.98M,-,-,-,-,-,-,-,-,-
TOPS,Top Ships Inc.,4.91M,0.84,129.75%,-,-,-,-,-,-,-
TANH,Tantech Holdings Ltd,4.90M,-,-,-,-,-,-,-,-,-
TAOP,Taoping Inc.,4.90M,-,-,-,-,-,-,-,-,-
VMAR,Vision Marine Technologies Inc.,4.90M,-,-,-,-,-,-,-,-,-
GIBO,GIBO Holdings Limited,4.90M,-,-,-,-,-,-,-,-,-
SNTG,Sentage Holdings Inc.,4.83M,-,-,-,-,-,-,-,-,-
CANF,Can-Fite BioPharma Ltd.,4.80M,-,-,-,-,-,-,-,-,-
WBUY,Webuy Global Ltd,4.75M,-,-,-,-,-,-,-,-,-
FRSX,Foresight Autonomous Holdings Ltd.,4.75M,-,-,-,-,-,-,-,-,-
AQB,"AquaBounty Technologies, Inc.",4.74M,-,-,-,-,-,-,-,-,-
XELB,"Xcel Brands, Inc.",4.72M,-,-,-,-,-,-,-,-,-
DPU,Top KingWin Ltd,4.69M,-,-,-,-,-,-,-,-,-
MGN,Megan Holdings Limited,4.69M,-,-,-,-,-,-,-,-,-
EHGO,Eshallgo Inc.,4.67M,-,-,-,-,-,-,-,-,-
GVH,Globavend Holdings Limited,4.65M,-,-,-,-,-,-,-,-,-
HYFM,"Hydrofarm Holdings Group, Inc.",4.63M,-,-,-,-,-,-,-,-,-
GRI,"GRI Bio, Inc.",4.61M,-,-,-,-,-,-,-,-,-
NTCL,NetClass Technology Inc,4.61M,-,-,-,-,-,-,-,-,-
OLB,"The OLB Group, Inc.",4.61M,-,-,-,-,-,-,-,-,-
DRMA,"Dermata Therapeutics, Inc.",4.55M,-,-,-,-,-,-,-,-,-
PMCB,"PharmaCyte Biotech, Inc.",4.54M,-,-,-,-,-,-,-,-,-
IVF,"INVO Fertility, Inc.",4.53M,-,-,-,-,-,-,-,-,-
MTR,Mesa Royalty Trust,4.52M,0.23,9.65%,71.56%,29.95%,-,1,48,-55.19%,-4.56%
WOK,WORK Medical Technology Group LTD,4.50M,-,-,-,-,-,-,-,-,-
DXST,Decent Holding Inc.,4.49M,-,-,-,-,-,-,-,-,-
AEMD,"Aethlon Medical, Inc.",4.49M,-,-,-,-,-,-,-,-,-
HCAI,"Huachen AI Parking Management Technology Holding Co., Ltd",4.39M,-,-,-,-,-,-,-,-,-
ONCO,"Onconetix, Inc.",4.38M,-,-,-,-,-,-,-,-,-
XPON,"Expion Energy, Inc.",4.37M,-,-,-,-,-,-,-,-,-
DBGI,"Digital Brands Group, Inc.",4.36M,-,-,-,-,-,-,-,-,-
SXTP,"60 Degrees Pharmaceuticals, Inc.",4.33M,-,-,-,-,-,-,-,-,-
BJDX,"Bluejay Diagnostics, Inc.",4.28M,-,-,-,-,-,-,-,-,-
LCFY,Locafy Limited,4.26M,-,-,-,-,-,-,-,-,-
VIVK,"Vivakor, Inc.",4.26M,-,-,-,-,-,-,-,-,-
WXM,WF International Limited,4.17M,-,-,-,-,-,-,-,-,-
HIHO,Highway Holdings Limited,4.14M,0.10,11.17%,-,-,Semi-Annual,-,1,-44.97%,-8.97%
IMCC,IM Cannabis Corp.,4.09M,-,-,-,-,-,-,-,-,-
ATXG,Addentax Group Corp.,4.03M,-,-,-,-,-,-,-,-,-
AGRZ,Agroz Inc.,4.01M,-,-,-,-,-,-,-,-,-
BIAF,"bioAffinity Technologies, Inc.",3.96M,-,-,-,-,-,-,-,-,-
CLDI,"Calidi Biotherapeutics, Inc.",3.95M,-,-,-,-,-,-,-,-,-
UZX,Linkage Global Inc,3.94M,-,-,-,-,-,-,-,-,-
YYAI,AiRWA Inc.,3.94M,-,-,-,-,-,-,-,-,-
KUST,"Kustom Entertainment, Inc.",3.94M,-,-,-,-,-,-,-,-,-
TRNR,Interactive Strength Inc.,3.94M,-,-,-,-,-,-,-,-,-
CVKD,"Cadrenal Therapeutics, Inc.",3.92M,-,-,-,-,-,-,-,-,-
ELAB,PMGC Holdings Inc.,3.89M,-,-,-,-,-,-,-,-,-
EJH,E-Home Household Service Holdings Limited,3.87M,-,-,-,-,-,-,-,-,-
BRNX,BrenX Ltd.,3.86M,-,-,-,-,-,-,-,-,-
MBIO,"Mustang Bio, Inc.",3.84M,-,-,-,-,-,-,-,-,-
BGLC,BioNexus Gene Lab Corp.,3.81M,-,-,-,-,-,-,-,-,-
CHR,"Cheer Holding, Inc.",3.80M,-,-,-,-,-,-,-,-,-
ADGM,"Adagio Medical Holdings, Inc.",3.79M,-,-,-,-,-,-,-,-,-
EOCN,Eocene Ltd.,3.78M,-,-,-,-,-,-,-,-,-
SCKT,"Socket Mobile, Inc.",3.77M,-,-,-,-,-,-,-,-,-
IVDA,"Iveda Solutions, Inc.",3.76M,-,-,-,-,-,-,-,-,-
WLDS,Wearable Devices Ltd.,3.75M,-,-,-,-,-,-,-,-,-
AMIX,"Autonomix Medical, Inc.",3.73M,-,-,-,-,-,-,-,-,-
GBR,"New Concept Energy, Inc.",3.69M,0,-,-,-,-,-,-,-20.14%,-
NCRA,"Nocera, Inc.",3.67M,-,-,-,-,-,-,-,-,-
CDTG,CDT Environmental Technology Investment Holdings Limited,3.67M,-,-,-,-,-,-,-,-,-
ZCMD,Zhongchao Inc.,3.59M,-,-,-,-,-,-,-,-,-
VNRX,VolitionRx Limited,3.53M,-,-,-,-,-,-,-,-,-
BOXL,Boxlight Corporation,3.50M,-,-,-,-,-,-,-,-,-
APVO,Aptevo Therapeutics Inc.,3.49M,-,-,-,-,-,-,-,-,-
ABTS,Abits Group Inc.,3.49M,-,-,-,-,-,-,-,-,-
CETX,"Cemtrex, Inc.",3.44M,0,-,-,-,-,-,-,-,-
SNES,"SenesTech, Inc.",3.43M,-,-,-,-,-,-,-,-,-
PRFX,PRF Technologies Ltd.,3.43M,-,-,-,-,-,-,-,-,-
CYAB,"Cyabra, Inc.",3.41M,-,-,-,-,-,-,-,-,-
FMFC,Kandal M Venture Limited,3.40M,-,-,-,-,-,-,-,-,-
TOPP,Toppoint Holdings Inc.,3.37M,-,-,-,-,-,-,-,-,-
HCWB,HCW Biologics Inc.,3.36M,-,-,-,-,-,-,-,-,-
REVB,"Revelation Biosciences, Inc.",3.36M,-,-,-,-,-,-,-,-,-
DKI,Darkiris Inc.,3.36M,-,-,-,-,-,-,-,-,-
SGLY,Singularity Future Technology Ltd.,3.35M,-,-,-,-,-,-,-,-,-
RMSG,Real Messenger Corporation,3.33M,-,-,-,-,-,-,-,-,-
ICON,Icon Energy Corp.,3.31M,47.00,"5,136.61%",-,-,-,-,2,-,-
CAPS,Capstone Holding Corp.,3.30M,-,-,-,-,-,-,-,-,-
JUNS,"Jupiter Neurosciences, Inc.",3.30M,-,-,-,-,-,-,-,-,-
PPCB,"Propanc Biopharma, Inc.",3.29M,-,-,-,-,-,-,-,-,-
BTTC,Black Titan Corporation,3.24M,-,-,-,-,-,-,-,-,-
VIVS,"VivoSim Labs, Inc.",3.24M,-,-,-,-,-,-,-,-,-
FCUV,Focus Universal Inc.,3.20M,-,-,-,-,-,-,-,-,-
GOVX,"GeoVax Labs, Inc.",3.20M,-,-,-,-,-,-,-,-,-
SBFM,"Sunshine Biopharma, Inc.",3.17M,-,-,-,-,-,-,-,-,-
NXL,"Nexalin Technology, Inc.",3.14M,-,-,-,-,-,-,-,-,-
ADXN,Addex Therapeutics Ltd,3.13M,-,-,-,-,-,-,-,-,-
LXEH,"Lixiang Education Holding Co., Ltd.",3.11M,-,-,-,-,-,-,-,-,-
RDHL,RedHill Biopharma Ltd.,3.08M,-,-,-,-,-,-,-,-,-
MKZR,"MacKenzie Realty Capital, Inc.",3.08M,0,-,-,-,-,-,3,-,-
HTCR,"HeartCore Enterprises, Inc.",3.08M,2.60,128.08%,88.34%,225.00%,Annual,1,2,-,-
IZM,ICZOOM Group Inc.,3.05M,-,-,-,-,-,-,-,-,-
MASK,3 E Network Technology Group Limited,3.04M,-,-,-,-,-,-,-,-,-
ZBAO,Zhibao Technology Inc.,3.01M,-,-,-,-,-,-,-,-,-
ISPC,iSpecimen Inc.,3.00M,-,-,-,-,-,-,-,-,-
MNDR,Mobile-health Network Solutions,2.99M,-,-,-,-,-,-,-,-,-
BRTX,"BioRestorative Therapies, Inc.",2.93M,-,-,-,-,-,-,-,-,-
RDGT,"Ridgetech, Inc.",2.93M,-,-,-,-,-,-,-,-,-
TGL,Treasure Global Inc.,2.91M,-,-,-,-,-,-,-,-,-
OCG,Oriental Culture Holding LTD,2.87M,0,-,-,-,-,-,1,-,-
SPRC,SciSparc Ltd.,2.86M,-,-,-,-,-,-,-,-,-
NXAT,Nexus Advanced Technologies Inc.,2.81M,-,-,-,-,-,-,-,-,-
NUWE,"Nuwellis, Inc.",2.78M,-,-,-,-,-,-,-,-,-
ELPW,Elong Power Holding Limited,2.76M,-,-,-,-,-,-,-,-,-
RIME,"Algorhythm Holdings, Inc.",2.72M,-,-,-,-,-,-,-,-,-
VVOS,"Vivos Therapeutics, Inc.",2.72M,-,-,-,-,-,-,-,-,-
LABT,"Lakewood-Amedex Biotherapeutics, Inc.",2.69M,-,-,-,-,-,-,-,-,-
AGMH,AGM Group Holdings Inc.,2.68M,-,-,-,-,-,-,-,-,-
CMND,Clearmind Medicine Inc.,2.67M,-,-,-,-,-,-,-,-,-
AMZE,"Amaze Holdings, Inc.",2.66M,-,-,-,-,-,-,-,-,-
HUBC,HUB Cyber Security Ltd.,2.66M,-,-,-,-,-,-,-,-,-
SILO,"Silo Pharma, Inc.",2.65M,-,-,-,-,-,-,-,-,-
EZRA,"Reliance Global Group, Inc.",2.65M,0,-,-,-,-,-,1,-,-
ONFO,"Onfolio Holdings, Inc.",2.62M,-,-,-,-,-,-,-,-,-
CIIT,"Tianci International, Inc.",2.60M,-,-,-,-,-,-,-,-,-
CHSN,Chanson International Holding,2.60M,-,-,-,-,-,-,-,-,-
TCRT,"Alaunos Therapeutics, Inc.",2.59M,-,-,-,-,-,-,-,-,-
VSME,VS MEDIA Holdings Limited,2.59M,-,-,-,-,-,-,-,-,-
HKPD,"Cellyan Biotechnology Co., Ltd",2.56M,-,-,-,-,-,-,-,-,-
XAIR,"Beyond Air, Inc.",2.56M,-,-,-,-,-,-,-,-,-
JEM,707 Cayman Holdings Limited,2.54M,-,-,-,-,-,-,-,-,-
ALP,Alpha Compute Corp,2.53M,-,-,-,-,-,-,-,-,-
BKYI,"BIO-key International, Inc.",2.51M,-,-,-,-,-,-,-,-,-
PW,Power REIT,2.50M,0,-,-,-,-,-,-,-7.17%,-5.11%
MTNB,"Matinas BioPharma Holdings, Inc.",2.47M,-,-,-,-,-,-,-,-,-
PARA,"Banzai International, Inc.",2.42M,0,-,-,-,-,-,20,-40.72%,-25.98%
PMAX,Powell Max Limited,2.42M,-,-,-,-,-,-,-,-,-
ITP,"IT Tech Packaging, Inc.",2.41M,0,-,-,-,-,-,-,-,-
VBIO,"Valion Bio, Inc.",2.41M,-,-,-,-,-,-,-,-,-
EDBL,Edible Garden AG Incorporated,2.38M,-,-,-,-,-,-,-,-,-
ARTL,"Artelo Biosciences, Inc.",2.37M,-,-,-,-,-,-,-,-,-
FLYE,"Fly-E Group, Inc.",2.33M,-,-,-,-,-,-,-,-,-
IPST,"IP Strategy Holdings, Inc.",2.32M,-,-,-,-,-,-,-,-,-
GSUN,Golden Sun Technology Group Limited,2.31M,-,-,-,-,-,-,-,-,-
KITT,"Nauticus Robotics, Inc.",2.30M,-,-,-,-,-,-,-,-,-
GNPX,"Genprex, Inc.",2.28M,-,-,-,-,-,-,-,-,-
EZGO,EZGO Technologies Ltd.,2.26M,-,-,-,-,-,-,-,-,-
LESL,"Leslie's, Inc.",2.25M,-,-,-,-,-,-,-,-,-
PAVS,Paranovus Entertainment Technology Ltd.,2.25M,0,-,-,-,-,-,-,-,-
AKAN,Akanda Corp.,2.20M,-,-,-,-,-,-,-,-,-
ATPC,Agape ATP Corporation,2.20M,-,-,-,-,-,-,-,-,-
KIDZ,KIDZ AI Inc.,2.19M,-,-,-,-,-,-,-,-,-
CHGA,Change Agents Corporation,2.14M,-,-,-,-,-,-,-,-,-
VTAK,"Catheter Precision, Inc.",2.14M,-,-,-,-,-,-,-,-,-
OGEN,"Oragenics, Inc.",2.11M,-,-,-,-,-,-,-,-,-
NXTS,Nexentis Technologies Inc.,2.11M,-,-,-,-,-,-,-,-,-
JAGX,"Jaguar Health, Inc.",2.06M,-,-,-,-,-,-,-,-,-
CSAI,Cloudastructure Inc.,2.05M,-,-,-,-,-,-,-,-,-
CCTG,CCSC Technology International Holdings Limited,2.03M,-,-,-,-,-,-,-,-,-
TNON,"Tenon Medical, Inc.",1.91M,-,-,-,-,-,-,-,-,-
GNLN,"Greenlane Holdings, Inc.",1.90M,-,-,-,-,-,-,-,-,-
BYAH,"Park Ha Biological Technology Co., Ltd.",1.88M,-,-,-,-,-,-,-,-,-
RAYA,Erayak Power Solution Group Inc.,1.88M,-,-,-,-,-,-,-,-,-
FAMI,"Farmmi, Inc.",1.85M,-,-,-,-,-,-,-,-,-
VRAX,Virax Biolabs Group Limited,1.83M,-,-,-,-,-,-,-,-,-
SQFT,"Presidio Property Trust, Inc.",1.82M,0,-,-,-,-,-,-,-,-
PWCM,"PowerCompute, Inc.",1.81M,-,-,-,-,-,-,-,-,-
IPDN,"Professional Diversity Network, Inc.",1.81M,-,-,-,-,-,-,-,-,-
FRGT,"Freight Technologies, Inc.",1.81M,-,-,-,-,-,-,-,-,-
LNKS,Linkers Industries Limited,1.73M,-,-,-,-,-,-,-,-,-
IMTE,Integrated Media Technology Limited,1.72M,-,-,-,-,-,-,-,-,-
NXGL,"NEXGEL, Inc.",1.71M,-,-,-,-,-,-,-,-,-
CRIS,"Curis, Inc.",1.70M,-,-,-,-,-,-,-,-,-
SSM,Sono Group N.V.,1.70M,-,-,-,-,-,-,-,-,-
IBG,Innovation Beverage Group Limited,1.70M,-,-,-,-,-,-,-,-,-
YHC,LQR House Inc.,1.68M,-,-,-,-,-,-,-,-,-
DXF,Eason Technology Limited,1.59M,-,-,-,-,-,-,-,-,-
DCOY,Decoy Therapeutics Inc.,1.53M,-,-,-,-,-,-,-,-,-
SDST,Stardust Power Inc.,1.53M,-,-,-,-,-,-,-,-,-
GCTK,"GlucoTrack, Inc.",1.46M,-,-,-,-,-,-,-,-,-
IPW,iPower Inc.,1.44M,-,-,-,-,-,-,-,-,-
LBGJ,Li Bang International Corporation Inc.,1.43M,-,-,-,-,-,-,-,-,-
MYSZ,"My Size, Inc.",1.41M,-,-,-,-,-,-,-,-,-
MSS,Maison Solutions Inc.,1.39M,-,-,-,-,-,-,-,-,-
TNMG,TNL Mediagene,1.38M,-,-,-,-,-,-,-,-,-
RBNE,Robin Energy Ltd.,1.37M,-,-,-,-,-,-,-,-,-
WETO,Wetour Robotics Limited,1.37M,-,-,-,-,-,-,-,-,-
OLOX,Olenox Industries Inc.,1.37M,-,-,-,-,-,-,-,-,-
LRHC,La Rosa Holdings Corp.,1.37M,-,-,-,-,-,-,-,-,-
BBLG,Bone Biologics Corporation,1.35M,-,-,-,-,-,-,-,-,-
SLXN,Silexion Therapeutics Corp,1.35M,-,-,-,-,-,-,-,-,-
SHFS,"SHF Holdings, Inc.",1.35M,-,-,-,-,-,-,-,-,-
SGRX,Sangrix Inc.,1.29M,-,-,-,-,-,-,-,-,-
FCHL,Fitness Champs Holdings Limited,1.29M,-,-,-,-,-,-,-,-,-
HLSQ,Tessera Defense and Homeland Security Inc.,1.29M,-,-,-,-,-,-,-,-,-
SUGP,SU Group Holdings Limited,1.24M,-,-,-,-,-,-,-,-,-
DRCT,"Direct Digital Holdings, Inc.",1.21M,-,-,-,-,-,-,-,-,-
RETO,"ReTo Eco-Solutions, Inc.",1.16M,-,-,-,-,-,-,-,-,-
EDVA,"Endovia Health Sciences, Inc.",1.14M,-,-,-,-,-,-,-,-,-
OMH,Ohmyhome Limited,1.11M,-,-,-,-,-,-,-,-,-
CDT,CDT Equity Inc.,1.08M,-,-,-,-,-,-,-,-,-
PFSA,"Profusa, Inc.",1.06M,-,-,-,-,-,-,-,-,-
JZ,Jianzhi Education Technology Group Company Limited,1.03M,-,-,-,-,-,-,-,-,-
LGCL,Lucas GC Limited,1.01M,-,-,-,-,-,-,-,-,-
VCIG,VCI Global Limited,1.01M,0,-,-,-,-,-,-,-,-
SMTK,"SmartKem, Inc.",989.23K,-,-,-,-,-,-,-,-,-
UK,Ucommune International Ltd,929.41K,-,-,-,-,-,-,-,-,-
NEXR,Nexera Technologies Ltd,864.07K,-,-,-,-,-,-,-,-,-
YMT,Yimutian Inc.,841.15K,-,-,-,-,-,-,-,-,-
SCNI,Scinai Immunotherapeutics Ltd.,837.93K,-,-,-,-,-,-,-,-,-
NIVF,NewGenIvf Group Limited,802.35K,-,-,-,-,-,-,-,-,-
GIPR,"Generation Income Properties, Inc.",762.95K,0,-,-,-,-,-,-,67.27%,-
RKDA,"Arcadia Biosciences, Inc.",723.49K,-,-,-,-,-,-,-,-,-
BDRX,Biodexa Pharmaceuticals Plc,696.99K,-,-,-,-,-,-,-,-,-
RUBI,Rubico Inc.,683.66K,-,-,-,-,-,-,-,-,-
XXII,"22nd Century Group, Inc.",681.61K,-,-,-,-,-,-,-,-,-
NCT,Intercont (Cayman) Limited,657.63K,-,-,-,-,-,-,-,-,-
JZXN,"Jiuzi Holdings, Inc.",579.42K,-,-,-,-,-,-,-,-,-
MI,NFT Limited,542.00K,-,-,-,-,-,-,-,-,-
TRUG,"TruGolf Holdings, Inc.",500.16K,-,-,-,-,-,-,-,-,-
WHLR,"Wheeler Real Estate Investment Trust, Inc.",365.86K,0,-,-,-,-,-,-,36.68%,-
INLF,INLIF Limited,356.20K,-,-,-,-,-,-,-,-,-
CISS,C3is Inc.,341.78K,-,-,-,-,-,-,-,-,-
GMEX,GMEX Robotics Corporation,312.11K,0,-,-,-,-,-,1,-,-
LGHL,Lion Group Holding Ltd.,271.33K,-,-,-,-,-,-,-,-,-
ZNB,Zeta Network Group,268.54K,-,-,-,-,-,-,-,-,-
AIXI,Xiao-I Corporation,209.76K,-,-,-,-,-,-,-,-,-
CTNT,Cheetah Net Supply Chain Service Inc.,76.35K,-,-,-,-,-,-,-,-,-
FGL,Founder Group Limited,48.69K,-,-,-,-,-,-,-,-,-
CLYD,"Clywedog Therapeutics, Inc.",-,-,-,-,-,-,-,-,-,-
SBDS,"Solo Brands, Inc.",-,-,-,-,-,-,-,-,-,-
SLAI,BIT Mining Limited,-,-,-,-,-,-,-,-,-,-
VCIG,VCI Global Limited,1.01M,0,-,-,-,-,-,-,-,-
SMTK,"SmartKem, Inc.",989.23K,-,-,-,-,-,-,-,-,-
UK,Ucommune International Ltd,929.41K,-,-,-,-,-,-,-,-,-
NEXR,Nexera Technologies Ltd,864.07K,-,-,-,-,-,-,-,-,-
YMT,Yimutian Inc.,841.15K,-,-,-,-,-,-,-,-,-
SCNI,Scinai Immunotherapeutics Ltd.,837.93K,-,-,-,-,-,-,-,-,-
NIVF,NewGenIvf Group Limited,802.35K,-,-,-,-,-,-,-,-,-
GIPR,"Generation Income Properties, Inc.",762.95K,0,-,-,-,-,-,-,67.27%,-
RKDA,"Arcadia Biosciences, Inc.",723.49K,-,-,-,-,-,-,-,-,-
BDRX,Biodexa Pharmaceuticals Plc,696.99K,-,-,-,-,-,-,-,-,-
RUBI,Rubico Inc.,683.66K,-,-,-,-,-,-,-,-,-
XXII,"22nd Century Group, Inc.",681.61K,-,-,-,-,-,-,-,-,-
NCT,Intercont (Cayman) Limited,657.63K,-,-,-,-,-,-,-,-,-
JZXN,"Jiuzi Holdings, Inc.",579.42K,-,-,-,-,-,-,-,-,-
MI,NFT Limited,542.00K,-,-,-,-,-,-,-,-,-
TRUG,"TruGolf Holdings, Inc.",500.16K,-,-,-,-,-,-,-,-,-
WHLR,"Wheeler Real Estate Investment Trust, Inc.",365.86K,0,-,-,-,-,-,-,36.68%,-
INLF,INLIF Limited,356.20K,-,-,-,-,-,-,-,-,-
CISS,C3is Inc.,341.78K,-,-,-,-,-,-,-,-,-
GMEX,GMEX Robotics Corporation,312.11K,0,-,-,-,-,-,1,-,-
LGHL,Lion Group Holding Ltd.,271.33K,-,-,-,-,-,-,-,-,-
ZNB,Zeta Network Group,268.54K,-,-,-,-,-,-,-,-,-
AIXI,Xiao-I Corporation,209.76K,-,-,-,-,-,-,-,-,-
CTNT,Cheetah Net Supply Chain Service Inc.,76.35K,-,-,-,-,-,-,-,-,-
FGL,Founder Group Limited,48.69K,-,-,-,-,-,-,-,-,-
CLYD,"Clywedog Therapeutics, Inc.",-,-,-,-,-,-,-,-,-,-
SBDS,"Solo Brands, Inc.",-,-,-,-,-,-,-,-,-,-
SLAI,BIT Mining Limited,-,-,-,-,-,-,-,-,-,-
VCIG,VCI Global Limited,1.01M,0,-,-,-,-,-,-,-,-
SMTK,"SmartKem, Inc.",989.23K,-,-,-,-,-,-,-,-,-
UK,Ucommune International Ltd,929.41K,-,-,-,-,-,-,-,-,-
NEXR,Nexera Technologies Ltd,864.07K,-,-,-,-,-,-,-,-,-
YMT,Yimutian Inc.,841.15K,-,-,-,-,-,-,-,-,-
SCNI,Scinai Immunotherapeutics Ltd.,837.93K,-,-,-,-,-,-,-,-,-
NIVF,NewGenIvf Group Limited,802.35K,-,-,-,-,-,-,-,-,-
GIPR,"Generation Income Properties, Inc.",762.95K,0,-,-,-,-,-,-,67.27%,-
RKDA,"Arcadia Biosciences, Inc.",723.49K,-,-,-,-,-,-,-,-,-
BDRX,Biodexa Pharmaceuticals Plc,696.99K,-,-,-,-,-,-,-,-,-
RUBI,Rubico Inc.,683.66K,-,-,-,-,-,-,-,-,-
XXII,"22nd Century Group, Inc.",681.61K,-,-,-,-,-,-,-,-,-
NCT,Intercont (Cayman) Limited,657.63K,-,-,-,-,-,-,-,-,-
JZXN,"Jiuzi Holdings, Inc.",579.42K,-,-,-,-,-,-,-,-,-
MI,NFT Limited,542.00K,-,-,-,-,-,-,-,-,-
TRUG,"TruGolf Holdings, Inc.",500.16K,-,-,-,-,-,-,-,-,-
WHLR,"Wheeler Real Estate Investment Trust, Inc.",365.86K,0,-,-,-,-,-,-,36.68%,-
INLF,INLIF Limited,356.20K,-,-,-,-,-,-,-,-,-
CISS,C3is Inc.,341.78K,-,-,-,-,-,-,-,-,-
GMEX,GMEX Robotics Corporation,312.11K,0,-,-,-,-,-,1,-,-
LGHL,Lion Group Holding Ltd.,271.33K,-,-,-,-,-,-,-,-,-
ZNB,Zeta Network Group,268.54K,-,-,-,-,-,-,-,-,-
AIXI,Xiao-I Corporation,209.76K,-,-,-,-,-,-,-,-,-
CTNT,Cheetah Net Supply Chain Service Inc.,76.35K,-,-,-,-,-,-,-,-,-
FGL,Founder Group Limited,48.69K,-,-,-,-,-,-,-,-,-
CLYD,"Clywedog Therapeutics, Inc.",-,-,-,-,-,-,-,-,-,-
SBDS,"Solo Brands, Inc.",-,-,-,-,-,-,-,-,-,-
SLAI,BIT Mining Limited,-,-,-,-,-,-,-,-,-,-
